L,N,perm_kind,perm_idx,baseline,n_ancillas,total_qubits,cnot_depth,total_2q_gates,total_cnots,total_idle_slots,spacetime_volume,p_2q,p_idle,mult_fidelity,stim_fidelity,stim_shots
4,16,reverse,0,1d,0,16,96,96,96,1344,1536,0.001,0.0001,0.7941723685257257,0.846,1000
4,16,reverse,0,1d,0,16,96,96,96,1344,1536,0.0001,1e-05,0.9772228592875803,0.984,1000
4,16,reverse,0,1d,0,16,96,96,96,1344,1536,1e-05,1.0000000000000002e-06,0.9976986467112683,0.997,1000
4,16,reverse,0,ancilla,4,20,214,214,214,3852,4280,0.001,0.0001,0.5491814771239987,0.667,1000
4,16,reverse,0,ancilla,4,20,214,214,214,3852,4280,0.0001,1e-05,0.9418386885261518,0.954,1000
4,16,reverse,0,ancilla,4,20,214,214,214,3852,4280,1e-05,1.0000000000000002e-06,0.9940259036787126,0.997,1000
4,16,reverse,0,primitive,0,16,282,282,282,3948,4512,0.001,0.0001,0.5081590268627469,0.616,1000
4,16,reverse,0,primitive,0,16,282,282,282,3948,4512,0.0001,1e-05,0.9345579824693747,0.944,1000
4,16,reverse,0,primitive,0,16,282,282,282,3948,4512,1e-05,1.0000000000000002e-06,0.9932548353645633,0.997,1000
4,16,reverse,0,pipelined,0,16,258,258,258,3612,4128,0.001,0.0001,0.5382957507554986,0.63,1000
4,16,reverse,0,pipelined,0,16,258,258,258,3612,4128,0.0001,1e-05,0.9399566980465841,0.964,1000
4,16,reverse,0,pipelined,0,16,258,258,258,3612,4128,1e-05,1.0000000000000002e-06,0.9938271163100035,0.998,1000
4,16,transpose,0,1d,0,16,60,60,60,840,960,0.001,0.0001,0.8658581176319928,0.902,1000
4,16,transpose,0,1d,0,16,60,60,60,840,960,0.0001,1e-05,0.9857028469920583,0.991,1000
4,16,transpose,0,1d,0,16,60,60,60,840,960,1e-05,1.0000000000000002e-06,0.9985610328873947,0.998,1000
4,16,transpose,0,ancilla,4,20,202,202,202,3636,4040,0.001,0.0001,0.5679515014963873,0.662,1000
4,16,transpose,0,ancilla,4,20,202,202,202,3636,4040,0.0001,1e-05,0.9450086558805532,0.959,1000
4,16,transpose,0,ancilla,4,20,202,202,202,3636,4040,1e-05,1.0000000000000002e-06,0.9943599532034243,0.997,1000
4,16,transpose,0,primitive,0,16,270,270,270,3780,4320,0.001,0.0001,0.523010367840128,0.636,1000
4,16,transpose,0,primitive,0,16,270,270,270,3780,4320,0.0001,1e-05,0.9372534530931272,0.938,1000
4,16,transpose,0,primitive,0,16,270,270,270,3780,4320,1e-05,1.0000000000000002e-06,0.9935409346329578,0.997,1000
4,16,transpose,0,pipelined,0,16,246,246,246,3444,3936,0.001,0.0001,0.5540278608205325,0.642,1000
4,16,transpose,0,pipelined,0,16,246,246,246,3444,3936,0.0001,1e-05,0.942667739752621,0.951,1000
4,16,transpose,0,pipelined,0,16,246,246,246,3444,3936,1e-05,1.0000000000000002e-06,0.9941133804194379,0.995,1000
4,16,random,0,1d,0,16,47,47,47,658,752,0.001,0.0001,0.8933053619390866,0.932,1000
4,16,random,0,1d,0,16,47,47,47,658,752,0.0001,1e-05,0.9887831157541451,0.997,1000
4,16,random,0,1d,0,16,47,47,47,658,752,1e-05,1.0000000000000002e-06,0.9988726332768468,0.999,1000
4,16,random,0,ancilla,4,20,189,189,189,3402,3780,0.001,0.0001,0.5890103200472968,0.689,1000
4,16,random,0,ancilla,4,20,189,189,189,3402,3780,0.0001,1e-05,0.9484548282349411,0.968,1000
4,16,random,0,ancilla,4,20,189,189,189,3402,3780,1e-05,1.0000000000000002e-06,0.9947219668717043,0.996,1000
4,16,random,0,primitive,0,16,257,257,257,3598,4112,0.001,0.0001,0.5395895198385068,0.683,1000
4,16,random,0,primitive,0,16,257,257,257,3598,4112,0.0001,1e-05,0.9401823200863904,0.953,1000
4,16,random,0,primitive,0,16,257,257,257,3598,4112,1e-05,1.0000000000000002e-06,0.9938509685036698,0.993,1000
4,16,random,0,pipelined,0,16,233,233,233,3262,3728,0.001,0.0001,0.571590250938749,0.69,1000
4,16,random,0,pipelined,0,16,233,233,233,3262,3728,0.0001,1e-05,0.9456135261025818,0.95,1000
4,16,random,0,pipelined,0,16,233,233,233,3262,3728,1e-05,1.0000000000000002e-06,0.9944235929215245,0.998,1000
4,16,random,1,1d,0,16,57,57,57,798,912,0.001,0.0001,0.8721162852842999,0.908,1000
4,16,random,1,1d,0,16,57,57,57,798,912,0.0001,1e-05,0.9864128254660579,0.987,1000
4,16,random,1,1d,0,16,57,57,57,798,912,1e-05,1.0000000000000002e-06,0.9986329320408632,1.0,1000
4,16,random,1,ancilla,4,20,193,193,193,3474,3860,0.001,0.0001,0.5824488342838029,0.684,1000
4,16,random,1,ancilla,4,20,193,193,193,3474,3860,0.0001,1e-05,0.9473931311164023,0.956,1000
4,16,random,1,ancilla,4,20,193,193,193,3474,3860,1e-05,1.0000000000000002e-06,0.9946105640153466,1.0,1000
4,16,random,1,primitive,0,16,261,261,261,3654,4176,0.001,0.0001,0.5344330261262318,0.633,1000
4,16,random,1,primitive,0,16,261,261,261,3654,4176,0.0001,1e-05,0.9392801567396629,0.961,1000
4,16,random,1,primitive,0,16,261,261,261,3654,4176,1e-05,1.0000000000000002e-06,0.9937555631636331,0.997,1000
4,16,random,1,pipelined,0,16,237,237,237,3318,3792,0.001,0.0001,0.566127947786817,0.697,1000
4,16,random,1,pipelined,0,16,237,237,237,3318,3792,0.0001,1e-05,0.9447061511762578,0.965,1000
4,16,random,1,pipelined,0,16,237,237,237,3318,3792,1e-05,1.0000000000000002e-06,0.9943281326120518,0.997,1000
4,16,random,2,1d,0,16,69,69,69,966,1104,0.001,0.0001,0.8473517736778242,0.886,1000
4,16,random,2,1d,0,16,69,69,69,966,1104,0.0001,1e-05,0.983575976175013,0.993,1000
4,16,random,2,1d,0,16,69,69,69,966,1104,1e-05,1.0000000000000002e-06,0.9983453664848884,1.0,1000
4,16,random,2,ancilla,4,20,197,197,197,3546,3940,0.001,0.0001,0.5759604424780196,0.65,1000
4,16,random,2,ancilla,4,20,197,197,197,3546,3940,0.0001,1e-05,0.9463326224580177,0.955,1000
4,16,random,2,ancilla,4,20,197,197,197,3546,3940,1e-05,1.0000000000000002e-06,0.9944991736354364,0.998,1000
4,16,random,2,primitive,0,16,265,265,265,3710,4240,0.001,0.0001,0.5293258095522759,0.632,1000
4,16,random,2,primitive,0,16,265,265,265,3710,4240,0.0001,1e-05,0.9383788590747152,0.945,1000
4,16,random,2,primitive,0,16,265,265,265,3710,4240,1e-05,1.0000000000000002e-06,0.9936601669820911,0.993,1000
4,16,random,2,pipelined,0,16,241,241,241,3374,3856,0.001,0.0001,0.5607178441881042,0.657,1000
4,16,random,2,pipelined,0,16,241,241,241,3374,3856,0.0001,1e-05,0.943799646932548,0.953,1000
4,16,random,2,pipelined,0,16,241,241,241,3374,3856,1e-05,1.0000000000000002e-06,0.9942326814663506,0.996,1000
4,16,random,3,1d,0,16,65,65,65,910,1040,0.001,0.0001,0.855527473680359,0.897,1000
4,16,random,3,1d,0,16,65,65,65,910,1040,0.0001,1e-05,0.9845206849374198,0.989,1000
4,16,random,3,1d,0,16,65,65,65,910,1040,1e-05,1.0000000000000002e-06,0.9984412124682409,0.998,1000
4,16,random,3,ancilla,4,20,195,195,195,3510,3900,0.001,0.0001,0.5791955527409597,0.669,1000
4,16,random,3,ancilla,4,20,195,195,195,3510,3900,0.0001,1e-05,0.946862728312873,0.957,1000
4,16,random,3,ancilla,4,20,195,195,195,3510,3900,1e-05,1.0000000000000002e-06,0.9945548672659229,0.998,1000
4,16,random,3,primitive,0,16,263,263,263,3682,4208,0.001,0.0001,0.53187328773472,0.658,1000
4,16,random,3,primitive,0,16,263,263,263,3682,4208,0.0001,1e-05,0.9388293997489026,0.955,1000
4,16,random,3,primitive,0,16,263,263,263,3682,4208,1e-05,1.0000000000000002e-06,0.9937078639281052,0.99,1000
4,16,random,3,pipelined,0,16,239,239,239,3346,3824,0.001,0.0001,0.5634164023328214,0.657,1000
4,16,random,3,pipelined,0,16,239,239,239,3346,3824,0.0001,1e-05,0.944252790271312,0.951,1000
4,16,random,3,pipelined,0,16,239,239,239,3346,3824,1e-05,1.0000000000000002e-06,0.9942804058937847,0.996,1000
4,16,random,4,1d,0,16,49,49,49,686,784,0.001,0.0001,0.8890267565413755,0.926,1000
4,16,random,4,1d,0,16,49,49,49,686,784,0.0001,1e-05,0.98830860248079,0.992,1000
4,16,random,4,1d,0,16,49,49,49,686,784,1e-05,1.0000000000000002e-06,0.998824688427265,1.0,1000
4,16,random,4,ancilla,4,20,195,195,195,3510,3900,0.001,0.0001,0.5791955527409597,0.679,1000
4,16,random,4,ancilla,4,20,195,195,195,3510,3900,0.0001,1e-05,0.946862728312873,0.958,1000
4,16,random,4,ancilla,4,20,195,195,195,3510,3900,1e-05,1.0000000000000002e-06,0.9945548672659229,0.992,1000
4,16,random,4,primitive,0,16,263,263,263,3682,4208,0.001,0.0001,0.53187328773472,0.622,1000
4,16,random,4,primitive,0,16,263,263,263,3682,4208,0.0001,1e-05,0.9388293997489026,0.963,1000
4,16,random,4,primitive,0,16,263,263,263,3682,4208,1e-05,1.0000000000000002e-06,0.9937078639281052,0.995,1000
4,16,random,4,pipelined,0,16,239,239,239,3346,3824,0.001,0.0001,0.5634164023328214,0.649,1000
4,16,random,4,pipelined,0,16,239,239,239,3346,3824,0.0001,1e-05,0.944252790271312,0.948,1000
4,16,random,4,pipelined,0,16,239,239,239,3346,3824,1e-05,1.0000000000000002e-06,0.9942804058937847,0.996,1000
4,16,random,5,1d,0,16,46,46,46,644,736,0.001,0.0001,0.8954523802971921,0.921,1000
4,16,random,5,1d,0,16,46,46,46,644,736,0.0001,1e-05,0.9890204578189083,0.99,1000
4,16,random,5,1d,0,16,46,46,46,644,736,1e-05,1.0000000000000002e-06,0.9988966065646608,0.998,1000
4,16,random,5,ancilla,4,20,194,194,194,3492,3880,0.001,0.0001,0.5808199157366549,0.693,1000
4,16,random,5,ancilla,4,20,194,194,194,3492,3880,0.0001,1e-05,0.9471278925856592,0.971,1000
4,16,random,5,ancilla,4,20,194,194,194,3492,3880,1e-05,1.0000000000000002e-06,0.9945827152507567,0.995,1000
4,16,random,5,primitive,0,16,262,262,262,3668,4192,0.001,0.0001,0.5331516207231995,0.635,1000
4,16,random,5,primitive,0,16,262,262,262,3668,4192,0.0001,1e-05,0.939054751198221,0.948,1000
4,16,random,5,primitive,0,16,262,262,262,3668,4192,1e-05,1.0000000000000002e-06,0.9937317132596731,0.998,1000
4,16,random,5,pipelined,0,16,238,238,238,3332,3808,0.001,0.0001,0.5647705477467038,0.653,1000
4,16,random,5,pipelined,0,16,238,238,238,3332,3808,0.0001,1e-05,0.9444794435214846,0.965,1000
4,16,random,5,pipelined,0,16,238,238,238,3332,3808,1e-05,1.0000000000000002e-06,0.9943042689665572,0.995,1000
4,16,random,6,1d,0,16,62,62,62,868,992,0.001,0.0001,0.8617109744784909,0.902,1000
4,16,random,6,1d,0,16,62,62,62,868,992,0.0001,1e-05,0.9852298119280192,0.985,1000
4,16,random,6,1d,0,16,62,62,62,868,992,1e-05,1.0000000000000002e-06,0.9985131029943082,1.0,1000
4,16,random,6,ancilla,4,20,196,196,196,3528,3920,0.001,0.0001,0.5775757325563327,0.707,1000
4,16,random,6,ancilla,4,20,196,196,196,3528,3920,0.0001,1e-05,0.946597638277254,0.968,1000
4,16,random,6,ancilla,4,20,196,196,196,3528,3920,1e-05,1.0000000000000002e-06,0.9945270200608234,0.999,1000
4,16,random,6,primitive,0,16,264,264,264,3696,4224,0.001,0.0001,0.5305980197940917,0.632,1000
4,16,random,6,primitive,0,16,264,264,264,3696,4224,0.0001,1e-05,0.9386041023787265,0.958,1000
4,16,random,6,primitive,0,16,264,264,264,3696,4224,1e-05,1.0000000000000002e-06,0.9936840151689158,0.996,1000
4,16,random,6,pipelined,0,16,240,240,240,3360,3840,0.001,0.0001,0.562065503741581,0.651,1000
4,16,random,6,pipelined,0,16,240,240,240,3360,3840,0.0001,1e-05,0.9440261914126841,0.964,1000
4,16,random,6,pipelined,0,16,240,240,240,3360,3840,1e-05,1.0000000000000002e-06,0.9942565433937205,0.995,1000
4,16,random,7,1d,0,16,46,46,46,644,736,0.001,0.0001,0.8954523802971921,0.915,1000
4,16,random,7,1d,0,16,46,46,46,644,736,0.0001,1e-05,0.9890204578189083,0.989,1000
4,16,random,7,1d,0,16,46,46,46,644,736,1e-05,1.0000000000000002e-06,0.9988966065646608,1.0,1000
4,16,random,7,ancilla,4,20,186,186,186,3348,3720,0.001,0.0001,0.5939798972755789,0.674,1000
4,16,random,7,ancilla,4,20,186,186,186,3348,3720,0.0001,1e-05,0.949251881801956,0.959,1000
4,16,random,7,ancilla,4,20,186,186,186,3348,3720,1e-05,1.0000000000000002e-06,0.9948055272024819,0.999,1000
4,16,random,7,primitive,0,16,254,254,254,3556,4064,0.001,0.0001,0.5434895140867706,0.663,1000
4,16,random,7,primitive,0,16,254,254,254,3556,4064,0.0001,1e-05,0.9408595112002571,0.962,1000
4,16,random,7,primitive,0,16,254,254,254,3556,4064,1e-05,1.0000000000000002e-06,0.9939225285194884,0.999,1000
4,16,random,7,pipelined,0,16,230,230,230,3220,3680,0.001,0.0001,0.5757215370535943,0.691,1000
4,16,random,7,pipelined,0,16,230,230,230,3220,3680,0.0001,1e-05,0.9462946291858328,0.957,1000
4,16,random,7,pipelined,0,16,230,230,230,3220,3680,1e-05,1.0000000000000002e-06,0.9944951941678836,0.998,1000
4,16,random,8,1d,0,16,53,53,53,742,848,0.001,0.0001,0.8805309264490453,0.907,1000
4,16,random,8,1d,0,16,53,53,53,742,848,0.0001,1e-05,0.9873602589761687,0.993,1000
4,16,random,8,1d,0,16,53,53,53,742,848,1e-05,1.0000000000000002e-06,0.9987288056318999,1.0,1000
4,16,random,8,ancilla,4,20,197,197,197,3546,3940,0.001,0.0001,0.5759604424780196,0.67,1000
4,16,random,8,ancilla,4,20,197,197,197,3546,3940,0.0001,1e-05,0.9463326224580177,0.962,1000
4,16,random,8,ancilla,4,20,197,197,197,3546,3940,1e-05,1.0000000000000002e-06,0.9944991736354364,0.995,1000
4,16,random,8,primitive,0,16,265,265,265,3710,4240,0.001,0.0001,0.5293258095522759,0.649,1000
4,16,random,8,primitive,0,16,265,265,265,3710,4240,0.0001,1e-05,0.9383788590747152,0.961,1000
4,16,random,8,primitive,0,16,265,265,265,3710,4240,1e-05,1.0000000000000002e-06,0.9936601669820911,0.995,1000
4,16,random,8,pipelined,0,16,241,241,241,3374,3856,0.001,0.0001,0.5607178441881042,0.642,1000
4,16,random,8,pipelined,0,16,241,241,241,3374,3856,0.0001,1e-05,0.943799646932548,0.955,1000
4,16,random,8,pipelined,0,16,241,241,241,3374,3856,1e-05,1.0000000000000002e-06,0.9942326814663506,1.0,1000
4,16,random,9,1d,0,16,60,60,60,840,960,0.001,0.0001,0.8658581176319928,0.893,1000
4,16,random,9,1d,0,16,60,60,60,840,960,0.0001,1e-05,0.9857028469920583,0.988,1000
4,16,random,9,1d,0,16,60,60,60,840,960,1e-05,1.0000000000000002e-06,0.9985610328873947,0.999,1000
4,16,random,9,ancilla,4,20,194,194,194,3492,3880,0.001,0.0001,0.5808199157366549,0.665,1000
4,16,random,9,ancilla,4,20,194,194,194,3492,3880,0.0001,1e-05,0.9471278925856592,0.968,1000
4,16,random,9,ancilla,4,20,194,194,194,3492,3880,1e-05,1.0000000000000002e-06,0.9945827152507567,0.997,1000
4,16,random,9,primitive,0,16,262,262,262,3668,4192,0.001,0.0001,0.5331516207231995,0.624,1000
4,16,random,9,primitive,0,16,262,262,262,3668,4192,0.0001,1e-05,0.939054751198221,0.956,1000
4,16,random,9,primitive,0,16,262,262,262,3668,4192,1e-05,1.0000000000000002e-06,0.9937317132596731,0.993,1000
4,16,random,9,pipelined,0,16,238,238,238,3332,3808,0.001,0.0001,0.5647705477467038,0.658,1000
4,16,random,9,pipelined,0,16,238,238,238,3332,3808,0.0001,1e-05,0.9444794435214846,0.971,1000
4,16,random,9,pipelined,0,16,238,238,238,3332,3808,1e-05,1.0000000000000002e-06,0.9943042689665572,0.997,1000
4,16,random,10,1d,0,16,65,65,65,910,1040,0.001,0.0001,0.855527473680359,0.91,1000
4,16,random,10,1d,0,16,65,65,65,910,1040,0.0001,1e-05,0.9845206849374198,0.992,1000
4,16,random,10,1d,0,16,65,65,65,910,1040,1e-05,1.0000000000000002e-06,0.9984412124682409,1.0,1000
4,16,random,10,ancilla,4,20,197,197,197,3546,3940,0.001,0.0001,0.5759604424780196,0.679,1000
4,16,random,10,ancilla,4,20,197,197,197,3546,3940,0.0001,1e-05,0.9463326224580177,0.973,1000
4,16,random,10,ancilla,4,20,197,197,197,3546,3940,1e-05,1.0000000000000002e-06,0.9944991736354364,0.996,1000
4,16,random,10,primitive,0,16,265,265,265,3710,4240,0.001,0.0001,0.5293258095522759,0.646,1000
4,16,random,10,primitive,0,16,265,265,265,3710,4240,0.0001,1e-05,0.9383788590747152,0.94,1000
4,16,random,10,primitive,0,16,265,265,265,3710,4240,1e-05,1.0000000000000002e-06,0.9936601669820911,0.993,1000
4,16,random,10,pipelined,0,16,241,241,241,3374,3856,0.001,0.0001,0.5607178441881042,0.671,1000
4,16,random,10,pipelined,0,16,241,241,241,3374,3856,0.0001,1e-05,0.943799646932548,0.959,1000
4,16,random,10,pipelined,0,16,241,241,241,3374,3856,1e-05,1.0000000000000002e-06,0.9942326814663506,0.998,1000
4,16,random,11,1d,0,16,64,64,64,896,1024,0.001,0.0001,0.8575836946212789,0.893,1000
4,16,random,11,1d,0,16,64,64,64,896,1024,0.0001,1e-05,0.9847570038717163,0.996,1000
4,16,random,11,1d,0,16,64,64,64,896,1024,1e-05,1.0000000000000002e-06,0.9984651754018067,1.0,1000
4,16,random,11,ancilla,4,20,198,198,198,3564,3960,0.001,0.0001,0.5743496698367975,0.646,1000
4,16,random,11,ancilla,4,20,198,198,198,3564,3960,0.0001,1e-05,0.9460676808343866,0.96,1000
4,16,random,11,ancilla,4,20,198,198,198,3564,3960,1e-05,1.0000000000000002e-06,0.99447132798974,0.999,1000
4,16,random,11,primitive,0,16,266,266,266,3724,4256,0.001,0.0001,0.5280566496778551,0.613,1000
4,16,random,11,primitive,0,16,266,266,266,3724,4256,0.0001,1e-05,0.9381536698238941,0.944,1000
4,16,random,11,primitive,0,16,266,266,266,3724,4256,1e-05,1.0000000000000002e-06,0.9936363193676174,0.994,1000
4,16,random,11,pipelined,0,16,242,242,242,3388,3872,0.001,0.0001,0.5593734159061786,0.667,1000
4,16,random,11,pipelined,0,16,242,242,242,3388,3872,0.0001,1e-05,0.9435731568178544,0.967,1000
4,16,random,11,pipelined,0,16,242,242,242,3388,3872,1e-05,1.0000000000000002e-06,0.9942088201116617,0.998,1000
4,16,random,12,1d,0,16,58,58,58,812,928,0.001,0.0001,0.8700252196775653,0.905,1000
4,16,random,12,1d,0,16,58,58,58,812,928,0.0001,1e-05,0.9861761091728263,0.989,1000
4,16,random,12,1d,0,16,58,58,58,812,928,1e-05,1.0000000000000002e-06,0.9986089650811769,0.998,1000
4,16,random,12,ancilla,4,20,190,190,190,3420,3800,0.001,0.0001,0.5873630511743726,0.677,1000
4,16,random,12,ancilla,4,20,190,190,190,3420,3800,0.0001,1e-05,0.9481892924643569,0.976,1000
4,16,random,12,ancilla,4,20,190,190,190,3420,3800,1e-05,1.0000000000000002e-06,0.9946941149878715,0.996,1000
4,16,random,12,primitive,0,16,258,258,258,3612,4128,0.001,0.0001,0.5382957507554986,0.643,1000
4,16,random,12,primitive,0,16,258,258,258,3612,4128,0.0001,1e-05,0.9399566980465841,0.949,1000
4,16,random,12,primitive,0,16,258,258,258,3612,4128,1e-05,1.0000000000000002e-06,0.9938271163100035,0.993,1000
4,16,random,12,pipelined,0,16,234,234,234,3276,3744,0.001,0.0001,0.5702197539820351,0.668,1000
4,16,random,12,pipelined,0,16,234,234,234,3276,3744,0.0001,1e-05,0.9453866006987856,0.962,1000
4,16,random,12,pipelined,0,16,234,234,234,3276,3744,1e-05,1.0000000000000002e-06,0.9943997269850047,0.992,1000
4,16,random,13,1d,0,16,30,30,30,420,480,0.001,0.0001,0.9305149744265231,0.947,1000
4,16,random,13,1d,0,16,30,30,30,420,480,0.0001,1e-05,0.9928256881205576,0.991,1000
4,16,random,13,1d,0,16,30,30,30,420,480,1e-05,1.0000000000000002e-06,0.9992802574290132,1.0,1000
4,16,random,13,ancilla,4,20,188,188,188,3384,3760,0.001,0.0001,0.590662208711565,0.709,1000
4,16,random,13,ancilla,4,20,188,188,188,3384,3760,0.0001,1e-05,0.9487204383675183,0.97,1000
4,16,random,13,ancilla,4,20,188,188,188,3384,3760,1e-05,1.0000000000000002e-06,0.9947498195354024,0.998,1000
4,16,random,13,primitive,0,16,256,256,256,3584,4096,0.001,0.0001,0.5408863984360112,0.638,1000
4,16,random,13,primitive,0,16,256,256,256,3584,4096,0.0001,1e-05,0.9404079962832711,0.946,1000
4,16,random,13,primitive,0,16,256,256,256,3584,4096,1e-05,1.0000000000000002e-06,0.9938748212697968,0.993,1000
4,16,random,13,pipelined,0,16,232,232,232,3248,3712,0.001,0.0001,0.5729640418218752,0.682,1000
4,16,random,13,pipelined,0,16,232,232,232,3248,3712,0.0001,1e-05,0.9458405059763048,0.972,1000
4,16,random,13,pipelined,0,16,232,232,232,3248,3712,1e-05,1.0000000000000002e-06,0.9944474594308351,0.997,1000
4,16,random,14,1d,0,16,71,71,71,994,1136,0.001,0.0001,0.8432932691315757,0.883,1000
4,16,random,14,1d,0,16,71,71,71,994,1136,0.0001,1e-05,0.9831039617882258,0.985,1000
4,16,random,14,1d,0,16,71,71,71,994,1136,1e-05,1.0000000000000002e-06,0.9982974469435651,1.0,1000
4,16,random,14,ancilla,4,20,199,199,199,3582,3980,0.001,0.0001,0.572743401998875,0.698,1000
4,16,random,14,ancilla,4,20,199,199,199,3582,3980,0.0001,1e-05,0.9458028133855882,0.968,1000
4,16,random,14,ancilla,4,20,199,199,199,3582,3980,1e-05,1.0000000000000002e-06,0.9944434831237124,0.998,1000
4,16,random,14,primitive,0,16,267,267,267,3738,4272,0.001,0.0001,0.52679053285699,0.625,1000
4,16,random,14,primitive,0,16,267,267,267,3738,4272,0.0001,1e-05,0.9379285346132915,0.957,1000
4,16,random,14,primitive,0,16,267,267,267,3738,4272,1e-05,1.0000000000000002e-06,0.993612472325481,0.995,1000
4,16,random,14,pipelined,0,16,243,243,243,3402,3888,0.001,0.0001,0.5580322111482124,0.645,1000
4,16,random,14,pipelined,0,16,243,243,243,3402,3888,0.0001,1e-05,0.9433467210555565,0.969,1000
4,16,random,14,pipelined,0,16,243,243,243,3402,3888,1e-05,1.0000000000000002e-06,0.9941849593296396,0.999,1000
4,16,random,15,1d,0,16,49,49,49,686,784,0.001,0.0001,0.8890267565413755,0.916,1000
4,16,random,15,1d,0,16,49,49,49,686,784,0.0001,1e-05,0.98830860248079,0.997,1000
4,16,random,15,1d,0,16,49,49,49,686,784,1e-05,1.0000000000000002e-06,0.998824688427265,0.999,1000
4,16,random,15,ancilla,4,20,191,191,191,3438,3820,0.001,0.0001,0.58572038917275,0.7,1000
4,16,random,15,ancilla,4,20,191,191,191,3438,3820,0.0001,1e-05,0.9479238310349468,0.963,1000
4,16,random,15,ancilla,4,20,191,191,191,3438,3820,1e-05,1.0000000000000002e-06,0.9946662638838821,1.0,1000
4,16,random,15,primitive,0,16,259,259,259,3626,4144,0.001,0.0001,0.5370050837313308,0.65,1000
4,16,random,15,primitive,0,16,259,259,259,3626,4144,0.0001,1e-05,0.9397311301508559,0.952,1000
4,16,random,15,primitive,0,16,259,259,259,3626,4144,1e-05,1.0000000000000002e-06,0.9938032646887845,0.996,1000
4,16,random,15,pipelined,0,16,235,235,235,3290,3760,0.001,0.0001,0.5688525430539145,0.656,1000
4,16,random,15,pipelined,0,16,235,235,235,3290,3760,0.0001,1e-05,0.9451597297518446,0.96,1000
4,16,random,15,pipelined,0,16,235,235,235,3290,3760,1e-05,1.0000000000000002e-06,0.9943758616212618,0.993,1000
4,16,random,16,1d,0,16,62,62,62,868,992,0.001,0.0001,0.8617109744784909,0.899,1000
4,16,random,16,1d,0,16,62,62,62,868,992,0.0001,1e-05,0.9852298119280192,0.986,1000
4,16,random,16,1d,0,16,62,62,62,868,992,1e-05,1.0000000000000002e-06,0.9985131029943082,0.999,1000
4,16,random,16,ancilla,4,20,198,198,198,3564,3960,0.001,0.0001,0.5743496698367975,0.68,1000
4,16,random,16,ancilla,4,20,198,198,198,3564,3960,0.0001,1e-05,0.9460676808343866,0.97,1000
4,16,random,16,ancilla,4,20,198,198,198,3564,3960,1e-05,1.0000000000000002e-06,0.99447132798974,0.994,1000
4,16,random,16,primitive,0,16,266,266,266,3724,4256,0.001,0.0001,0.5280566496778551,0.631,1000
4,16,random,16,primitive,0,16,266,266,266,3724,4256,0.0001,1e-05,0.9381536698238941,0.958,1000
4,16,random,16,primitive,0,16,266,266,266,3724,4256,1e-05,1.0000000000000002e-06,0.9936363193676174,0.994,1000
4,16,random,16,pipelined,0,16,242,242,242,3388,3872,0.001,0.0001,0.5593734159061786,0.672,1000
4,16,random,16,pipelined,0,16,242,242,242,3388,3872,0.0001,1e-05,0.9435731568178544,0.95,1000
4,16,random,16,pipelined,0,16,242,242,242,3388,3872,1e-05,1.0000000000000002e-06,0.9942088201116617,0.991,1000
4,16,random,17,1d,0,16,69,69,69,966,1104,0.001,0.0001,0.8473517736778242,0.888,1000
4,16,random,17,1d,0,16,69,69,69,966,1104,0.0001,1e-05,0.983575976175013,0.989,1000
4,16,random,17,1d,0,16,69,69,69,966,1104,1e-05,1.0000000000000002e-06,0.9983453664848884,1.0,1000
4,16,random,17,ancilla,4,20,197,197,197,3546,3940,0.001,0.0001,0.5759604424780196,0.674,1000
4,16,random,17,ancilla,4,20,197,197,197,3546,3940,0.0001,1e-05,0.9463326224580177,0.963,1000
4,16,random,17,ancilla,4,20,197,197,197,3546,3940,1e-05,1.0000000000000002e-06,0.9944991736354364,0.994,1000
4,16,random,17,primitive,0,16,265,265,265,3710,4240,0.001,0.0001,0.5293258095522759,0.622,1000
4,16,random,17,primitive,0,16,265,265,265,3710,4240,0.0001,1e-05,0.9383788590747152,0.949,1000
4,16,random,17,primitive,0,16,265,265,265,3710,4240,1e-05,1.0000000000000002e-06,0.9936601669820911,0.997,1000
4,16,random,17,pipelined,0,16,241,241,241,3374,3856,0.001,0.0001,0.5607178441881042,0.646,1000
4,16,random,17,pipelined,0,16,241,241,241,3374,3856,0.0001,1e-05,0.943799646932548,0.967,1000
4,16,random,17,pipelined,0,16,241,241,241,3374,3856,1e-05,1.0000000000000002e-06,0.9942326814663506,0.995,1000
4,16,random,18,1d,0,16,53,53,53,742,848,0.001,0.0001,0.8805309264490453,0.898,1000
4,16,random,18,1d,0,16,53,53,53,742,848,0.0001,1e-05,0.9873602589761687,0.992,1000
4,16,random,18,1d,0,16,53,53,53,742,848,1e-05,1.0000000000000002e-06,0.9987288056318999,0.999,1000
4,16,random,18,ancilla,4,20,195,195,195,3510,3900,0.001,0.0001,0.5791955527409597,0.688,1000
4,16,random,18,ancilla,4,20,195,195,195,3510,3900,0.0001,1e-05,0.946862728312873,0.959,1000
4,16,random,18,ancilla,4,20,195,195,195,3510,3900,1e-05,1.0000000000000002e-06,0.9945548672659229,0.997,1000
4,16,random,18,primitive,0,16,263,263,263,3682,4208,0.001,0.0001,0.53187328773472,0.621,1000
4,16,random,18,primitive,0,16,263,263,263,3682,4208,0.0001,1e-05,0.9388293997489026,0.96,1000
4,16,random,18,primitive,0,16,263,263,263,3682,4208,1e-05,1.0000000000000002e-06,0.9937078639281052,0.993,1000
4,16,random,18,pipelined,0,16,239,239,239,3346,3824,0.001,0.0001,0.5634164023328214,0.645,1000
4,16,random,18,pipelined,0,16,239,239,239,3346,3824,0.0001,1e-05,0.944252790271312,0.965,1000
4,16,random,18,pipelined,0,16,239,239,239,3346,3824,1e-05,1.0000000000000002e-06,0.9942804058937847,0.993,1000
4,16,random,19,1d,0,16,59,59,59,826,944,0.001,0.0001,0.8679391678005882,0.902,1000
4,16,random,19,1d,0,16,59,59,59,826,944,0.0001,1e-05,0.9859394496860372,0.985,1000
4,16,random,19,1d,0,16,59,59,59,826,944,1e-05,1.0000000000000002e-06,0.9985849986966919,0.998,1000
4,16,random,19,ancilla,4,20,197,197,197,3546,3940,0.001,0.0001,0.5759604424780196,0.698,1000
4,16,random,19,ancilla,4,20,197,197,197,3546,3940,0.0001,1e-05,0.9463326224580177,0.962,1000
4,16,random,19,ancilla,4,20,197,197,197,3546,3940,1e-05,1.0000000000000002e-06,0.9944991736354364,0.995,1000
4,16,random,19,primitive,0,16,265,265,265,3710,4240,0.001,0.0001,0.5293258095522759,0.618,1000
4,16,random,19,primitive,0,16,265,265,265,3710,4240,0.0001,1e-05,0.9383788590747152,0.954,1000
4,16,random,19,primitive,0,16,265,265,265,3710,4240,1e-05,1.0000000000000002e-06,0.9936601669820911,0.993,1000
4,16,random,19,pipelined,0,16,241,241,241,3374,3856,0.001,0.0001,0.5607178441881042,0.688,1000
4,16,random,19,pipelined,0,16,241,241,241,3374,3856,0.0001,1e-05,0.943799646932548,0.959,1000
4,16,random,19,pipelined,0,16,241,241,241,3374,3856,1e-05,1.0000000000000002e-06,0.9942326814663506,0.993,1000
6,36,reverse,0,1d,0,36,540,540,540,18360,19440,0.001,0.0001,0.09288789098689915,0.205,1000
6,36,reverse,0,1d,0,36,540,540,540,18360,19440,0.0001,1e-05,0.7885151822356353,0.854,1000
6,36,reverse,0,1d,0,36,540,540,540,18360,19440,1e-05,1.0000000000000002e-06,0.9765200111163612,0.986,1000
6,36,reverse,0,ancilla,6,42,574,574,574,22960,24108,0.001,0.0001,0.05667613824140869,0.146,1000
6,36,reverse,0,ancilla,6,42,574,574,574,22960,24108,0.0001,1e-05,0.7505087131384367,0.82,1000
6,36,reverse,0,ancilla,6,42,574,574,574,22960,24108,1e-05,1.0000000000000002e-06,0.9717078940800239,0.98,1000
6,36,reverse,0,primitive,0,36,814,814,814,27676,29304,0.001,0.0001,0.027815950585305404,0.084,1000
6,36,reverse,0,primitive,0,36,814,814,814,27676,29304,0.0001,1e-05,0.698957420082583,0.802,1000
6,36,reverse,0,primitive,0,36,814,814,814,27676,29304,1e-05,1.0000000000000002e-06,0.9648177510073216,0.985,1000
6,36,reverse,0,pipelined,0,36,734,734,734,24956,26424,0.001,0.0001,0.03955385835393739,0.115,1000
6,36,reverse,0,pipelined,0,36,734,734,734,24956,26424,0.0001,1e-05,0.7239992532266472,0.81,1000
6,36,reverse,0,pipelined,0,36,734,734,734,24956,26424,1e-05,1.0000000000000002e-06,0.9682198989390257,0.979,1000
6,36,transpose,0,1d,0,36,315,315,315,10710,11340,0.001,0.0001,0.2500208014830873,0.371,1000
6,36,transpose,0,1d,0,36,315,315,315,10710,11340,0.0001,1e-05,0.8705743518539542,0.905,1000
6,36,transpose,0,1d,0,36,315,315,315,10710,11340,1e-05,1.0000000000000002e-06,0.9862355867683666,0.991,1000
6,36,transpose,0,ancilla,6,42,525,525,525,21000,22050,0.001,0.0001,0.07241312712593968,0.178,1000
6,36,transpose,0,ancilla,6,42,525,525,525,21000,22050,0.0001,1e-05,0.7691235376951241,0.849,1000
6,36,transpose,0,ancilla,6,42,525,525,525,21000,22050,1e-05,1.0000000000000002e-06,0.9740915004831759,0.99,1000
6,36,transpose,0,primitive,0,36,765,765,765,26010,27540,0.001,0.0001,0.034509769750408995,0.111,1000
6,36,transpose,0,primitive,0,36,765,765,765,26010,27540,0.0001,1e-05,0.7141907997772048,0.796,1000
6,36,transpose,0,primitive,0,36,765,765,765,26010,27540,1e-05,1.0000000000000002e-06,0.9669001452638359,0.982,1000
6,36,transpose,0,pipelined,0,36,685,685,685,23290,24660,0.001,0.0001,0.04907236732207058,0.13,1000
6,36,transpose,0,pipelined,0,36,685,685,685,23290,24660,0.0001,1e-05,0.7397784054412715,0.808,1000
6,36,transpose,0,pipelined,0,36,685,685,685,23290,24660,1e-05,1.0000000000000002e-06,0.9703096361505233,0.976,1000
6,36,random,0,1d,0,36,243,243,243,8262,8748,0.001,0.0001,0.34322711989579197,0.461,1000
6,36,random,0,1d,0,36,243,243,243,8262,8748,0.0001,1e-05,0.8985960948390843,0.925,1000
6,36,random,0,1d,0,36,243,243,243,8262,8748,1e-05,1.0000000000000002e-06,0.9893649401509979,0.992,1000
6,36,random,0,ancilla,6,42,517,517,517,20680,21714,0.001,0.0001,0.07536878517882913,0.168,1000
6,36,random,0,ancilla,6,42,517,517,517,20680,21714,0.0001,1e-05,0.7722062362920796,0.825,1000
6,36,random,0,ancilla,6,42,517,517,517,20680,21714,1e-05,1.0000000000000002e-06,0.9744812155668015,0.984,1000
6,36,random,0,primitive,0,36,757,757,757,25738,27252,0.001,0.0001,0.0357463379125216,0.097,1000
6,36,random,0,primitive,0,36,757,757,757,25738,27252,0.0001,1e-05,0.7167092195608933,0.821,1000
6,36,random,0,primitive,0,36,757,757,757,25738,27252,1e-05,1.0000000000000002e-06,0.9672405545418464,0.98,1000
6,36,random,0,pipelined,0,36,677,677,677,23018,24372,0.001,0.0001,0.05083074842715599,0.141,1000
6,36,random,0,pipelined,0,36,677,677,677,23018,24372,0.0001,1e-05,0.7423870536797954,0.796,1000
6,36,random,0,pipelined,0,36,677,677,677,23018,24372,1e-05,1.0000000000000002e-06,0.9706512457824037,0.979,1000
6,36,random,1,1d,0,36,278,278,278,9452,10008,0.001,0.0001,0.29423210336319866,0.461,1000
6,36,random,1,1d,0,36,278,278,278,9452,10008,0.0001,1e-05,0.884863518106737,0.92,1000
6,36,random,1,1d,0,36,278,278,278,9452,10008,1e-05,1.0000000000000002e-06,0.9878424884135713,0.994,1000
6,36,random,1,ancilla,6,42,490,490,490,19600,20580,0.001,0.0001,0.08626397821082281,0.166,1000
6,36,random,1,ancilla,6,42,490,490,490,19600,20580,0.0001,1e-05,0.782701853437644,0.869,1000
6,36,random,1,ancilla,6,42,490,490,490,19600,20580,1e-05,1.0000000000000002e-06,0.9757976554478532,0.986,1000
6,36,random,1,primitive,0,36,730,730,730,24820,26280,0.001,0.0001,0.040256276403254264,0.102,1000
6,36,random,1,primitive,0,36,730,730,730,24820,26280,0.0001,1e-05,0.7252746333388613,0.794,1000
6,36,random,1,primitive,0,36,730,730,730,24820,26280,1e-05,1.0000000000000002e-06,0.9683903208974421,0.975,1000
6,36,random,1,pipelined,0,36,650,650,650,22100,23400,0.001,0.0001,0.05724381231653633,0.139,1000
6,36,random,1,pipelined,0,36,650,650,650,22100,23400,0.0001,1e-05,0.7512593440377594,0.812,1000
6,36,random,1,pipelined,0,36,650,650,650,22100,23400,1e-05,1.0000000000000002e-06,0.9718050664531532,0.983,1000
6,36,random,2,1d,0,36,305,305,305,10370,10980,0.001,0.0001,0.26126907730300275,0.414,1000
6,36,random,2,1d,0,36,305,305,305,10370,10980,0.0001,1e-05,0.8744133771239742,0.899,1000
6,36,random,2,1d,0,36,305,305,305,10370,10980,1e-05,1.0000000000000002e-06,0.9866696265692342,0.987,1000
6,36,random,2,ancilla,6,42,507,507,507,20280,21294,0.001,0.0001,0.07923358033547102,0.184,1000
6,36,random,2,ancilla,6,42,507,507,507,20280,21294,0.0001,1e-05,0.776076990487317,0.837,1000
6,36,random,2,ancilla,6,42,507,507,507,20280,21294,1e-05,1.0000000000000002e-06,0.9749685786875332,0.977,1000
6,36,random,2,primitive,0,36,747,747,747,25398,26892,0.001,0.0001,0.03735454277390448,0.093,1000
6,36,random,2,primitive,0,36,747,747,747,25398,26892,0.0001,1e-05,0.7198697362925098,0.787,1000
6,36,random,2,primitive,0,36,747,747,747,25398,26892,1e-05,1.0000000000000002e-06,0.967666234676813,0.98,1000
6,36,random,2,pipelined,0,36,667,667,667,22678,24012,0.001,0.0001,0.05311759126203131,0.124,1000
6,36,random,2,pipelined,0,36,667,667,667,22678,24012,0.0001,1e-05,0.7456608035360175,0.83,1000
6,36,random,2,pipelined,0,36,667,667,667,22678,24012,1e-05,1.0000000000000002e-06,0.9710784269540057,0.98,1000
6,36,random,3,1d,0,36,334,334,334,11356,12024,0.001,0.0001,0.22996597973329472,0.355,1000
6,36,random,3,1d,0,36,334,334,334,11356,12024,0.0001,1e-05,0.8633265778127398,0.912,1000
6,36,random,3,1d,0,36,334,334,334,11356,12024,1e-05,1.0000000000000002e-06,0.9854114371054099,0.99,1000
6,36,random,3,ancilla,6,42,512,512,512,20480,21504,0.001,0.0001,0.07727702566257075,0.163,1000
6,36,random,3,ancilla,6,42,512,512,512,20480,21504,0.0001,1e-05,0.7741391941357155,0.842,1000
6,36,random,3,ancilla,6,42,512,512,512,20480,21504,1e-05,1.0000000000000002e-06,0.9747248666669297,0.983,1000
6,36,random,3,primitive,0,36,752,752,752,25568,27072,0.001,0.0001,0.036541594225809736,0.095,1000
6,36,random,3,primitive,0,36,752,752,752,25568,27072,0.0001,1e-05,0.7182877396167296,0.792,1000
6,36,random,3,primitive,0,36,752,752,752,25568,27072,1e-05,1.0000000000000002e-06,0.9674533711968867,0.978,1000
6,36,random,3,pipelined,0,36,672,672,672,22848,24192,0.001,0.0001,0.05196159080029031,0.126,1000
6,36,random,3,pipelined,0,36,672,672,672,22848,24192,0.0001,1e-05,0.7440221280187927,0.82,1000
6,36,random,3,pipelined,0,36,672,672,672,22848,24192,1e-05,1.0000000000000002e-06,0.9708648128732046,0.984,1000
6,36,random,4,1d,0,36,327,327,327,11118,11772,0.001,0.0001,0.2371602507624441,0.384,1000
6,36,random,4,1d,0,36,327,327,327,11118,11772,0.0001,1e-05,0.8659897634273939,0.898,1000
6,36,random,4,1d,0,36,327,327,327,11118,11772,1e-05,1.0000000000000002e-06,0.9857149910351818,0.993,1000
6,36,random,4,ancilla,6,42,517,517,517,20680,21714,0.001,0.0001,0.07536878517882913,0.174,1000
6,36,random,4,ancilla,6,42,517,517,517,20680,21714,0.0001,1e-05,0.7722062362920796,0.849,1000
6,36,random,4,ancilla,6,42,517,517,517,20680,21714,1e-05,1.0000000000000002e-06,0.9744812155668015,0.979,1000
6,36,random,4,primitive,0,36,757,757,757,25738,27252,0.001,0.0001,0.0357463379125216,0.094,1000
6,36,random,4,primitive,0,36,757,757,757,25738,27252,0.0001,1e-05,0.7167092195608933,0.79,1000
6,36,random,4,primitive,0,36,757,757,757,25738,27252,1e-05,1.0000000000000002e-06,0.9672405545418464,0.974,1000
6,36,random,4,pipelined,0,36,677,677,677,23018,24372,0.001,0.0001,0.05083074842715599,0.112,1000
6,36,random,4,pipelined,0,36,677,677,677,23018,24372,0.0001,1e-05,0.7423870536797954,0.818,1000
6,36,random,4,pipelined,0,36,677,677,677,23018,24372,1e-05,1.0000000000000002e-06,0.9706512457824037,0.976,1000
6,36,random,5,1d,0,36,371,371,371,12614,13356,0.001,0.0001,0.19541130253821634,0.343,1000
6,36,random,5,1d,0,36,371,371,371,12614,13356,0.0001,1e-05,0.8493851995680959,0.916,1000
6,36,random,5,1d,0,36,371,371,371,12614,13356,1e-05,1.0000000000000002e-06,0.9838084899978897,0.985,1000
6,36,random,5,ancilla,6,42,513,513,513,20520,21546,0.001,0.0001,0.07689155103837143,0.161,1000
6,36,random,5,ancilla,6,42,513,513,513,20520,21546,0.0001,1e-05,0.7737522158733887,0.848,1000
6,36,random,5,ancilla,6,42,513,513,513,20520,21546,1e-05,1.0000000000000002e-06,0.9746761315737534,0.984,1000
6,36,random,5,primitive,0,36,753,753,753,25602,27108,0.001,0.0001,0.03638114002770478,0.1,1000
6,36,random,5,primitive,0,36,753,753,753,25602,27108,0.0001,1e-05,0.7179717577206978,0.789,1000
6,36,random,5,primitive,0,36,753,753,753,25602,27108,1e-05,1.0000000000000002e-06,0.9674108041202174,0.977,1000
6,36,random,5,pipelined,0,36,673,673,673,22882,24228,0.001,0.0001,0.05173342737281099,0.127,1000
6,36,random,5,pipelined,0,36,673,673,673,22882,24228,0.0001,1e-05,0.7436948253102339,0.823,1000
6,36,random,5,pipelined,0,36,673,673,673,22882,24228,1e-05,1.0000000000000002e-06,0.9708220956961752,0.985,1000
6,36,random,6,1d,0,36,337,337,337,11458,12132,0.001,0.0001,0.2269499191700738,0.394,1000
6,36,random,6,1d,0,36,337,337,337,11458,12132,0.0001,1e-05,0.8621877211984527,0.899,1000
6,36,random,6,1d,0,36,337,337,337,11458,12132,1e-05,1.0000000000000002e-06,0.9852813711821934,0.991,1000
6,36,random,6,ancilla,6,42,511,511,511,20440,21462,0.001,0.0001,0.07766443275768387,0.164,1000
6,36,random,6,ancilla,6,42,511,511,511,20440,21462,0.0001,1e-05,0.7745263659382643,0.819,1000
6,36,random,6,ancilla,6,42,511,511,511,20440,21462,1e-05,1.0000000000000002e-06,0.9747736041969252,0.982,1000
6,36,random,6,primitive,0,36,751,751,751,25534,27036,0.001,0.0001,0.03670275608589752,0.097,1000
6,36,random,6,primitive,0,36,751,751,751,25534,27036,0.0001,1e-05,0.7186038605775056,0.791,1000
6,36,random,6,primitive,0,36,751,751,751,25534,27036,1e-05,1.0000000000000002e-06,0.9674959401465515,0.972,1000
6,36,random,6,pipelined,0,36,671,671,671,22814,24156,0.001,0.0001,0.05219076051233807,0.139,1000
6,36,random,6,pipelined,0,36,671,671,671,22814,24156,0.0001,1e-05,0.7443495747744248,0.803,1000
6,36,random,6,pipelined,0,36,671,671,671,22814,24156,1e-05,1.0000000000000002e-06,0.9709075319298339,0.982,1000
6,36,random,7,1d,0,36,296,296,296,10064,10656,0.001,0.0001,0.27182455964461516,0.403,1000
6,36,random,7,1d,0,36,296,296,296,10064,10656,0.0001,1e-05,0.8778829721958644,0.906,1000
6,36,random,7,1d,0,36,296,296,296,10064,10656,1e-05,1.0000000000000002e-06,0.9870604257095694,0.993,1000
6,36,random,7,ancilla,6,42,506,506,506,20240,21252,0.001,0.0001,0.07963079607883065,0.167,1000
6,36,random,7,ancilla,6,42,506,506,506,20240,21252,0.0001,1e-05,0.7764651314438784,0.844,1000
6,36,random,7,ancilla,6,42,506,506,506,20240,21252,1e-05,1.0000000000000002e-06,0.9750173284034512,0.982,1000
6,36,random,7,primitive,0,36,746,746,746,25364,26856,0.001,0.0001,0.03751929003585944,0.086,1000
6,36,random,7,primitive,0,36,746,746,746,25364,26856,0.0001,1e-05,0.7201865534955874,0.795,1000
6,36,random,7,primitive,0,36,746,746,746,25364,26856,1e-05,1.0000000000000002e-06,0.9677088129926912,0.98,1000
6,36,random,7,pipelined,0,36,666,666,666,22644,23976,0.001,0.0001,0.053351859360961866,0.14,1000
6,36,random,7,pipelined,0,36,666,666,666,22644,23976,0.0001,1e-05,0.7459889714785088,0.791,1000
6,36,random,7,pipelined,0,36,666,666,666,22644,23976,1e-05,1.0000000000000002e-06,0.9711211554098756,0.978,1000
6,36,random,8,1d,0,36,337,337,337,11458,12132,0.001,0.0001,0.2269499191700738,0.36,1000
6,36,random,8,1d,0,36,337,337,337,11458,12132,0.0001,1e-05,0.8621877211984527,0.909,1000
6,36,random,8,1d,0,36,337,337,337,11458,12132,1e-05,1.0000000000000002e-06,0.9852813711821934,0.988,1000
6,36,random,8,ancilla,6,42,511,511,511,20440,21462,0.001,0.0001,0.07766443275768387,0.203,1000
6,36,random,8,ancilla,6,42,511,511,511,20440,21462,0.0001,1e-05,0.7745263659382643,0.838,1000
6,36,random,8,ancilla,6,42,511,511,511,20440,21462,1e-05,1.0000000000000002e-06,0.9747736041969252,0.981,1000
6,36,random,8,primitive,0,36,751,751,751,25534,27036,0.001,0.0001,0.03670275608589752,0.114,1000
6,36,random,8,primitive,0,36,751,751,751,25534,27036,0.0001,1e-05,0.7186038605775056,0.809,1000
6,36,random,8,primitive,0,36,751,751,751,25534,27036,1e-05,1.0000000000000002e-06,0.9674959401465515,0.972,1000
6,36,random,8,pipelined,0,36,671,671,671,22814,24156,0.001,0.0001,0.05219076051233807,0.144,1000
6,36,random,8,pipelined,0,36,671,671,671,22814,24156,0.0001,1e-05,0.7443495747744248,0.81,1000
6,36,random,8,pipelined,0,36,671,671,671,22814,24156,1e-05,1.0000000000000002e-06,0.9709075319298339,0.977,1000
6,36,random,9,1d,0,36,310,310,310,10540,11160,0.001,0.0001,0.2555830669470171,0.384,1000
6,36,random,9,1d,0,36,310,310,310,10540,11160,0.0001,1e-05,0.8724917529937638,0.918,1000
6,36,random,9,1d,0,36,310,310,310,10540,11160,1e-05,1.0000000000000002e-06,0.9864525827965751,0.993,1000
6,36,random,9,ancilla,6,42,508,508,508,20320,21336,0.001,0.0001,0.07883834599069765,0.162,1000
6,36,random,9,ancilla,6,42,508,508,508,20320,21336,0.0001,1e-05,0.7756890435554401,0.838,1000
6,36,random,9,ancilla,6,42,508,508,508,20320,21336,1e-05,1.0000000000000002e-06,0.9749198314090434,0.974,1000
6,36,random,9,primitive,0,36,748,748,748,25432,26928,0.001,0.0001,0.037190518917437625,0.109,1000
6,36,random,9,primitive,0,36,748,748,748,25432,26928,0.0001,1e-05,0.71955305846046,0.792,1000
6,36,random,9,primitive,0,36,748,748,748,25432,26928,1e-05,1.0000000000000002e-06,0.9676236582343424,0.977,1000
6,36,random,9,pipelined,0,36,668,668,668,22712,24048,0.001,0.0001,0.05288435183469412,0.126,1000
6,36,random,9,pipelined,0,36,668,668,668,22712,24048,0.0001,1e-05,0.7453327799578567,0.829,1000
6,36,random,9,pipelined,0,36,668,668,668,22712,24048,1e-05,1.0000000000000002e-06,0.9710357003781492,0.985,1000
6,36,random,10,1d,0,36,353,353,353,12002,12708,0.001,0.0001,0.21151980763597186,0.315,1000
6,36,random,10,1d,0,36,353,353,353,12002,12708,0.0001,1e-05,0.8561391435098152,0.883,1000
6,36,random,10,1d,0,36,353,353,353,12002,12708,1e-05,1.0000000000000002e-06,0.9845879761447025,0.991,1000
6,36,random,10,ancilla,6,42,513,513,513,20520,21546,0.001,0.0001,0.07689155103837143,0.175,1000
6,36,random,10,ancilla,6,42,513,513,513,20520,21546,0.0001,1e-05,0.7737522158733887,0.844,1000
6,36,random,10,ancilla,6,42,513,513,513,20520,21546,1e-05,1.0000000000000002e-06,0.9746761315737534,0.982,1000
6,36,random,10,primitive,0,36,753,753,753,25602,27108,0.001,0.0001,0.03638114002770478,0.104,1000
6,36,random,10,primitive,0,36,753,753,753,25602,27108,0.0001,1e-05,0.7179717577206978,0.799,1000
6,36,random,10,primitive,0,36,753,753,753,25602,27108,1e-05,1.0000000000000002e-06,0.9674108041202174,0.977,1000
6,36,random,10,pipelined,0,36,673,673,673,22882,24228,0.001,0.0001,0.05173342737281099,0.132,1000
6,36,random,10,pipelined,0,36,673,673,673,22882,24228,0.0001,1e-05,0.7436948253102339,0.814,1000
6,36,random,10,pipelined,0,36,673,673,673,22882,24228,1e-05,1.0000000000000002e-06,0.9708220956961752,0.978,1000
6,36,random,11,1d,0,36,249,249,249,8466,8964,0.001,0.0001,0.3342831415663296,0.44,1000
6,36,random,11,1d,0,36,249,249,249,8466,8964,0.0001,1e-05,0.8962268937923749,0.918,1000
6,36,random,11,1d,0,36,249,249,249,8466,8964,1e-05,1.0000000000000002e-06,0.9891037818835262,0.996,1000
6,36,random,11,ancilla,6,42,505,505,505,20200,21210,0.001,0.0001,0.08003000315397289,0.156,1000
6,36,random,11,ancilla,6,42,505,505,505,20200,21210,0.0001,1e-05,0.7768534665221624,0.83,1000
6,36,random,11,ancilla,6,42,505,505,505,20200,21210,1e-05,1.0000000000000002e-06,0.9750660805569193,0.983,1000
6,36,random,11,primitive,0,36,745,745,745,25330,26820,0.001,0.0001,0.03768476389378656,0.127,1000
6,36,random,11,primitive,0,36,745,745,745,25330,26820,0.0001,1e-05,0.7205035101310303,0.806,1000
6,36,random,11,primitive,0,36,745,745,745,25330,26820,1e-05,1.0000000000000002e-06,0.9677513931820594,0.98,1000
6,36,random,11,pipelined,0,36,665,665,665,22610,23940,0.001,0.0001,0.053587160668305524,0.123,1000
6,36,random,11,pipelined,0,36,665,665,665,22610,23940,0.0001,1e-05,0.7463172838488658,0.818,1000
6,36,random,11,pipelined,0,36,665,665,665,22610,23940,1e-05,1.0000000000000002e-06,0.9711638857458421,0.984,1000
6,36,random,12,1d,0,36,248,248,248,8432,8928,0.001,0.0001,0.3357574530744128,0.465,1000
6,36,random,12,1d,0,36,248,248,248,8432,8928,0.0001,1e-05,0.8966213264008028,0.926,1000
6,36,random,12,1d,0,36,248,248,248,8432,8928,1e-05,1.0000000000000002e-06,0.9891473034736696,0.991,1000
6,36,random,12,ancilla,6,42,500,500,500,20000,21000,0.001,0.0001,0.0820562596681256,0.172,1000
6,36,random,12,ancilla,6,42,500,500,500,20000,21000,0.0001,1e-05,0.778798057139146,0.846,1000
6,36,random,12,ancilla,6,42,500,500,500,20000,21000,1e-05,1.0000000000000002e-06,0.9753098778917786,0.987,1000
6,36,random,12,primitive,0,36,740,740,740,25160,26640,0.001,0.0001,0.038523144778414425,0.113,1000
6,36,random,12,primitive,0,36,740,740,740,25160,26640,0.0001,1e-05,0.7220903869424368,0.806,1000
6,36,random,12,primitive,0,36,740,740,740,25160,26640,1e-05,1.0000000000000002e-06,0.9679643222341349,0.978,1000
6,36,random,12,pipelined,0,36,660,660,660,22440,23760,0.001,0.0001,0.054779325525498565,0.151,1000
6,36,random,12,pipelined,0,36,660,660,660,22440,23760,0.0001,1e-05,0.7479610143443303,0.814,1000
6,36,random,12,pipelined,0,36,660,660,660,22440,23760,1e-05,1.0000000000000002e-06,0.9713775656300134,0.974,1000
6,36,random,13,1d,0,36,273,273,273,9282,9828,0.001,0.0001,0.3007779469778439,0.425,1000
6,36,random,13,1d,0,36,273,273,273,9282,9828,0.0001,1e-05,0.8868123904972235,0.931,1000
6,36,random,13,1d,0,36,273,273,273,9282,9828,1e-05,1.0000000000000002e-06,0.98805983799957,0.992,1000
6,36,random,13,ancilla,6,42,495,495,495,19800,20790,0.001,0.0001,0.08413381838519397,0.183,1000
6,36,random,13,ancilla,6,42,495,495,495,19800,20790,0.0001,1e-05,0.7807475153828194,0.852,1000
6,36,random,13,ancilla,6,42,495,495,495,19800,20790,1e-05,1.0000000000000002e-06,0.9755537361836761,0.982,1000
6,36,random,13,primitive,0,36,735,735,735,24990,26460,0.001,0.0001,0.03938017729927625,0.102,1000
6,36,random,13,primitive,0,36,735,735,735,24990,26460,0.0001,1e-05,0.7236807587791679,0.785,1000
6,36,random,13,primitive,0,36,735,735,735,24990,26460,1e-05,1.0000000000000002e-06,0.9681772981358264,0.977,1000
6,36,random,13,pipelined,0,36,655,655,655,22270,23580,0.001,0.0001,0.055998012725525244,0.136,1000
6,36,random,13,pipelined,0,36,655,655,655,22270,23580,0.0001,1e-05,0.7496083650828202,0.826,1000
6,36,random,13,pipelined,0,36,655,655,655,22270,23580,1e-05,1.0000000000000002e-06,0.9715912925290024,0.978,1000
6,36,random,14,1d,0,36,340,340,340,11560,12240,0.001,0.0001,0.22397341498528575,0.371,1000
6,36,random,14,1d,0,36,340,340,340,11560,12240,0.0001,1e-05,0.8610503669060229,0.901,1000
6,36,random,14,1d,0,36,340,340,340,11560,12240,1e-05,1.0000000000000002e-06,0.9851513224265718,0.989,1000
6,36,random,14,ancilla,6,42,508,508,508,20320,21336,0.001,0.0001,0.07883834599069765,0.195,1000
6,36,random,14,ancilla,6,42,508,508,508,20320,21336,0.0001,1e-05,0.7756890435554401,0.851,1000
6,36,random,14,ancilla,6,42,508,508,508,20320,21336,1e-05,1.0000000000000002e-06,0.9749198314090434,0.981,1000
6,36,random,14,primitive,0,36,748,748,748,25432,26928,0.001,0.0001,0.037190518917437625,0.089,1000
6,36,random,14,primitive,0,36,748,748,748,25432,26928,0.0001,1e-05,0.71955305846046,0.819,1000
6,36,random,14,primitive,0,36,748,748,748,25432,26928,1e-05,1.0000000000000002e-06,0.9676236582343424,0.971,1000
6,36,random,14,pipelined,0,36,668,668,668,22712,24048,0.001,0.0001,0.05288435183469412,0.135,1000
6,36,random,14,pipelined,0,36,668,668,668,22712,24048,0.0001,1e-05,0.7453327799578567,0.807,1000
6,36,random,14,pipelined,0,36,668,668,668,22712,24048,1e-05,1.0000000000000002e-06,0.9710357003781492,0.979,1000
6,36,random,15,1d,0,36,340,340,340,11560,12240,0.001,0.0001,0.22397341498528575,0.349,1000
6,36,random,15,1d,0,36,340,340,340,11560,12240,0.0001,1e-05,0.8610503669060229,0.883,1000
6,36,random,15,1d,0,36,340,340,340,11560,12240,1e-05,1.0000000000000002e-06,0.9851513224265718,0.997,1000
6,36,random,15,ancilla,6,42,512,512,512,20480,21504,0.001,0.0001,0.07727702566257075,0.164,1000
6,36,random,15,ancilla,6,42,512,512,512,20480,21504,0.0001,1e-05,0.7741391941357155,0.842,1000
6,36,random,15,ancilla,6,42,512,512,512,20480,21504,1e-05,1.0000000000000002e-06,0.9747248666669297,0.979,1000
6,36,random,15,primitive,0,36,752,752,752,25568,27072,0.001,0.0001,0.036541594225809736,0.102,1000
6,36,random,15,primitive,0,36,752,752,752,25568,27072,0.0001,1e-05,0.7182877396167296,0.793,1000
6,36,random,15,primitive,0,36,752,752,752,25568,27072,1e-05,1.0000000000000002e-06,0.9674533711968867,0.982,1000
6,36,random,15,pipelined,0,36,672,672,672,22848,24192,0.001,0.0001,0.05196159080029031,0.127,1000
6,36,random,15,pipelined,0,36,672,672,672,22848,24192,0.0001,1e-05,0.7440221280187927,0.805,1000
6,36,random,15,pipelined,0,36,672,672,672,22848,24192,1e-05,1.0000000000000002e-06,0.9708648128732046,0.994,1000
6,36,random,16,1d,0,36,271,271,271,9214,9756,0.001,0.0001,0.3034368800850708,0.431,1000
6,36,random,16,1d,0,36,271,271,271,9214,9756,0.0001,1e-05,0.887593140769721,0.911,1000
6,36,random,16,1d,0,36,271,271,271,9214,9756,1e-05,1.0000000000000002e-06,0.988146791223608,0.99,1000
6,36,random,16,ancilla,6,42,495,495,495,19800,20790,0.001,0.0001,0.08413381838519397,0.2,1000
6,36,random,16,ancilla,6,42,495,495,495,19800,20790,0.0001,1e-05,0.7807475153828194,0.849,1000
6,36,random,16,ancilla,6,42,495,495,495,19800,20790,1e-05,1.0000000000000002e-06,0.9755537361836761,0.984,1000
6,36,random,16,primitive,0,36,735,735,735,24990,26460,0.001,0.0001,0.03938017729927625,0.121,1000
6,36,random,16,primitive,0,36,735,735,735,24990,26460,0.0001,1e-05,0.7236807587791679,0.794,1000
6,36,random,16,primitive,0,36,735,735,735,24990,26460,1e-05,1.0000000000000002e-06,0.9681772981358264,0.986,1000
6,36,random,16,pipelined,0,36,655,655,655,22270,23580,0.001,0.0001,0.055998012725525244,0.154,1000
6,36,random,16,pipelined,0,36,655,655,655,22270,23580,0.0001,1e-05,0.7496083650828202,0.827,1000
6,36,random,16,pipelined,0,36,655,655,655,22270,23580,1e-05,1.0000000000000002e-06,0.9715912925290024,0.971,1000
6,36,random,17,1d,0,36,362,362,362,12308,13032,0.001,0.0001,0.2033060774368986,0.327,1000
6,36,random,17,1d,0,36,362,362,362,12308,13032,0.0001,1e-05,0.8527554850413706,0.907,1000
6,36,random,17,1d,0,36,362,362,362,12308,13032,1e-05,1.0000000000000002e-06,0.984198155902051,0.99,1000
6,36,random,17,ancilla,6,42,508,508,508,20320,21336,0.001,0.0001,0.07883834599069765,0.205,1000
6,36,random,17,ancilla,6,42,508,508,508,20320,21336,0.0001,1e-05,0.7756890435554401,0.842,1000
6,36,random,17,ancilla,6,42,508,508,508,20320,21336,1e-05,1.0000000000000002e-06,0.9749198314090434,0.981,1000
6,36,random,17,primitive,0,36,748,748,748,25432,26928,0.001,0.0001,0.037190518917437625,0.105,1000
6,36,random,17,primitive,0,36,748,748,748,25432,26928,0.0001,1e-05,0.71955305846046,0.8,1000
6,36,random,17,primitive,0,36,748,748,748,25432,26928,1e-05,1.0000000000000002e-06,0.9676236582343424,0.981,1000
6,36,random,17,pipelined,0,36,668,668,668,22712,24048,0.001,0.0001,0.05288435183469412,0.132,1000
6,36,random,17,pipelined,0,36,668,668,668,22712,24048,0.0001,1e-05,0.7453327799578567,0.811,1000
6,36,random,17,pipelined,0,36,668,668,668,22712,24048,1e-05,1.0000000000000002e-06,0.9710357003781492,0.978,1000
6,36,random,18,1d,0,36,320,320,320,10880,11520,0.001,0.0001,0.2445795878457154,0.377,1000
6,36,random,18,1d,0,36,320,320,320,10880,11520,0.0001,1e-05,0.8686611644240371,0.909,1000
6,36,random,18,1d,0,36,320,320,320,10880,11520,1e-05,1.0000000000000002e-06,0.9860186384741061,0.985,1000
6,36,random,18,ancilla,6,42,512,512,512,20480,21504,0.001,0.0001,0.07727702566257075,0.164,1000
6,36,random,18,ancilla,6,42,512,512,512,20480,21504,0.0001,1e-05,0.7741391941357155,0.845,1000
6,36,random,18,ancilla,6,42,512,512,512,20480,21504,1e-05,1.0000000000000002e-06,0.9747248666669297,0.984,1000
6,36,random,18,primitive,0,36,752,752,752,25568,27072,0.001,0.0001,0.036541594225809736,0.104,1000
6,36,random,18,primitive,0,36,752,752,752,25568,27072,0.0001,1e-05,0.7182877396167296,0.802,1000
6,36,random,18,primitive,0,36,752,752,752,25568,27072,1e-05,1.0000000000000002e-06,0.9674533711968867,0.974,1000
6,36,random,18,pipelined,0,36,672,672,672,22848,24192,0.001,0.0001,0.05196159080029031,0.131,1000
6,36,random,18,pipelined,0,36,672,672,672,22848,24192,0.0001,1e-05,0.7440221280187927,0.815,1000
6,36,random,18,pipelined,0,36,672,672,672,22848,24192,1e-05,1.0000000000000002e-06,0.9708648128732046,0.979,1000
6,36,random,19,1d,0,36,299,299,299,10166,10764,0.001,0.0001,0.26825951347817856,0.384,1000
6,36,random,19,1d,0,36,299,299,299,10166,10764,0.0001,1e-05,0.8767249135247317,0.911,1000
6,36,random,19,1d,0,36,299,299,299,10166,10764,1e-05,1.0000000000000002e-06,0.9869301421338911,0.991,1000
6,36,random,19,ancilla,6,42,505,505,505,20200,21210,0.001,0.0001,0.08003000315397289,0.183,1000
6,36,random,19,ancilla,6,42,505,505,505,20200,21210,0.0001,1e-05,0.7768534665221624,0.836,1000
6,36,random,19,ancilla,6,42,505,505,505,20200,21210,1e-05,1.0000000000000002e-06,0.9750660805569193,0.98,1000
6,36,random,19,primitive,0,36,745,745,745,25330,26820,0.001,0.0001,0.03768476389378656,0.114,1000
6,36,random,19,primitive,0,36,745,745,745,25330,26820,0.0001,1e-05,0.7205035101310303,0.808,1000
6,36,random,19,primitive,0,36,745,745,745,25330,26820,1e-05,1.0000000000000002e-06,0.9677513931820594,0.972,1000
6,36,random,19,pipelined,0,36,665,665,665,22610,23940,0.001,0.0001,0.053587160668305524,0.139,1000
6,36,random,19,pipelined,0,36,665,665,665,22610,23940,0.0001,1e-05,0.7463172838488658,0.803,1000
6,36,random,19,pipelined,0,36,665,665,665,22610,23940,1e-05,1.0000000000000002e-06,0.9711638857458421,0.982,1000
8,64,reverse,0,1d,0,64,1792,1792,1792,111104,114688,0.001,0.0001,2.48844595989745e-06,0.0,1000
8,64,reverse,0,1d,0,64,1792,1792,1792,111104,114688,0.0001,1e-05,0.2752007312331334,0.414,1000
8,64,reverse,0,1d,0,64,1792,1792,1792,111104,114688,1e-05,1.0000000000000002e-06,0.8789527428385007,0.915,1000
8,64,reverse,0,ancilla,8,72,1166,1166,1166,81620,83952,0.001,0.0001,8.881175717009399e-05,0.001,1000
8,64,reverse,0,ancilla,8,72,1166,1166,1166,81620,83952,0.0001,1e-05,0.3934466055597727,0.538,1000
8,64,reverse,0,ancilla,8,72,1166,1166,1166,81620,83952,1e-05,1.0000000000000002e-06,0.9109383115459403,0.926,1000
8,64,reverse,0,primitive,0,64,1674,1674,1674,103788,107136,0.001,0.0001,5.8203129102624545e-06,0.0,1000
8,64,reverse,0,primitive,0,64,1674,1674,1674,103788,107136,0.0001,1e-05,0.29960403484558173,0.437,1000
8,64,reverse,0,primitive,0,64,1674,1674,1674,103788,107136,1e-05,1.0000000000000002e-06,0.8864521461337247,0.923,1000
8,64,reverse,0,pipelined,0,64,1506,1506,1506,93372,96384,0.001,0.0001,1.9513180580953542e-05,0.001,1000
8,64,reverse,0,pipelined,0,64,1506,1506,1506,93372,96384,0.0001,1e-05,0.33812751236345867,0.442,1000
8,64,reverse,0,pipelined,0,64,1506,1506,1506,93372,96384,1e-05,1.0000000000000002e-06,0.8972397956026168,0.924,1000
8,64,transpose,0,1d,0,64,1008,1008,1008,62496,64512,0.001,0.0001,0.0007042220517755009,0.008,1000
8,64,transpose,0,1d,0,64,1008,1008,1008,62496,64512,0.0001,1e-05,0.4839526705562469,0.62,1000
8,64,transpose,0,1d,0,64,1008,1008,1008,62496,64512,1e-05,1.0000000000000002e-06,0.9299949884152997,0.95,1000
8,64,transpose,0,ancilla,8,72,1054,1054,1054,73780,75888,0.001,0.0001,0.00021759037506661054,0.005,1000
8,64,transpose,0,ancilla,8,72,1054,1054,1054,73780,75888,0.0001,1e-05,0.43032740227535515,0.591,1000
8,64,transpose,0,ancilla,8,72,1054,1054,1054,73780,75888,1e-05,1.0000000000000002e-06,0.9191370028152944,0.946,1000
8,64,transpose,0,primitive,0,64,1562,1562,1562,96844,99968,0.001,0.0001,1.3037695098484689e-05,0.003,1000
8,64,transpose,0,primitive,0,64,1562,1562,1562,96844,99968,0.0001,1e-05,0.32476525408750523,0.455,1000
8,64,transpose,0,primitive,0,64,1562,1562,1562,96844,99968,1e-05,1.0000000000000002e-06,0.8936294041253637,0.918,1000
8,64,transpose,0,pipelined,0,64,1394,1394,1394,86428,89216,0.001,0.0001,4.3710175507500785e-05,0.0,1000
8,64,transpose,0,pipelined,0,64,1394,1394,1394,86428,89216,0.0001,1e-05,0.3665239939885747,0.493,1000
8,64,transpose,0,pipelined,0,64,1394,1394,1394,86428,89216,1e-05,1.0000000000000002e-06,0.9045043969931065,0.932,1000
8,64,random,0,1d,0,64,905,905,905,56110,57920,0.001,0.0001,0.0014784909044061635,0.015,1000
8,64,random,0,1d,0,64,905,905,905,56110,57920,0.0001,1e-05,0.5212073504904091,0.623,1000
8,64,random,0,1d,0,64,905,905,905,56110,57920,1e-05,1.0000000000000002e-06,0.9369174758945756,0.954,1000
8,64,random,0,ancilla,8,72,1007,1007,1007,70490,72504,0.001,0.0001,0.0003169215441809206,0.004,1000
8,64,random,0,ancilla,8,72,1007,1007,1007,70490,72504,0.0001,1e-05,0.44681592956678345,0.563,1000
8,64,random,0,ancilla,8,72,1007,1007,1007,70490,72504,1e-05,1.0000000000000002e-06,0.9225994669782233,0.952,1000
8,64,random,0,primitive,0,64,1515,1515,1515,93930,96960,0.001,0.0001,1.828869064512265e-05,0.0,1000
8,64,random,0,primitive,0,64,1515,1515,1515,93930,96960,0.0001,1e-05,0.33594350533759737,0.484,1000
8,64,random,0,primitive,0,64,1515,1515,1515,93930,96960,1e-05,1.0000000000000002e-06,0.896658571897992,0.928,1000
8,64,random,0,pipelined,0,64,1347,1347,1347,83514,86208,0.001,0.0001,6.131466274231321e-05,0.0,1000
8,64,random,0,pipelined,0,64,1347,1347,1347,83514,86208,0.0001,1e-05,0.3791395593621033,0.536,1000
8,64,random,0,pipelined,0,64,1347,1347,1347,83514,86208,1e-05,1.0000000000000002e-06,0.9075704281206899,0.94,1000
8,64,random,1,1d,0,64,957,957,957,59334,61248,0.001,0.0001,0.0010167179771076221,0.007,1000
8,64,random,1,1d,0,64,957,957,957,59334,61248,0.0001,1e-05,0.5020539213373866,0.625,1000
8,64,random,1,1d,0,64,957,957,957,59334,61248,1e-05,1.0000000000000002e-06,0.933416211382901,0.951,1000
8,64,random,1,ancilla,8,72,987,987,987,69090,71064,0.001,0.0001,0.0003719172025413556,0.002,1000
8,64,random,1,ancilla,8,72,987,987,987,69090,71064,0.0001,1e-05,0.45402256031623656,0.578,1000
8,64,random,1,ancilla,8,72,987,987,987,69090,71064,1e-05,1.0000000000000002e-06,0.9240768092537596,0.948,1000
8,64,random,1,primitive,0,64,1495,1495,1495,92690,95680,0.001,0.0001,2.112166050955407e-05,0.0,1000
8,64,random,1,primitive,0,64,1495,1495,1495,92690,95680,0.0001,1e-05,0.3408161454422965,0.483,1000
8,64,random,1,primitive,0,64,1495,1495,1495,92690,95680,1e-05,1.0000000000000002e-06,0.8979506917982456,0.943,1000
8,64,random,1,pipelined,0,64,1327,1327,1327,82274,84928,0.001,0.0001,7.081247727520181e-05,0.001,1000
8,64,random,1,pipelined,0,64,1327,1327,1327,82274,84928,0.0001,1e-05,0.38463872988593656,0.498,1000
8,64,random,1,pipelined,0,64,1327,1327,1327,82274,84928,1e-05,1.0000000000000002e-06,0.908878272430452,0.928,1000
8,64,random,2,1d,0,64,1086,1086,1086,67332,69504,0.001,0.0001,0.0004015895363961458,0.007,1000
8,64,random,2,1d,0,64,1086,1086,1086,67332,69504,0.0001,1e-05,0.45752269132067275,0.588,1000
8,64,random,2,1d,0,64,1086,1086,1086,67332,69504,1e-05,1.0000000000000002e-06,0.9247867690695992,0.954,1000
8,64,random,2,ancilla,8,72,1026,1026,1026,71820,73872,0.001,0.0001,0.000272227494010137,0.002,1000
8,64,random,2,ancilla,8,72,1026,1026,1026,71820,73872,0.0001,1e-05,0.44007561200718975,0.602,1000
8,64,random,2,ancilla,8,72,1026,1026,1026,71820,73872,1e-05,1.0000000000000002e-06,0.9211981795477513,0.957,1000
8,64,random,2,primitive,0,64,1534,1534,1534,95108,98176,0.001,0.0001,1.595013789332696e-05,0.001,1000
8,64,random,2,primitive,0,64,1534,1534,1534,95108,98176,0.0001,1e-05,0.3313790389670033,0.468,1000
8,64,random,2,primitive,0,64,1534,1534,1534,95108,98176,1e-05,1.0000000000000002e-06,0.895432780225255,0.934,1000
8,64,random,2,pipelined,0,64,1366,1366,1366,84692,87424,0.001,0.0001,5.3474430980303464e-05,0.0,1000
8,64,random,2,pipelined,0,64,1366,1366,1366,84692,87424,0.0001,1e-05,0.3739881879529997,0.524,1000
8,64,random,2,pipelined,0,64,1366,1366,1366,84692,87424,1e-05,1.0000000000000002e-06,0.9063297192175697,0.918,1000
8,64,random,3,1d,0,64,992,992,992,61504,63488,0.001,0.0001,0.0007902162850597594,0.012,1000
8,64,random,3,1d,0,64,992,992,992,61504,63488,0.0001,1e-05,0.48956010521605875,0.615,1000
8,64,random,3,1d,0,64,992,992,992,61504,63488,1e-05,1.0000000000000002e-06,0.9310669611857173,0.945,1000
8,64,random,3,ancilla,8,72,1002,1002,1002,70140,72144,0.001,0.0001,0.0003298567602340994,0.008,1000
8,64,random,3,ancilla,8,72,1002,1002,1002,70140,72144,0.0001,1e-05,0.4486067916498747,0.562,1000
8,64,random,3,ancilla,8,72,1002,1002,1002,70140,72144,1e-05,1.0000000000000002e-06,0.9229685809750864,0.947,1000
8,64,random,3,primitive,0,64,1510,1510,1510,93620,96640,0.001,0.0001,1.8959154899933482e-05,0.003,1000
8,64,random,3,primitive,0,64,1510,1510,1510,93620,96640,0.0001,1e-05,0.3371550951407499,0.459,1000
8,64,random,3,primitive,0,64,1510,1510,1510,93620,96640,1e-05,1.0000000000000002e-06,0.8969814274576106,0.91,1000
8,64,random,3,pipelined,0,64,1342,1342,1342,83204,85888,0.001,0.0001,6.356246114746945e-05,0.002,1000
8,64,random,3,pipelined,0,64,1342,1342,1342,83204,85888,0.0001,1e-05,0.38050693696219484,0.509,1000
8,64,random,3,pipelined,0,64,1342,1342,1342,83204,85888,1e-05,1.0000000000000002e-06,0.9078972126601428,0.936,1000
8,64,random,4,1d,0,64,1152,1152,1152,71424,73728,0.001,0.0001,0.0002496792339590956,0.004,1000
8,64,random,4,1d,0,64,1152,1152,1152,71424,73728,0.0001,1e-05,0.43628947100734944,0.543,1000
8,64,random,4,1d,0,64,1152,1152,1152,71424,73728,1e-05,1.0000000000000002e-06,0.9204026024406775,0.946,1000
8,64,random,4,ancilla,8,72,1014,1014,1014,70980,73008,0.001,0.0001,0.0002996599392992522,0.005,1000
8,64,random,4,ancilla,8,72,1014,1014,1014,70980,73008,0.0001,1e-05,0.44432072693708596,0.564,1000
8,64,random,4,ancilla,8,72,1014,1014,1014,70980,73008,1e-05,1.0000000000000002e-06,0.9220829553646573,0.95,1000
8,64,random,4,primitive,0,64,1522,1522,1522,94364,97408,0.001,0.0001,1.738968472960003e-05,0.0,1000
8,64,random,4,primitive,0,64,1522,1522,1522,94364,97408,0.0001,1e-05,0.3342545907097915,0.486,1000
8,64,random,4,primitive,0,64,1522,1522,1522,94364,97408,1e-05,1.0000000000000002e-06,0.896206769333275,0.92,1000
8,64,random,4,pipelined,0,64,1354,1354,1354,83948,86656,0.001,0.0001,5.830065558438067e-05,0.001,1000
8,64,random,4,pipelined,0,64,1354,1354,1354,83948,86656,0.0001,1e-05,0.3772334818889192,0.512,1000
8,64,random,4,pipelined,0,64,1354,1354,1354,83948,86656,1e-05,1.0000000000000002e-06,0.9071131273599128,0.943,1000
8,64,random,5,1d,0,64,1029,1029,1029,63798,65856,0.001,0.0001,0.0006053923156171561,0.005,1000
8,64,random,5,1d,0,64,1029,1029,1029,63798,65856,0.0001,1e-05,0.47669026660517844,0.621,1000
8,64,random,5,1d,0,64,1029,1029,1029,63798,65856,1e-05,1.0000000000000002e-06,0.9285898969288996,0.951,1000
8,64,random,5,ancilla,8,72,1011,1011,1011,70770,72792,0.001,0.0001,0.00030693955750744483,0.002,1000
8,64,random,5,ancilla,8,72,1011,1011,1011,70770,72792,0.0001,1e-05,0.4453883887076341,0.584,1000
8,64,random,5,ancilla,8,72,1011,1011,1011,70770,72792,1e-05,1.0000000000000002e-06,0.9223042820672527,0.946,1000
8,64,random,5,primitive,0,64,1519,1519,1519,94178,97216,0.001,0.0001,1.776943115036251e-05,0.0,1000
8,64,random,5,primitive,0,64,1519,1519,1519,94178,97216,0.0001,1e-05,0.3349773690768595,0.47,1000
8,64,random,5,primitive,0,64,1519,1519,1519,94178,97216,1e-05,1.0000000000000002e-06,0.896400371121499,0.936,1000
8,64,random,5,pipelined,0,64,1351,1351,1351,83762,86464,0.001,0.0001,5.957379340318135e-05,0.0,1000
8,64,random,5,pipelined,0,64,1351,1351,1351,83762,86464,0.0001,1e-05,0.3780491960410091,0.539,1000
8,64,random,5,pipelined,0,64,1351,1351,1351,83762,86464,1e-05,1.0000000000000002e-06,0.907309085178563,0.922,1000
8,64,random,6,1d,0,64,997,997,997,61814,63808,0.001,0.0001,0.0007622713805796637,0.012,1000
8,64,random,6,1d,0,64,997,997,997,61814,63808,0.0001,1e-05,0.4878008376265761,0.615,1000
8,64,random,6,1d,0,64,997,997,997,61814,63808,1e-05,1.0000000000000002e-06,0.930731837028634,0.954,1000
8,64,random,6,ancilla,8,72,1001,1001,1001,70070,72072,0.001,0.0001,0.0003325064806855282,0.005,1000
8,64,random,6,ancilla,8,72,1001,1001,1001,70070,72072,0.0001,1e-05,0.4489658244920249,0.555,1000
8,64,random,6,ancilla,8,72,1001,1001,1001,70070,72072,1e-05,1.0000000000000002e-06,0.9230424214936033,0.945,1000
8,64,random,6,primitive,0,64,1509,1509,1509,93558,96576,0.001,0.0001,1.9096168892700486e-05,0.001,1000
8,64,random,6,primitive,0,64,1509,1509,1509,93558,96576,0.0001,1e-05,0.3373979369538712,0.482,1000
8,64,random,6,primitive,0,64,1509,1509,1509,93558,96576,1e-05,1.0000000000000002e-06,0.8970460125180819,0.943,1000
8,64,random,6,pipelined,0,64,1341,1341,1341,83142,85824,0.001,0.0001,6.402181424827371e-05,0.0,1000
8,64,random,6,pipelined,0,64,1341,1341,1341,83142,85824,0.0001,1e-05,0.3807810036923403,0.501,1000
8,64,random,6,pipelined,0,64,1341,1341,1341,83142,85824,1e-05,1.0000000000000002e-06,0.9079625836863272,0.938,1000
8,64,random,7,1d,0,64,1002,1002,1002,62124,64128,0.001,0.0001,0.0007353147089431152,0.006,1000
8,64,random,7,1d,0,64,1002,1002,1002,62124,64128,0.0001,1e-05,0.4860478920850268,0.595,1000
8,64,random,7,1d,0,64,1002,1002,1002,62124,64128,1e-05,1.0000000000000002e-06,0.9303968334946697,0.95,1000
8,64,random,7,ancilla,8,72,992,992,992,69440,71424,0.001,0.0001,0.0003573326011363335,0.006,1000
8,64,random,7,ancilla,8,72,992,992,992,69440,71424,0.0001,1e-05,0.4522100781976578,0.613,1000
8,64,random,7,ancilla,8,72,992,992,992,69440,71424,1e-05,1.0000000000000002e-06,0.9237072520537607,0.952,1000
8,64,random,7,primitive,0,64,1500,1500,1500,93000,96000,0.001,0.0001,2.0374722238905985e-05,0.001,1000
8,64,random,7,primitive,0,64,1500,1500,1500,93000,96000,0.0001,1e-05,0.3395913994054755,0.464,1000
8,64,random,7,primitive,0,64,1500,1500,1500,93000,96000,1e-05,1.0000000000000002e-06,0.8976274873658727,0.948,1000
8,64,random,7,pipelined,0,64,1332,1332,1332,82584,85248,0.001,0.0001,6.830829209088255e-05,0.004,1000
8,64,random,7,pipelined,0,64,1332,1332,1332,82584,85248,0.0001,1e-05,0.3832565044064943,0.541,1000
8,64,random,7,pipelined,0,64,1332,1332,1332,82584,85248,1e-05,1.0000000000000002e-06,0.9085511347726496,0.94,1000
8,64,random,8,1d,0,64,908,908,908,56296,58112,0.001,0.0001,0.001446894415788875,0.012,1000
8,64,random,8,1d,0,64,908,908,908,56296,58112,0.0001,1e-05,0.5200827449723426,0.643,1000
8,64,random,8,1d,0,64,908,908,908,56296,58112,1e-05,1.0000000000000002e-06,0.9367151233469919,0.957,1000
8,64,random,8,ancilla,8,72,988,988,988,69160,71136,0.001,0.0001,0.0003689534208557168,0.003,1000
8,64,random,8,ancilla,8,72,988,988,988,69160,71136,0.0001,1e-05,0.4536594836602014,0.586,1000
8,64,random,8,ancilla,8,72,988,988,988,69160,71136,1e-05,1.0000000000000002e-06,0.9240028859874438,0.953,1000
8,64,random,8,primitive,0,64,1496,1496,1496,92752,95744,0.001,0.0001,2.097011372252343e-05,0.002,1000
8,64,random,8,primitive,0,64,1496,1496,1496,92752,95744,0.0001,1e-05,0.3405708433771818,0.507,1000
8,64,random,8,primitive,0,64,1496,1496,1496,92752,95744,1e-05,1.0000000000000002e-06,0.8978860416031377,0.938,1000
8,64,random,8,pipelined,0,64,1328,1328,1328,82336,84992,0.001,0.0001,7.03044015295528e-05,0.001,1000
8,64,random,8,pipelined,0,64,1328,1328,1328,82336,84992,0.0001,1e-05,0.38436188656138787,0.515,1000
8,64,random,8,pipelined,0,64,1328,1328,1328,82336,84992,1e-05,1.0000000000000002e-06,0.9088128354769772,0.942,1000
8,64,random,9,1d,0,64,1206,1206,1206,74772,77184,0.001,0.0001,0.0001692426139126279,0.003,1000
8,64,random,9,1d,0,64,1206,1206,1206,74772,77184,0.0001,1e-05,0.41965187979691,0.549,1000
8,64,random,9,1d,0,64,1206,1206,1206,74772,77184,1e-05,1.0000000000000002e-06,0.9168310207582184,0.939,1000
8,64,random,9,ancilla,8,72,1028,1028,1028,71960,74016,0.001,0.0001,0.0002679060584936345,0.007,1000
8,64,random,9,ancilla,8,72,1028,1028,1028,71960,74016,0.0001,1e-05,0.4393720465548213,0.542,1000
8,64,random,9,ancilla,8,72,1028,1028,1028,71960,74016,1e-05,1.0000000000000002e-06,0.9210507994731486,0.95,1000
8,64,random,9,primitive,0,64,1536,1536,1536,95232,98304,0.001,0.0001,1.5722076227721153e-05,0.001,1000
8,64,random,9,primitive,0,64,1536,1536,1536,95232,98304,0.0001,1e-05,0.3309021911989744,0.485,1000
8,64,random,9,primitive,0,64,1536,1536,1536,95232,98304,1e-05,1.0000000000000002e-06,0.8953038470432609,0.927,1000
8,64,random,9,pipelined,0,64,1368,1368,1368,84816,87552,0.001,0.0001,5.270983145907972e-05,0.003,1000
8,64,random,9,pipelined,0,64,1368,1368,1368,84816,87552,0.0001,1e-05,0.37345002647709435,0.502,1000
8,64,random,9,pipelined,0,64,1368,1368,1368,84816,87552,1e-05,1.0000000000000002e-06,0.9061992169875698,0.927,1000
8,64,random,10,1d,0,64,1038,1038,1038,64356,66432,0.001,0.0001,0.0005674027733881392,0.005,1000
8,64,random,10,1d,0,64,1038,1038,1038,64356,66432,0.0001,1e-05,0.47361126577455,0.58,1000
8,64,random,10,1d,0,64,1038,1038,1038,64356,66432,1e-05,1.0000000000000002e-06,0.9279883649163703,0.948,1000
8,64,random,10,ancilla,8,72,990,990,990,69300,71280,0.001,0.0001,0.0003630965237681595,0.006,1000
8,64,random,10,ancilla,8,72,990,990,990,69300,71280,0.0001,1e-05,0.45293420116070804,0.569,1000
8,64,random,10,ancilla,8,72,990,990,990,69300,71280,1e-05,1.0000000000000002e-06,0.9238550571952323,0.955,1000
8,64,random,10,primitive,0,64,1498,1498,1498,92876,95872,0.001,0.0001,2.0670274367184527e-05,0.0,1000
8,64,random,10,primitive,0,64,1498,1498,1498,92876,95872,0.0001,1e-05,0.34008076878759286,0.472,1000
8,64,random,10,primitive,0,64,1498,1498,1498,92876,95872,1e-05,1.0000000000000002e-06,0.8977567551765422,0.934,1000
8,64,random,10,pipelined,0,64,1330,1330,1330,82460,85120,0.001,0.0001,6.929916013167391e-05,0.0,1000
8,64,random,10,pipelined,0,64,1330,1330,1330,82460,85120,0.0001,1e-05,0.38380879754195707,0.55,1000
8,64,random,10,pipelined,0,64,1330,1330,1330,82460,85120,1e-05,1.0000000000000002e-06,0.9086819757035776,0.94,1000
8,64,random,11,1d,0,64,1048,1048,1048,64976,67072,0.001,0.0001,0.0005279815324684988,0.004,1000
8,64,random,11,1d,0,64,1048,1048,1048,64976,67072,0.0001,1e-05,0.47021347316658435,0.57,1000
8,64,random,11,1d,0,64,1048,1048,1048,64976,67072,1e-05,1.0000000000000002e-06,0.927320453019348,0.952,1000
8,64,random,11,ancilla,8,72,1006,1006,1006,70420,72432,0.001,0.0001,0.0003194673567830895,0.002,1000
8,64,random,11,ancilla,8,72,1006,1006,1006,70420,72432,0.0001,1e-05,0.4471735291308033,0.583,1000
8,64,random,11,ancilla,8,72,1006,1006,1006,70420,72432,1e-05,1.0000000000000002e-06,0.9226732779664079,0.942,1000
8,64,random,11,primitive,0,64,1514,1514,1514,93868,96896,0.001,0.0001,1.8420859327798355e-05,0.0,1000
8,64,random,11,primitive,0,64,1514,1514,1514,93868,96896,0.0001,1e-05,0.33618547448211955,0.489,1000
8,64,random,11,primitive,0,64,1514,1514,1514,93868,96896,1e-05,1.0000000000000002e-06,0.896723133712,0.922,1000
8,64,random,11,pipelined,0,64,1346,1346,1346,83452,86144,0.001,0.0001,6.175777145690661e-05,0.001,1000
8,64,random,11,pipelined,0,64,1346,1346,1346,83452,86144,0.0001,1e-05,0.37941264121478313,0.529,1000
8,64,random,11,pipelined,0,64,1346,1346,1346,83452,86144,1e-05,1.0000000000000002e-06,0.907635775617514,0.933,1000
8,64,random,12,1d,0,64,964,964,964,59768,61696,0.001,0.0001,0.0009667397969538832,0.01,1000
8,64,random,12,1d,0,64,964,964,964,59768,61696,0.0001,1e-05,0.49952990703670264,0.648,1000
8,64,random,12,1d,0,64,964,964,964,59768,61696,1e-05,1.0000000000000002e-06,0.9329458876147821,0.939,1000
8,64,random,12,ancilla,8,72,1000,1000,1000,70000,72000,0.001,0.0001,0.0003351774861894923,0.005,1000
8,64,random,12,ancilla,8,72,1000,1000,1000,70000,72000,0.0001,1e-05,0.4493251446784244,0.575,1000
8,64,random,12,ancilla,8,72,1000,1000,1000,70000,72000,1e-05,1.0000000000000002e-06,0.9231162679196043,0.946,1000
8,64,random,12,primitive,0,64,1508,1508,1508,93496,96512,0.001,0.0001,1.9234173057989057e-05,0.002,1000
8,64,random,12,primitive,0,64,1508,1508,1508,93496,96512,0.0001,1e-05,0.3376409536780261,0.463,1000
8,64,random,12,primitive,0,64,1508,1508,1508,93496,96512,1e-05,1.0000000000000002e-06,0.8971106022288501,0.914,1000
8,64,random,12,pipelined,0,64,1340,1340,1340,83080,85760,0.001,0.0001,6.448448700139176e-05,0.001,1000
8,64,random,12,pipelined,0,64,1340,1340,1340,83080,85760,0.0001,1e-05,0.38105526782380833,0.529,1000
8,64,random,12,pipelined,0,64,1340,1340,1340,83080,85760,1e-05,1.0000000000000002e-06,0.9080279594194003,0.937,1000
8,64,random,13,1d,0,64,908,908,908,56296,58112,0.001,0.0001,0.001446894415788875,0.013,1000
8,64,random,13,1d,0,64,908,908,908,56296,58112,0.0001,1e-05,0.5200827449723426,0.63,1000
8,64,random,13,1d,0,64,908,908,908,56296,58112,1e-05,1.0000000000000002e-06,0.9367151233469919,0.962,1000
8,64,random,13,ancilla,8,72,1002,1002,1002,70140,72144,0.001,0.0001,0.0003298567602340994,0.005,1000
8,64,random,13,ancilla,8,72,1002,1002,1002,70140,72144,0.0001,1e-05,0.4486067916498747,0.583,1000
8,64,random,13,ancilla,8,72,1002,1002,1002,70140,72144,1e-05,1.0000000000000002e-06,0.9229685809750864,0.958,1000
8,64,random,13,primitive,0,64,1510,1510,1510,93620,96640,0.001,0.0001,1.8959154899933482e-05,0.001,1000
8,64,random,13,primitive,0,64,1510,1510,1510,93620,96640,0.0001,1e-05,0.3371550951407499,0.53,1000
8,64,random,13,primitive,0,64,1510,1510,1510,93620,96640,1e-05,1.0000000000000002e-06,0.8969814274576106,0.931,1000
8,64,random,13,pipelined,0,64,1342,1342,1342,83204,85888,0.001,0.0001,6.356246114746945e-05,0.003,1000
8,64,random,13,pipelined,0,64,1342,1342,1342,83204,85888,0.0001,1e-05,0.38050693696219484,0.52,1000
8,64,random,13,pipelined,0,64,1342,1342,1342,83204,85888,1e-05,1.0000000000000002e-06,0.9078972126601428,0.951,1000
8,64,random,14,1d,0,64,1025,1025,1025,63550,65600,0.001,0.0001,0.0006230831299870139,0.008,1000
8,64,random,14,1d,0,64,1025,1025,1025,63550,65600,0.0001,1e-05,0.47806512889207636,0.581,1000
8,64,random,14,1d,0,64,1025,1025,1025,63550,65600,1e-05,1.0000000000000002e-06,0.9288573696343502,0.95,1000
8,64,random,14,ancilla,8,72,983,983,983,68810,70776,0.001,0.0001,0.00038401232833599726,0.001,1000
8,64,random,14,ancilla,8,72,983,983,983,68810,70776,0.0001,1e-05,0.45547777507319887,0.584,1000
8,64,random,14,ancilla,8,72,983,983,983,68810,70776,1e-05,1.0000000000000002e-06,0.9243725614647957,0.948,1000
8,64,random,14,primitive,0,64,1491,1491,1491,92442,95424,0.001,0.0001,2.1738879072820373e-05,0.0,1000
8,64,random,14,primitive,0,64,1491,1491,1491,92442,95424,0.0001,1e-05,0.3417991218065331,0.498,1000
8,64,random,14,primitive,0,64,1491,1491,1491,92442,95424,1e-05,1.0000000000000002e-06,0.8982093391318972,0.939,1000
8,64,random,14,pipelined,0,64,1323,1323,1323,82026,84672,0.001,0.0001,7.288176417929522e-05,0.001,1000
8,64,random,14,pipelined,0,64,1323,1323,1323,82026,84672,0.0001,1e-05,0.3857480986329987,0.514,1000
8,64,random,14,pipelined,0,64,1323,1323,1323,82026,84672,1e-05,1.0000000000000002e-06,0.9091400673640996,0.942,1000
8,64,random,15,1d,0,64,1035,1035,1035,64170,66240,0.001,0.0001,0.0005797934047121267,0.006,1000
8,64,random,15,1d,0,64,1035,1035,1035,64170,66240,0.0001,1e-05,0.4746353832790383,0.624,1000
8,64,random,15,1d,0,64,1035,1035,1035,64170,66240,1e-05,1.0000000000000002e-06,0.9281888322784194,0.951,1000
8,64,random,15,ancilla,8,72,1005,1005,1005,70350,72360,0.001,0.0001,0.0003220336197519953,0.004,1000
8,64,random,15,ancilla,8,72,1005,1005,1005,70350,72360,0.0001,1e-05,0.44753141489197895,0.582,1000
8,64,random,15,ancilla,8,72,1005,1005,1005,70350,72360,1e-05,1.0000000000000002e-06,0.9227470948597141,0.947,1000
8,64,random,15,primitive,0,64,1513,1513,1513,93806,96832,0.001,0.0001,1.8553983166915773e-05,0.0,1000
8,64,random,15,primitive,0,64,1513,1513,1513,93806,96832,0.0001,1e-05,0.33642761790912074,0.473,1000
8,64,random,15,primitive,0,64,1513,1513,1513,93806,96832,1e-05,1.0000000000000002e-06,0.896787700174631,0.921,1000
8,64,random,15,pipelined,0,64,1345,1345,1345,83390,86080,0.001,0.0001,6.220408242890743e-05,0.002,1000
8,64,random,15,pipelined,0,64,1345,1345,1345,83390,86080,0.0001,1e-05,0.37968591975941046,0.539,1000
8,64,random,15,pipelined,0,64,1345,1345,1345,83390,86080,1e-05,1.0000000000000002e-06,0.9077011278195325,0.917,1000
8,64,random,16,1d,0,64,997,997,997,61814,63808,0.001,0.0001,0.0007622713805796637,0.006,1000
8,64,random,16,1d,0,64,997,997,997,61814,63808,0.0001,1e-05,0.4878008376265761,0.594,1000
8,64,random,16,1d,0,64,997,997,997,61814,63808,1e-05,1.0000000000000002e-06,0.930731837028634,0.945,1000
8,64,random,16,ancilla,8,72,977,977,977,68390,70344,0.001,0.0001,0.0004028965218027769,0.004,1000
8,64,random,16,ancilla,8,72,977,977,977,68390,70344,0.0001,1e-05,0.45766934724507635,0.593,1000
8,64,random,16,ancilla,8,72,977,977,977,68390,70344,1e-05,1.0000000000000002e-06,0.9248163672707274,0.952,1000
8,64,random,16,primitive,0,64,1485,1485,1485,92070,95040,0.001,0.0001,2.2698689281142144e-05,0.001,1000
8,64,random,16,primitive,0,64,1485,1485,1485,92070,95040,0.0001,1e-05,0.34327890469047506,0.453,1000
8,64,random,16,primitive,0,64,1485,1485,1485,92070,95040,1e-05,1.0000000000000002e-06,0.8985974498289121,0.936,1000
8,64,random,16,pipelined,0,64,1317,1317,1317,81654,84288,0.001,0.0001,7.60996238042309e-05,0.001,1000
8,64,random,16,pipelined,0,64,1317,1317,1317,81654,84288,0.0001,1e-05,0.3874181539299616,0.511,1000
8,64,random,16,pipelined,0,64,1317,1317,1317,81654,84288,1e-05,1.0000000000000002e-06,0.9095329011611405,0.934,1000
8,64,random,17,1d,0,64,1002,1002,1002,62124,64128,0.001,0.0001,0.0007353147089431152,0.013,1000
8,64,random,17,1d,0,64,1002,1002,1002,62124,64128,0.0001,1e-05,0.4860478920850268,0.584,1000
8,64,random,17,1d,0,64,1002,1002,1002,62124,64128,1e-05,1.0000000000000002e-06,0.9303968334946697,0.952,1000
8,64,random,17,ancilla,8,72,986,986,986,69020,70992,0.001,0.0001,0.000374904792115426,0.003,1000
8,64,random,17,ancilla,8,72,986,986,986,69020,70992,0.0001,1e-05,0.4543859275529008,0.595,1000
8,64,random,17,ancilla,8,72,986,986,986,69020,70992,1e-05,1.0000000000000002e-06,0.9241507384341795,0.95,1000
8,64,random,17,primitive,0,64,1494,1494,1494,92628,95616,0.001,0.0001,2.1274302494682504e-05,0.0,1000
8,64,random,17,primitive,0,64,1494,1494,1494,92628,95616,0.0001,1e-05,0.341061624190484,0.479,1000
8,64,random,17,primitive,0,64,1494,1494,1494,92628,95616,1e-05,1.0000000000000002e-06,0.8980153466483402,0.931,1000
8,64,random,17,pipelined,0,64,1326,1326,1326,82212,84864,0.001,0.0001,7.132422478190278e-05,0.002,1000
8,64,random,17,pipelined,0,64,1326,1326,1326,82212,84864,0.0001,1e-05,0.38491577261169807,0.538,1000
8,64,random,17,pipelined,0,64,1326,1326,1326,82212,84864,1e-05,1.0000000000000002e-06,0.9089437140955624,0.917,1000
8,64,random,18,1d,0,64,1073,1073,1073,66526,68672,0.001,0.0001,0.00044099831203429045,0.006,1000
8,64,random,18,1d,0,64,1073,1073,1073,66526,68672,0.0001,1e-05,0.4618252567103959,0.592,1000
8,64,random,18,1d,0,64,1073,1073,1073,66526,68672,1e-05,1.0000000000000002e-06,0.9256527756876016,0.952,1000
8,64,random,18,ancilla,8,72,999,999,999,69930,71928,0.001,0.0001,0.0003378699477275989,0.005,1000
8,64,random,18,ancilla,8,72,999,999,999,69930,71928,0.0001,1e-05,0.4496847524390428,0.571,1000
8,64,random,18,ancilla,8,72,999,999,999,69930,71928,1e-05,1.0000000000000002e-06,0.923190120253562,0.953,1000
8,64,random,18,primitive,0,64,1507,1507,1507,93434,96448,0.001,0.0001,1.9373174551576513e-05,0.003,1000
8,64,random,18,primitive,0,64,1507,1507,1507,93434,96448,0.0001,1e-05,0.33788414543919754,0.453,1000
8,64,random,18,primitive,0,64,1507,1507,1507,93434,96448,1e-05,1.0000000000000002e-06,0.8971751965902501,0.931,1000
8,64,random,18,pipelined,0,64,1339,1339,1339,83018,85696,0.001,0.0001,6.495050339728204e-05,0.0,1000
8,64,random,18,pipelined,0,64,1339,1339,1339,83018,85696,0.0001,1e-05,0.3813297294987806,0.507,1000
8,64,random,18,pipelined,0,64,1339,1339,1339,83018,85696,1e-05,1.0000000000000002e-06,0.908093339859701,0.946,1000
8,64,random,19,1d,0,64,893,893,893,55366,57152,0.001,0.0001,0.0016119290551062176,0.015,1000
8,64,random,19,1d,0,64,893,893,893,55366,57152,0.0001,1e-05,0.5257301432105786,0.649,1000
8,64,random,19,1d,0,64,893,893,893,55366,57152,1e-05,1.0000000000000002e-06,0.9377273233085531,0.952,1000
8,64,random,19,ancilla,8,72,983,983,983,68810,70776,0.001,0.0001,0.00038401232833599726,0.004,1000
8,64,random,19,ancilla,8,72,983,983,983,68810,70776,0.0001,1e-05,0.45547777507319887,0.613,1000
8,64,random,19,ancilla,8,72,983,983,983,68810,70776,1e-05,1.0000000000000002e-06,0.9243725614647957,0.955,1000
8,64,random,19,primitive,0,64,1491,1491,1491,92442,95424,0.001,0.0001,2.1738879072820373e-05,0.0,1000
8,64,random,19,primitive,0,64,1491,1491,1491,92442,95424,0.0001,1e-05,0.3417991218065331,0.493,1000
8,64,random,19,primitive,0,64,1491,1491,1491,92442,95424,1e-05,1.0000000000000002e-06,0.8982093391318972,0.931,1000
8,64,random,19,pipelined,0,64,1323,1323,1323,82026,84672,0.001,0.0001,7.288176417929522e-05,0.0,1000
8,64,random,19,pipelined,0,64,1323,1323,1323,82026,84672,0.0001,1e-05,0.3857480986329987,0.56,1000
8,64,random,19,pipelined,0,64,1323,1323,1323,82026,84672,1e-05,1.0000000000000002e-06,0.9091400673640996,0.926,1000
10,100,reverse,0,1d,0,100,4500,4500,4500,441000,450000,0.001,0.0001,7.786686354850075e-22,0.0,1000
10,100,reverse,0,1d,0,100,4500,4500,4500,441000,450000,0.0001,1e-05,0.007750138602161004,0.038,1000
10,100,reverse,0,1d,0,100,4500,4500,4500,441000,450000,1e-05,1.0000000000000002e-06,0.6150815332859574,0.71,1000
10,100,reverse,0,ancilla,10,110,2038,2038,2038,220104,224180,0.001,0.0001,3.5891512348701676e-11,0.0,1000
10,100,reverse,0,ancilla,10,110,2038,2038,2038,220104,224180,0.0001,1e-05,0.09027802569640123,0.189,1000
10,100,reverse,0,ancilla,10,110,2038,2038,2038,220104,224180,1e-05,1.0000000000000002e-06,0.786247058650933,0.859,1000
10,100,reverse,0,primitive,0,100,2910,2910,2910,285180,291000,0.001,0.0001,2.2373884968712408e-14,0.0,1000
10,100,reverse,0,primitive,0,100,2910,2910,2910,285180,291000,0.0001,1e-05,0.043160532103069894,0.102,1000
10,100,reverse,0,primitive,0,100,2910,2910,2910,285180,291000,1e-05,1.0000000000000002e-06,0.7303143010622662,0.816,1000
10,100,reverse,0,pipelined,0,100,2622,2622,2622,256956,262200,0.001,0.0001,5.019897266286051e-13,0.0,1000
10,100,reverse,0,pipelined,0,100,2622,2622,2622,256956,262200,0.0001,1e-05,0.05890755320632367,0.149,1000
10,100,reverse,0,pipelined,0,100,2622,2622,2622,256956,262200,1e-05,1.0000000000000002e-06,0.7533869844779719,0.841,1000
10,100,transpose,0,1d,0,100,2475,2475,2475,242550,247500,0.001,0.0001,2.4560882927510214e-12,0.0,1000
10,100,transpose,0,1d,0,100,2475,2475,2475,242550,247500,0.0001,1e-05,0.06904308814625267,0.178,1000
10,100,transpose,0,1d,0,100,2475,2475,2475,242550,247500,1e-05,1.0000000000000002e-06,0.7654432164370844,0.838,1000
10,100,transpose,0,ancilla,10,110,1797,1797,1797,194076,197670,0.001,0.0001,6.168041631273009e-10,0.0,1000
10,100,transpose,0,ancilla,10,110,1797,1797,1797,194076,197670,0.0001,1e-05,0.11997418438668091,0.229,1000
10,100,transpose,0,ancilla,10,110,1797,1797,1797,194076,197670,1e-05,1.0000000000000002e-06,0.8089273348624721,0.858,1000
10,100,transpose,0,primitive,0,100,2669,2669,2669,261562,266900,0.001,0.0001,3.02152877864849e-13,0.0,1000
10,100,transpose,0,primitive,0,100,2669,2669,2669,261562,266900,0.0001,1e-05,0.05599200176542277,0.151,1000
10,100,transpose,0,primitive,0,100,2669,2669,2669,261562,266900,1e-05,1.0000000000000002e-06,0.7495724780556369,0.839,1000
10,100,transpose,0,pipelined,0,100,2381,2381,2381,233338,238100,0.001,0.0001,6.77922679818581e-12,0.0,1000
10,100,transpose,0,pipelined,0,100,2381,2381,2381,233338,238100,0.0001,1e-05,0.07642055513237307,0.18,1000
10,100,transpose,0,pipelined,0,100,2381,2381,2381,233338,238100,1e-05,1.0000000000000002e-06,0.7732535814629617,0.815,1000
10,100,random,0,1d,0,100,2260,2260,2260,221480,226000,0.001,0.0001,2.5047722073339643e-11,0.0,1000
10,100,random,0,1d,0,100,2260,2260,2260,221480,226000,0.0001,1e-05,0.08708920203807988,0.187,1000
10,100,random,0,1d,0,100,2260,2260,2260,221480,226000,1e-05,1.0000000000000002e-06,0.7834247824701777,0.859,1000
10,100,random,0,ancilla,10,110,1662,1662,1662,179496,182820,0.001,0.0001,3.0341664551753194e-09,0.0,1000
10,100,random,0,ancilla,10,110,1662,1662,1662,179496,182820,0.0001,1e-05,0.14069268793448192,0.262,1000
10,100,random,0,ancilla,10,110,1662,1662,1662,179496,182820,1e-05,1.0000000000000002e-06,0.8219167447178859,0.876,1000
10,100,random,0,primitive,0,100,2534,2534,2534,248332,253400,0.001,0.0001,1.2986321625060826e-12,0.0,1000
10,100,random,0,primitive,0,100,2534,2534,2534,248332,253400,0.0001,1e-05,0.06478086013659172,0.164,1000
10,100,random,0,primitive,0,100,2534,2534,2534,248332,253400,1e-05,1.0000000000000002e-06,0.7605813142757578,0.845,1000
10,100,random,0,pipelined,0,100,2246,2246,2246,220108,224600,0.001,0.0001,2.913664771045164e-11,0.0,1000
10,100,random,0,pipelined,0,100,2246,2246,2246,220108,224600,0.0001,1e-05,0.08841600831367556,0.194,1000
10,100,random,0,pipelined,0,100,2246,2246,2246,220108,224600,1e-05,1.0000000000000002e-06,0.784610217791218,0.847,1000
10,100,random,1,1d,0,100,2336,2336,2336,228928,233600,0.001,0.0001,1.1022158110664083e-11,0.0,1000
10,100,random,1,1d,0,100,2336,2336,2336,228928,233600,0.0001,1e-05,0.08022636100794148,0.193,1000
10,100,random,1,1d,0,100,2336,2336,2336,228928,233600,1e-05,1.0000000000000002e-06,0.7770207441125389,0.834,1000
10,100,random,1,ancilla,10,110,1650,1650,1650,178200,181500,0.001,0.0001,3.49575448222648e-09,0.0,1000
10,100,random,1,ancilla,10,110,1650,1650,1650,178200,181500,0.0001,1e-05,0.14269908585217733,0.254,1000
10,100,random,1,ancilla,10,110,1650,1650,1650,178200,181500,1e-05,1.0000000000000002e-06,0.8230814042392594,0.876,1000
10,100,random,1,primitive,0,100,2522,2522,2522,247156,252200,0.001,0.0001,1.478345285926408e-12,0.0,1000
10,100,random,1,primitive,0,100,2522,2522,2522,247156,252200,0.0001,1e-05,0.06562589180771172,0.169,1000
10,100,random,1,primitive,0,100,2522,2522,2522,247156,252200,1e-05,1.0000000000000002e-06,0.7615676675821288,0.832,1000
10,100,random,1,pipelined,0,100,2234,2234,2234,218932,223400,0.001,0.0001,3.3168765593577316e-11,0.0,1000
10,100,random,1,pipelined,0,100,2234,2234,2234,218932,223400,0.0001,1e-05,0.08956934785102548,0.183,1000
10,100,random,1,pipelined,0,100,2234,2234,2234,218932,223400,1e-05,1.0000000000000002e-06,0.785627732773515,0.842,1000
10,100,random,2,1d,0,100,2464,2464,2464,241472,246400,0.001,0.0001,2.765940864221829e-12,0.0,1000
10,100,random,2,1d,0,100,2464,2464,2464,241472,246400,0.0001,1e-05,0.06986821917102812,0.175,1000
10,100,random,2,1d,0,100,2464,2464,2464,241472,246400,1e-05,1.0000000000000002e-06,0.7663531041786056,0.835,1000
10,100,random,2,ancilla,10,110,1694,1694,1694,182952,186340,0.001,0.0001,2.0798659632036287e-09,0.0,1000
10,100,random,2,ancilla,10,110,1694,1694,1694,182952,186340,0.0001,1e-05,0.1354791373765519,0.249,1000
10,100,random,2,ancilla,10,110,1694,1694,1694,182952,186340,1e-05,1.0000000000000002e-06,0.8188190365132918,0.871,1000
10,100,random,2,primitive,0,100,2566,2566,2566,251468,256600,0.001,0.0001,9.191369345413081e-13,0.0,1000
10,100,random,2,primitive,0,100,2566,2566,2566,251468,256600,0.0001,1e-05,0.06258025885730177,0.147,1000
10,100,random,2,primitive,0,100,2566,2566,2566,251468,256600,1e-05,1.0000000000000002e-06,0.7579572797915474,0.829,1000
10,100,random,2,pipelined,0,100,2278,2278,2278,223244,227800,0.001,0.0001,2.0622135992469003e-11,0.0,1000
10,100,random,2,pipelined,0,100,2278,2278,2278,223244,227800,0.0001,1e-05,0.0854125227070545,0.198,1000
10,100,random,2,pipelined,0,100,2278,2278,2278,223244,227800,1e-05,1.0000000000000002e-06,0.7819032826752685,0.832,1000
10,100,random,3,1d,0,100,2530,2530,2530,247940,253000,0.001,0.0001,1.3559678629013142e-12,0.0,1000
10,100,random,3,1d,0,100,2530,2530,2530,247940,253000,0.0001,1e-05,0.06506132138346292,0.16,1000
10,100,random,3,1d,0,100,2530,2530,2530,247940,253000,1e-05,1.0000000000000002e-06,0.7609099566864395,0.814,1000
10,100,random,3,ancilla,10,110,1710,1710,1710,184680,188100,0.001,0.0001,1.7220006869928033e-09,0.0,1000
10,100,random,3,ancilla,10,110,1710,1710,1710,184680,188100,0.0001,1e-05,0.13294526396262424,0.243,1000
10,100,random,3,ancilla,10,110,1710,1710,1710,184680,188100,1e-05,1.0000000000000002e-06,0.8172745632526173,0.867,1000
10,100,random,3,primitive,0,100,2582,2582,2582,253036,258200,0.001,0.0001,7.732630353139849e-13,0.0,1000
10,100,random,3,primitive,0,100,2582,2582,2582,253036,258200,0.0001,1e-05,0.061508151838538375,0.163,1000
10,100,random,3,primitive,0,100,2582,2582,2582,253036,258200,1e-05,1.0000000000000002e-06,0.7566486593861191,0.83,1000
10,100,random,3,pipelined,0,100,2294,2294,2294,224812,229400,0.001,0.0001,1.7349248923559273e-11,0.0,1000
10,100,random,3,pipelined,0,100,2294,2294,2294,224812,229400,0.0001,1e-05,0.08394925990251217,0.158,1000
10,100,random,3,pipelined,0,100,2294,2294,2294,224812,229400,1e-05,1.0000000000000002e-06,0.780553319269598,0.86,1000
10,100,random,4,1d,0,100,2352,2352,2352,230496,235200,0.001,0.0001,9.272859261842364e-12,0.0,1000
10,100,random,4,1d,0,100,2352,2352,2352,230496,235200,0.0001,1e-05,0.07885194603591993,0.175,1000
10,100,random,4,1d,0,100,2352,2352,2352,230496,235200,1e-05,1.0000000000000002e-06,0.7756792104558315,0.834,1000
10,100,random,4,ancilla,10,110,1684,1684,1684,181872,185240,0.001,0.0001,2.340381276016561e-09,0.0,1000
10,100,random,4,ancilla,10,110,1684,1684,1684,181872,185240,0.0001,1e-05,0.13708727472184326,0.275,1000
10,100,random,4,ancilla,10,110,1684,1684,1684,181872,185240,1e-05,1.0000000000000002e-06,0.8197858141150864,0.875,1000
10,100,random,4,primitive,0,100,2556,2556,2556,250488,255600,0.001,0.0001,1.023972570655722e-12,0.0,1000
10,100,random,4,primitive,0,100,2556,2556,2556,250488,255600,0.0001,1e-05,0.06325979477100745,0.142,1000
10,100,random,4,primitive,0,100,2556,2556,2556,250488,255600,1e-05,1.0000000000000002e-06,0.7587763166047978,0.849,1000
10,100,random,4,pipelined,0,100,2268,2268,2268,222264,226800,0.001,0.0001,2.2974271635769357e-11,0.0,1000
10,100,random,4,pipelined,0,100,2268,2268,2268,222264,226800,0.0001,1e-05,0.08633998573963787,0.178,1000
10,100,random,4,pipelined,0,100,2268,2268,2268,222264,226800,1e-05,1.0000000000000002e-06,0.782748195165704,0.865,1000
10,100,random,5,1d,0,100,2458,2458,2458,240884,245800,0.001,0.0001,2.9511260095680667e-12,0.0,1000
10,100,random,5,1d,0,100,2458,2458,2458,240884,245800,0.0001,1e-05,0.0703224394794345,0.166,1000
10,100,random,5,1d,0,100,2458,2458,2458,240884,245800,1e-05,1.0000000000000002e-06,0.7668498623777631,0.821,1000
10,100,random,5,ancilla,10,110,1762,1762,1762,190296,193820,0.001,0.0001,9.32237848816443e-10,0.0,1000
10,100,random,5,ancilla,10,110,1762,1762,1762,190296,193820,0.0001,1e-05,0.12503290636026743,0.249,1000
10,100,random,5,ancilla,10,110,1762,1762,1762,190296,193820,1e-05,1.0000000000000002e-06,0.812275116115857,0.871,1000
10,100,random,5,primitive,0,100,2634,2634,2634,258132,263400,0.001,0.0001,4.4096599789881175e-13,0.0,1000
10,100,random,5,primitive,0,100,2634,2634,2634,258132,263400,0.0001,1e-05,0.05814903020943418,0.139,1000
10,100,random,5,primitive,0,100,2634,2634,2634,258132,263400,1e-05,1.0000000000000002e-06,0.7524112264793742,0.839,1000
10,100,random,5,pipelined,0,100,2346,2346,2346,229908,234600,0.001,0.0001,9.893695308047058e-12,0.0,1000
10,100,random,5,pipelined,0,100,2346,2346,2346,229908,234600,0.0001,1e-05,0.07936457045474483,0.183,1000
10,100,random,5,pipelined,0,100,2346,2346,2346,229908,234600,1e-05,1.0000000000000002e-06,0.7761820139358576,0.842,1000
10,100,random,6,1d,0,100,2578,2578,2578,252644,257800,0.001,0.0001,8.074032476077507e-13,0.0,1000
10,100,random,6,1d,0,100,2578,2578,2578,252644,257800,0.0001,1e-05,0.06177444427307856,0.169,1000
10,100,random,6,1d,0,100,2578,2578,2578,252644,257800,1e-05,1.0000000000000002e-06,0.7569756025213137,0.816,1000
10,100,random,6,ancilla,10,110,1734,1734,1734,187272,190740,0.001,0.0001,1.297269714224841e-09,0.0,1000
10,100,random,6,ancilla,10,110,1734,1734,1734,187272,190740,0.0001,1e-05,0.1292330346420303,0.251,1000
10,100,random,6,ancilla,10,110,1734,1734,1734,187272,190740,1e-05,1.0000000000000002e-06,0.8149633139261627,0.872,1000
10,100,random,6,primitive,0,100,2606,2606,2606,255388,260600,0.001,0.0001,5.966886782804691e-13,0.0,1000
10,100,random,6,primitive,0,100,2606,2606,2606,255388,260600,0.0001,1e-05,0.05993433094818239,0.17,1000
10,100,random,6,primitive,0,100,2606,2606,2606,255388,260600,1e-05,1.0000000000000002e-06,0.7546899638315225,0.824,1000
10,100,random,6,pipelined,0,100,2318,2318,2318,227164,231800,0.001,0.0001,1.338755369982731e-11,0.0,1000
10,100,random,6,pipelined,0,100,2318,2318,2318,227164,231800,0.0001,1e-05,0.08180123407154066,0.203,1000
10,100,random,6,pipelined,0,100,2318,2318,2318,227164,231800,1e-05,1.0000000000000002e-06,0.7785327430118942,0.84,1000
10,100,random,7,1d,0,100,2364,2364,2364,231672,236400,0.001,0.0001,8.145616176720677e-12,0.0,1000
10,100,random,7,1d,0,100,2364,2364,2364,231672,236400,0.0001,1e-05,0.07783660910267053,0.174,1000
10,100,random,7,1d,0,100,2364,2364,2364,231672,236400,1e-05,1.0000000000000002e-06,0.7746745804190216,0.816,1000
10,100,random,7,ancilla,10,110,1686,1686,1686,182088,185460,0.001,0.0001,2.2857901741547536e-09,0.0,1000
10,100,random,7,ancilla,10,110,1686,1686,1686,182088,185460,0.0001,1e-05,0.13676412736920754,0.259,1000
10,100,random,7,ancilla,10,110,1686,1686,1686,182088,185460,1e-05,1.0000000000000002e-06,0.819592367320074,0.887,1000
10,100,random,7,primitive,0,100,2558,2558,2558,250684,255800,0.001,0.0001,1.002089939943425e-12,0.0,1000
10,100,random,7,primitive,0,100,2558,2558,2558,250684,255800,0.0001,1e-05,0.0631232998306695,0.155,1000
10,100,random,7,primitive,0,100,2558,2558,2558,250684,255800,1e-05,1.0000000000000002e-06,0.7586124384696608,0.831,1000
10,100,random,7,pipelined,0,100,2270,2270,2270,222460,227000,0.001,0.0001,2.2483303892592808e-11,0.0,1000
10,100,random,7,pipelined,0,100,2270,2270,2270,222460,227000,0.0001,1e-05,0.08615369093351384,0.192,1000
10,100,random,7,pipelined,0,100,2270,2270,2270,222460,227000,1e-05,1.0000000000000002e-06,0.782579139659228,0.836,1000
10,100,random,8,1d,0,100,2532,2532,2532,248136,253200,0.001,0.0001,1.3269903835703878e-12,0.0,1000
10,100,random,8,1d,0,100,2532,2532,2532,248136,253200,0.0001,1e-05,0.06492093930962456,0.166,1000
10,100,random,8,1d,0,100,2532,2532,2532,248136,253200,1e-05,1.0000000000000002e-06,0.7607456177343922,0.835,1000
10,100,random,8,ancilla,10,110,1730,1730,1730,186840,190300,0.001,0.0001,1.359974565268042e-09,0.0,1000
10,100,random,8,ancilla,10,110,1730,1730,1730,186840,190300,0.0001,1e-05,0.12984446178745015,0.258,1000
10,100,random,8,ancilla,10,110,1730,1730,1730,186840,190300,1e-05,1.0000000000000002e-06,0.8153480677442098,0.876,1000
10,100,random,8,primitive,0,100,2602,2602,2602,254996,260200,0.001,0.0001,6.230329844472704e-13,0.0,1000
10,100,random,8,primitive,0,100,2602,2602,2602,254996,260200,0.0001,1e-05,0.060193809707073165,0.152,1000
10,100,random,8,primitive,0,100,2602,2602,2602,254996,260200,1e-05,1.0000000000000002e-06,0.7550160606266654,0.838,1000
10,100,random,8,pipelined,0,100,2314,2314,2314,226772,231400,0.001,0.0001,1.3978625436782518e-11,0.0,1000
10,100,random,8,pipelined,0,100,2314,2314,2314,226772,231400,0.0001,1e-05,0.08215538306022242,0.199,1000
10,100,random,8,pipelined,0,100,2314,2314,2314,226772,231400,1e-05,1.0000000000000002e-06,0.7788691421222269,0.827,1000
10,100,random,9,1d,0,100,2611,2611,2611,255878,261100,0.001,0.0001,5.65319212016763e-13,0.0,1000
10,100,random,9,1d,0,100,2611,2611,2611,255878,261100,0.0001,1e-05,0.0596115548819322,0.135,1000
10,100,random,9,1d,0,100,2611,2611,2611,255878,261100,1e-05,1.0000000000000002e-06,0.7542825408916652,0.811,1000
10,100,random,9,ancilla,10,110,1725,1725,1725,186300,189750,0.001,0.0001,1.4426348512202898e-09,0.0,1000
10,100,random,9,ancilla,10,110,1725,1725,1725,186300,189750,0.0001,1e-05,0.1306128152980755,0.233,1000
10,100,random,9,ancilla,10,110,1725,1725,1725,186300,189750,1e-05,1.0000000000000002e-06,0.8158292654676687,0.877,1000
10,100,random,9,primitive,0,100,2597,2597,2597,254506,259700,0.001,0.0001,6.576049780596426e-13,0.0,1000
10,100,random,9,primitive,0,100,2597,2597,2597,254506,259700,0.0001,1e-05,0.06051973848293455,0.126,1000
10,100,random,9,primitive,0,100,2597,2597,2597,254506,259700,1e-05,1.0000000000000002e-06,0.7554238797745094,0.829,1000
10,100,random,9,pipelined,0,100,2309,2309,2309,226282,230900,0.001,0.0001,1.4754296968425304e-11,0.0,1000
10,100,random,9,pipelined,0,100,2309,2309,2309,226282,230900,0.0001,1e-05,0.0826002262020928,0.182,1000
10,100,random,9,pipelined,0,100,2309,2309,2309,226282,230900,1e-05,1.0000000000000002e-06,0.7792898454242979,0.877,1000
10,100,random,10,1d,0,100,2539,2539,2539,248822,253900,0.001,0.0001,1.2303597127453548e-12,0.0,1000
10,100,random,10,1d,0,100,2539,2539,2539,248822,253900,0.0001,1e-05,0.06443198310947897,0.173,1000
10,100,random,10,1d,0,100,2539,2539,2539,248822,253900,1e-05,1.0000000000000002e-06,0.7601707108625501,0.836,1000
10,100,random,10,ancilla,10,110,1731,1731,1731,186948,190410,0.001,0.0001,1.3440197772314984e-09,0.0,1000
10,100,random,10,ancilla,10,110,1731,1731,1731,186948,190410,0.0001,1e-05,0.12969133433587215,0.255,1000
10,100,random,10,ancilla,10,110,1731,1731,1731,186948,190410,1e-05,1.0000000000000002e-06,0.815251862263657,0.869,1000
10,100,random,10,primitive,0,100,2603,2603,2603,255094,260300,0.001,0.0001,6.163398226418271e-13,0.0,1000
10,100,random,10,primitive,0,100,2603,2603,2603,255094,260300,0.0001,1e-05,0.06012883488968773,0.153,1000
10,100,random,10,primitive,0,100,2603,2603,2603,255094,260300,1e-05,1.0000000000000002e-06,0.7549345232204719,0.828,1000
10,100,random,10,pipelined,0,100,2315,2315,2315,226870,231500,0.001,0.0001,1.3828454893325537e-11,0.0,1000
10,100,random,10,pipelined,0,100,2315,2315,2315,226870,231500,0.0001,1e-05,0.08206670232980272,0.19,1000
10,100,random,10,pipelined,0,100,2315,2315,2315,226870,231500,1e-05,1.0000000000000002e-06,0.7787850287199768,0.842,1000
10,100,random,11,1d,0,100,2467,2467,2467,241766,246700,0.001,0.0001,2.6777526582661854e-12,0.0,1000
10,100,random,11,1d,0,100,2467,2467,2467,241766,246700,0.0001,1e-05,0.06964221040103191,0.169,1000
10,100,random,11,1d,0,100,2467,2467,2467,241766,246700,1e-05,1.0000000000000002e-06,0.7661048457653092,0.836,1000
10,100,random,11,ancilla,10,110,1729,1729,1729,186732,190190,0.001,0.0001,1.3761187517536287e-09,0.0,1000
10,100,random,11,ancilla,10,110,1729,1729,1729,186732,190190,0.0001,1e-05,0.12999777003766474,0.222,1000
10,100,random,11,ancilla,10,110,1729,1729,1729,186732,190190,1e-05,1.0000000000000002e-06,0.8154442845776891,0.87,1000
10,100,random,11,primitive,0,100,2601,2601,2601,254898,260100,0.001,0.0001,6.297988308551167e-13,0.0,1000
10,100,random,11,primitive,0,100,2601,2601,2601,254898,260100,0.0001,1e-05,0.06025885473581228,0.155,1000
10,100,random,11,primitive,0,100,2601,2601,2601,254898,260100,1e-05,1.0000000000000002e-06,0.7550976068393823,0.86,1000
10,100,random,11,pipelined,0,100,2313,2313,2313,226674,231300,0.001,0.0001,1.4130426762007681e-11,0.0,1000
10,100,random,11,pipelined,0,100,2313,2313,2313,226674,231300,0.0001,1e-05,0.08224415961844711,0.173,1000
10,100,random,11,pipelined,0,100,2313,2313,2313,226674,231300,1e-05,1.0000000000000002e-06,0.7789532646092232,0.833,1000
10,100,random,12,1d,0,100,2572,2572,2572,252056,257200,0.001,0.0001,8.614604726537862e-13,0.0,1000
10,100,random,12,1d,0,100,2572,2572,2572,252056,257200,0.0001,1e-05,0.06217604613816497,0.15,1000
10,100,random,12,1d,0,100,2572,2572,2572,252056,257200,1e-05,1.0000000000000002e-06,0.7574662821245725,0.821,1000
10,100,random,12,ancilla,10,110,1738,1738,1738,187704,191180,0.001,0.0001,1.2374560189758483e-09,0.0,1000
10,100,random,12,ancilla,10,110,1738,1738,1738,187704,191180,0.0001,1e-05,0.12862448665794704,0.261,1000
10,100,random,12,ancilla,10,110,1738,1738,1738,187704,191180,1e-05,1.0000000000000002e-06,0.8145787416692261,0.875,1000
10,100,random,12,primitive,0,100,2610,2610,2610,255780,261000,0.001,0.0001,5.714583138867922e-13,0.0,1000
10,100,random,12,primitive,0,100,2610,2610,2610,255780,261000,0.0001,1e-05,0.05967597072999612,0.135,1000
10,100,random,12,primitive,0,100,2610,2610,2610,255780,261000,1e-05,1.0000000000000002e-06,0.7543640078799,0.845,1000
10,100,random,12,pipelined,0,100,2322,2322,2322,227556,232200,0.001,0.0001,1.2821474820704028e-11,0.0,1000
10,100,random,12,pipelined,0,100,2322,2322,2322,227556,232200,0.0001,1e-05,0.08144861172057287,0.194,1000
10,100,random,12,pipelined,0,100,2322,2322,2322,227556,232200,1e-05,1.0000000000000002e-06,0.778196489194725,0.859,1000
10,100,random,13,1d,0,100,2563,2563,2563,251174,256300,0.001,0.0001,9.49407481387577e-13,0.0,1000
10,100,random,13,1d,0,100,2563,2563,2563,251174,256300,0.0001,1e-05,0.06278334958703216,0.159,1000
10,100,random,13,1d,0,100,2563,2563,2563,251174,256300,1e-05,1.0000000000000002e-06,0.7582028979633519,0.829,1000
10,100,random,13,ancilla,10,110,1719,1719,1719,185652,189090,0.001,0.0001,1.5484856318426892e-09,0.0,1000
10,100,random,13,ancilla,10,110,1719,1719,1719,185652,189090,0.0001,1e-05,0.13154084355326526,0.252,1000
10,100,random,13,ancilla,10,110,1719,1719,1719,185652,189090,1e-05,1.0000000000000002e-06,0.8164070776182591,0.883,1000
10,100,random,13,primitive,0,100,2591,2591,2591,253918,259100,0.001,0.0001,7.016329162623798e-13,0.0,1000
10,100,random,13,primitive,0,100,2591,2591,2591,253918,259100,0.0001,1e-05,0.06091318337969229,0.145,1000
10,100,random,13,primitive,0,100,2591,2591,2591,253918,259100,1e-05,1.0000000000000002e-06,0.7559135535346483,0.823,1000
10,100,random,13,pipelined,0,100,2303,2303,2303,225694,230300,0.001,0.0001,1.574212597949423e-11,0.0,1000
10,100,random,13,pipelined,0,100,2303,2303,2303,225694,230300,0.0001,1e-05,0.08313721856664859,0.172,1000
10,100,random,13,pipelined,0,100,2303,2303,2303,225694,230300,1e-05,1.0000000000000002e-06,0.7797949893561537,0.858,1000
10,100,random,14,1d,0,100,2783,2783,2783,272734,278300,0.001,0.0001,8.820116800680143e-14,0.0,1000
10,100,random,14,1d,0,100,2783,2783,2783,272734,278300,0.0001,1e-05,0.04950569563436787,0.128,1000
10,100,random,14,1d,0,100,2783,2783,2783,272734,278300,1e-05,1.0000000000000002e-06,0.7404003130093934,0.814,1000
10,100,random,14,ancilla,10,110,1703,1703,1703,183924,187330,0.001,0.0001,1.870291100640504e-09,0.0,1000
10,100,random,14,ancilla,10,110,1703,1703,1703,183924,187330,0.0001,1e-05,0.1340479493830671,0.269,1000
10,100,random,14,ancilla,10,110,1703,1703,1703,183924,187330,1e-05,1.0000000000000002e-06,0.8179499115175408,0.875,1000
10,100,random,14,primitive,0,100,2575,2575,2575,252350,257500,0.001,0.0001,8.339939947663741e-13,0.0,1000
10,100,random,14,primitive,0,100,2575,2575,2575,252350,257500,0.0001,1e-05,0.06197491990541362,0.152,1000
10,100,random,14,primitive,0,100,2575,2575,2575,252350,257500,1e-05,1.0000000000000002e-06,0.7572209025778592,0.83,1000
10,100,random,14,pipelined,0,100,2287,2287,2287,224126,228700,0.001,0.0001,1.871183382001466e-11,0.0,1000
10,100,random,14,pipelined,0,100,2287,2287,2287,224126,228700,0.0001,1e-05,0.08458632722755821,0.177,1000
10,100,random,14,pipelined,0,100,2287,2287,2287,224126,228700,1e-05,1.0000000000000002e-06,0.7811436412336975,0.849,1000
10,100,random,15,1d,0,100,2561,2561,2561,250978,256100,0.001,0.0001,9.701396856364982e-13,0.0,1000
10,100,random,15,1d,0,100,2561,2561,2561,250978,256100,0.0001,1e-05,0.06291910943449082,0.148,1000
10,100,random,15,1d,0,100,2561,2561,2561,250978,256100,1e-05,1.0000000000000002e-06,0.7583666876281041,0.824,1000
10,100,random,15,ancilla,10,110,1711,1711,1711,184788,188210,0.001,0.0001,1.7017987239109887e-09,0.0,1000
10,100,random,15,ancilla,10,110,1711,1711,1711,184788,188210,0.0001,1e-05,0.13278847969019772,0.253,1000
10,100,random,15,ancilla,10,110,1711,1711,1711,184788,188210,1e-05,1.0000000000000002e-06,0.8171781304588059,0.857,1000
10,100,random,15,primitive,0,100,2583,2583,2583,253134,258300,0.001,0.0001,7.649559717351341e-13,0.0,1000
10,100,random,15,primitive,0,100,2583,2583,2583,253134,258300,0.0001,1e-05,0.061441758284901005,0.147,1000
10,100,random,15,primitive,0,100,2583,2583,2583,253134,258300,1e-05,1.0000000000000002e-06,0.7565669456686192,0.817,1000
10,100,random,15,pipelined,0,100,2295,2295,2295,224910,229500,0.001,0.0001,1.716286821315224e-11,0.0,1000
10,100,random,15,pipelined,0,100,2295,2295,2295,224910,229500,0.0001,1e-05,0.08385864281317439,0.17,1000
10,100,random,15,pipelined,0,100,2295,2295,2295,224910,229500,1e-05,1.0000000000000002e-06,0.7804690239858711,0.849,1000
10,100,random,16,1d,0,100,2204,2204,2204,215992,220400,0.001,0.0001,4.5862067015496894e-11,0.0,1000
10,100,random,16,1d,0,100,2204,2204,2204,215992,220400,0.0001,1e-05,0.09251894724145208,0.216,1000
10,100,random,16,1d,0,100,2204,2204,2204,215992,220400,1e-05,1.0000000000000002e-06,0.7881772970286065,0.86,1000
10,100,random,16,ancilla,10,110,1700,1700,1700,183600,187000,0.001,0.0001,1.937691291855158e-09,0.0,1000
10,100,random,16,ancilla,10,110,1700,1700,1700,183600,187000,0.0001,1e-05,0.13452332423077967,0.261,1000
10,100,random,16,ancilla,10,110,1700,1700,1700,183600,187000,1e-05,1.0000000000000002e-06,0.818239517298671,0.874,1000
10,100,random,16,primitive,0,100,2572,2572,2572,252056,257200,0.001,0.0001,8.614604726537862e-13,0.0,1000
10,100,random,16,primitive,0,100,2572,2572,2572,252056,257200,0.0001,1e-05,0.06217604613816497,0.161,1000
10,100,random,16,primitive,0,100,2572,2572,2572,252056,257200,1e-05,1.0000000000000002e-06,0.7574662821245725,0.843,1000
10,100,random,16,pipelined,0,100,2284,2284,2284,223832,228400,0.001,0.0001,1.932808306530369e-11,0.0,1000
10,100,random,16,pipelined,0,100,2284,2284,2284,223832,228400,0.0001,1e-05,0.08486083390483211,0.184,1000
10,100,random,16,pipelined,0,100,2284,2284,2284,223832,228400,1e-05,1.0000000000000002e-06,0.7813967730106353,0.856,1000
10,100,random,17,1d,0,100,2364,2364,2364,231672,236400,0.001,0.0001,8.145616176720677e-12,0.0,1000
10,100,random,17,1d,0,100,2364,2364,2364,231672,236400,0.0001,1e-05,0.07783660910267053,0.168,1000
10,100,random,17,1d,0,100,2364,2364,2364,231672,236400,1e-05,1.0000000000000002e-06,0.7746745804190216,0.838,1000
10,100,random,17,ancilla,10,110,1668,1668,1668,180144,183480,0.001,0.0001,2.826758080687261e-09,0.0,1000
10,100,random,17,ancilla,10,110,1668,1668,1668,180144,183480,0.0001,1e-05,0.13970009288814614,0.274,1000
10,100,random,17,ancilla,10,110,1668,1668,1668,180144,183480,1e-05,1.0000000000000002e-06,0.8213350331001261,0.89,1000
10,100,random,17,primitive,0,100,2540,2540,2540,248920,254000,0.001,0.0001,1.2171421193885455e-12,0.0,1000
10,100,random,17,primitive,0,100,2540,2540,2540,248920,254000,0.0001,1e-05,0.06436243349371795,0.177,1000
10,100,random,17,primitive,0,100,2540,2540,2540,248920,254000,1e-05,1.0000000000000002e-06,0.7600886167836818,0.816,1000
10,100,random,17,pipelined,0,100,2252,2252,2252,220696,225200,0.001,0.0001,2.7308303436547925e-11,0.0,1000
10,100,random,17,pipelined,0,100,2252,2252,2252,220696,225200,0.0001,1e-05,0.0878449196702555,0.195,1000
10,100,random,17,pipelined,0,100,2252,2252,2252,220696,225200,1e-05,1.0000000000000002e-06,0.7841019545992264,0.842,1000
10,100,random,18,1d,0,100,2549,2549,2549,249802,254900,0.001,0.0001,1.1043938940978807e-12,0.0,1000
10,100,random,18,1d,0,100,2549,2549,2549,249802,254900,0.0001,1e-05,0.06373985556349719,0.165,1000
10,100,random,18,1d,0,100,2549,2549,2549,249802,254900,1e-05,1.0000000000000002e-06,0.7593501689150404,0.835,1000
10,100,random,18,ancilla,10,110,1735,1735,1735,187380,190850,0.001,0.0001,1.2820505595102784e-09,0.0,1000
10,100,random,18,ancilla,10,110,1735,1735,1735,187380,190850,0.0001,1e-05,0.12908062825532723,0.264,1000
10,100,random,18,ancilla,10,110,1735,1735,1735,187380,190850,1e-05,1.0000000000000002e-06,0.8148671538439219,0.868,1000
10,100,random,18,primitive,0,100,2607,2607,2607,255486,260700,0.001,0.0001,5.902785299080673e-13,0.0,1000
10,100,random,18,primitive,0,100,2607,2607,2607,255486,260700,0.0001,1e-05,0.05986963621914919,0.158,1000
10,100,random,18,primitive,0,100,2607,2607,2607,255486,260700,1e-05,1.0000000000000002e-06,0.7546084616419136,0.838,1000
10,100,random,18,pipelined,0,100,2319,2319,2319,227262,231900,0.001,0.0001,1.3243732962677251e-11,0.0,1000
10,100,random,18,pipelined,0,100,2319,2319,2319,227262,231900,0.0001,1e-05,0.08171293561906581,0.184,1000
10,100,random,18,pipelined,0,100,2319,2319,2319,227262,231900,1e-05,1.0000000000000002e-06,0.7784486659388196,0.833,1000
10,100,random,19,1d,0,100,2383,2383,2383,233534,238300,0.001,0.0001,6.634352491206466e-12,0.0,1000
10,100,random,19,1d,0,100,2383,2383,2383,233534,238300,0.0001,1e-05,0.07625566336895297,0.169,1000
10,100,random,19,1d,0,100,2383,2383,2383,233534,238300,1e-05,1.0000000000000002e-06,0.7730865765734506,0.826,1000
10,100,random,19,ancilla,10,110,1671,1671,1671,180468,183810,0.001,0.0001,2.7284328025809213e-09,0.0,1000
10,100,random,19,ancilla,10,110,1671,1671,1671,180468,183810,0.0001,1e-05,0.1392064245167921,0.267,1000
10,100,random,19,ancilla,10,110,1671,1671,1671,180468,183810,1e-05,1.0000000000000002e-06,0.8210443316993727,0.889,1000
10,100,random,19,primitive,0,100,2543,2543,2543,249214,254300,0.001,0.0001,1.178335223228774e-12,0.0,1000
10,100,random,19,primitive,0,100,2543,2543,2543,249214,254300,0.0001,1e-05,0.06415423476473259,0.155,1000
10,100,random,19,primitive,0,100,2543,2543,2543,249214,254300,1e-05,1.0000000000000002e-06,0.7598423877373865,0.838,1000
10,100,random,19,pipelined,0,100,2255,2255,2255,220990,225500,0.001,0.0001,2.643761588175848e-11,0.0,1000
10,100,random,19,pipelined,0,100,2255,2255,2255,220990,225500,0.0001,1e-05,0.0875607601127249,0.221,1000
10,100,random,19,pipelined,0,100,2255,2255,2255,220990,225500,1e-05,1.0000000000000002e-06,0.783847946484625,0.837,1000
