L,N,perm_kind,perm_idx,baseline,n_ancillas,total_qubits,cnot_depth,total_2q_gates,total_cnots,total_idle_slots,spacetime_volume,p_2q,p_idle,mult_fidelity,stim_fidelity,stim_shots
4,16,reverse,0,1d,0,16,30,96,192,48,480,0.01,0.001,0.3631801604901263,0.425,1000
4,16,reverse,0,1d,0,16,30,96,192,48,480,0.001,0.0001,0.9040701952063188,0.926,1000
4,16,reverse,0,1d,0,16,30,96,192,48,480,0.0001,1e-05,0.989970155337131,0.995,1000
4,16,reverse,0,ancilla,4,20,68,214,262,772,1360,0.01,0.001,0.05376362637361881,0.124,1000
4,16,reverse,0,ancilla,4,20,68,214,262,772,1360,0.001,0.0001,0.747283287869842,0.828,1000
4,16,reverse,0,ancilla,4,20,68,214,262,772,1360,0.0001,1e-05,0.971298824632809,0.974,1000
4,16,reverse,0,primitive,0,16,100,282,330,908,1600,0.01,0.001,0.023691261460467416,0.064,1000
4,16,reverse,0,primitive,0,16,100,282,330,908,1600,0.001,0.0001,0.6887026735787052,0.734,1000
4,16,reverse,0,primitive,0,16,100,282,330,908,1600,0.0001,1e-05,0.9634049415723467,0.97,1000
4,16,reverse,0,pipelined,0,16,86,258,306,732,1376,0.01,0.001,0.03595982649313796,0.088,1000
4,16,reverse,0,pipelined,0,16,86,258,306,732,1376,0.001,0.0001,0.7179662286772484,0.781,1000
4,16,reverse,0,pipelined,0,16,86,258,306,732,1376,0.0001,1e-05,0.967421178462688,0.981,1000
4,16,transpose,0,1d,0,16,26,60,120,88,416,0.01,0.001,0.5010425854730491,0.596,1000
4,16,transpose,0,1d,0,16,26,60,120,88,416,0.001,0.0001,0.9334849296565868,0.947,1000
4,16,transpose,0,1d,0,16,26,60,120,88,416,0.0001,1e-05,0.9931433106836904,0.996,1000
4,16,transpose,0,ancilla,4,20,72,202,238,836,1440,0.01,0.001,0.05689282061561581,0.101,1000
4,16,transpose,0,ancilla,4,20,72,202,238,836,1440,0.001,0.0001,0.75148408499663,0.804,1000
4,16,transpose,0,ancilla,4,20,72,202,238,836,1440,0.0001,1e-05,0.9718429595072404,0.979,1000
4,16,transpose,0,primitive,0,16,104,270,306,964,1664,0.01,0.001,0.02527162631738538,0.082,1000
4,16,transpose,0,primitive,0,16,104,270,306,964,1664,0.001,0.0001,0.6931284729036143,0.752,1000
4,16,transpose,0,primitive,0,16,104,270,306,964,1664,0.0001,1e-05,0.964021773228268,0.967,1000
4,16,transpose,0,pipelined,0,16,90,246,282,788,1440,0.01,0.001,0.03835858631204638,0.09,1000
4,16,transpose,0,pipelined,0,16,90,246,282,788,1440,0.001,0.0001,0.7225800839330669,0.805,1000
4,16,transpose,0,pipelined,0,16,90,246,282,788,1440,0.0001,1e-05,0.968040581562812,0.97,1000
4,16,random,0,1d,0,16,24,47,94,98,384,0.01,0.001,0.5652908973272893,0.632,1000
4,16,random,0,1d,0,16,24,47,94,98,384,0.001,0.0001,0.944760327157848,0.962,1000
4,16,random,0,1d,0,16,24,47,94,98,384,0.0001,1e-05,0.9943358621447729,0.997,1000
4,16,random,0,ancilla,4,20,70,193,220,834,1400,0.01,0.001,0.06240361341856969,0.129,1000
4,16,random,0,ancilla,4,20,70,193,220,834,1400,0.001,0.0001,0.7584330619413102,0.809,1000
4,16,random,0,ancilla,4,20,70,193,220,834,1400,0.0001,1e-05,0.9727375103134632,0.979,1000
4,16,random,0,primitive,0,16,102,261,288,966,1632,0.01,0.001,0.027608792724878012,0.072,1000
4,16,random,0,primitive,0,16,102,261,288,966,1632,0.001,0.0001,0.6992580620582676,0.784,1000
4,16,random,0,primitive,0,16,102,261,288,966,1632,0.0001,1e-05,0.9648705290930358,0.972,1000
4,16,random,0,pipelined,0,16,88,237,264,790,1408,0.01,0.001,0.04190605881110542,0.091,1000
4,16,random,0,pipelined,0,16,88,237,264,790,1408,0.001,0.0001,0.7289701244796488,0.786,1000
4,16,random,0,pipelined,0,16,88,237,264,790,1408,0.0001,1e-05,0.9688928757160687,0.964,1000
4,16,random,1,1d,0,16,30,57,114,126,480,0.01,0.001,0.49711584790023566,0.59,1000
4,16,random,1,1d,0,16,30,57,114,126,480,0.001,0.0001,0.9327396631581791,0.942,1000
4,16,random,1,1d,0,16,30,57,114,126,480,0.0001,1e-05,0.9930638754069285,0.995,1000
4,16,random,1,ancilla,4,20,72,193,220,854,1440,0.01,0.001,0.06116732699800894,0.124,1000
4,16,random,1,ancilla,4,20,72,193,220,854,1440,0.001,0.0001,0.7569176359759991,0.801,1000
4,16,random,1,ancilla,4,20,72,193,220,854,1440,0.0001,1e-05,0.9725429812923052,0.987,1000
4,16,random,1,primitive,0,16,104,261,288,982,1664,0.01,0.001,0.02717034968561065,0.08,1000
4,16,random,1,primitive,0,16,104,261,288,982,1664,0.001,0.0001,0.6981400878771916,0.755,1000
4,16,random,1,primitive,0,16,104,261,288,982,1664,0.0001,1e-05,0.9647161613862877,0.974,1000
4,16,random,1,pipelined,0,16,90,237,264,806,1440,0.01,0.001,0.04124056720587845,0.089,1000
4,16,random,1,pipelined,0,16,90,237,264,806,1440,0.001,0.0001,0.7278046466365402,0.798,1000
4,16,random,1,pipelined,0,16,90,237,264,806,1440,0.0001,1e-05,0.9687378644821268,0.973,1000
4,16,random,2,1d,0,16,24,69,138,54,384,0.01,0.001,0.4735488556227806,0.555,1000
4,16,random,2,1d,0,16,24,69,138,54,384,0.001,0.0001,0.9282680016243995,0.941,1000
4,16,random,2,1d,0,16,24,69,138,54,384,0.0001,1e-05,0.9925872631435165,0.999,1000
4,16,random,2,ancilla,4,20,70,197,228,826,1400,0.01,0.001,0.0604263845769591,0.129,1000
4,16,random,2,ancilla,4,20,70,197,228,826,1400,0.001,0.0001,0.7560084723968191,0.802,1000
4,16,random,2,ancilla,4,20,70,197,228,826,1400,0.0001,1e-05,0.9724262650481621,0.971,1000
4,16,random,2,primitive,0,16,102,265,296,958,1632,0.01,0.001,0.026734021245035575,0.067,1000
4,16,random,2,primitive,0,16,102,265,296,958,1632,0.001,0.0001,0.6970226455512024,0.79,1000
4,16,random,2,primitive,0,16,102,265,296,958,1632,0.0001,1e-05,0.9645618010131328,0.965,1000
4,16,random,2,pipelined,0,16,88,241,272,782,1408,0.01,0.001,0.04057828524831857,0.098,1000
4,16,random,2,pipelined,0,16,88,241,272,782,1408,0.001,0.0001,0.7266397232474876,0.797,1000
4,16,random,2,pipelined,0,16,88,241,272,782,1408,0.0001,1e-05,0.9685828606123502,0.976,1000
4,16,random,3,1d,0,16,26,65,130,78,416,0.01,0.001,0.4812776904215623,0.534,1000
4,16,random,3,1d,0,16,26,65,130,78,416,0.001,0.0001,0.9297561684171101,0.939,1000
4,16,random,3,1d,0,16,26,65,130,78,416,0.0001,1e-05,0.9927461084763576,0.992,1000
4,16,random,3,ancilla,4,20,68,193,220,814,1360,0.01,0.001,0.06366488710257115,0.128,1000
4,16,random,3,ancilla,4,20,68,193,220,814,1360,0.001,0.0001,0.7599515219432815,0.8,1000
4,16,random,3,ancilla,4,20,68,193,220,814,1360,0.0001,1e-05,0.9729320782445109,0.987,1000
4,16,random,3,primitive,0,16,100,261,288,950,1600,0.01,0.001,0.028054310840502736,0.074,1000
4,16,random,3,primitive,0,16,100,261,288,950,1600,0.001,0.0001,0.7003778265193907,0.728,1000
4,16,random,3,primitive,0,16,100,261,288,950,1600,0.0001,1e-05,0.9650249215007166,0.975,1000
4,16,random,3,pipelined,0,16,86,237,264,774,1376,0.01,0.001,0.04258228933450529,0.106,1000
4,16,random,3,pipelined,0,16,86,237,264,774,1376,0.001,0.0001,0.7301374686733076,0.782,1000
4,16,random,3,pipelined,0,16,86,237,264,774,1376,0.0001,1e-05,0.9690479117539164,0.983,1000
4,16,random,4,1d,0,16,28,49,98,126,448,0.01,0.001,0.5387360674107542,0.589,1000
4,16,random,4,1d,0,16,28,49,98,126,448,0.001,0.0001,0.9402352713286224,0.95,1000
4,16,random,4,1d,0,16,28,49,98,126,448,0.0001,1e-05,0.9938586841294496,0.996,1000
4,16,random,4,ancilla,4,20,70,197,228,826,1400,0.01,0.001,0.0604263845769591,0.112,1000
4,16,random,4,ancilla,4,20,70,197,228,826,1400,0.001,0.0001,0.7560084723968191,0.799,1000
4,16,random,4,ancilla,4,20,70,197,228,826,1400,0.0001,1e-05,0.9724262650481621,0.976,1000
4,16,random,4,primitive,0,16,102,265,296,958,1632,0.01,0.001,0.026734021245035575,0.073,1000
4,16,random,4,primitive,0,16,102,265,296,958,1632,0.001,0.0001,0.6970226455512024,0.779,1000
4,16,random,4,primitive,0,16,102,265,296,958,1632,0.0001,1e-05,0.9645618010131328,0.968,1000
4,16,random,4,pipelined,0,16,88,241,272,782,1408,0.01,0.001,0.04057828524831857,0.094,1000
4,16,random,4,pipelined,0,16,88,241,272,782,1408,0.001,0.0001,0.7266397232474876,0.796,1000
4,16,random,4,pipelined,0,16,88,241,272,782,1408,0.0001,1e-05,0.9685828606123502,0.967,1000
4,16,random,5,1d,0,16,22,46,92,84,352,0.01,0.001,0.5790551953002468,0.656,1000
4,16,random,5,1d,0,16,22,46,92,84,352,0.001,0.0001,0.9470310151586616,0.952,1000
4,16,random,5,1d,0,16,22,46,92,84,352,0.0001,1e-05,0.9945745370602618,0.994,1000
4,16,random,5,ancilla,4,20,68,192,218,816,1360,0.01,0.001,0.0641794151447001,0.134,1000
4,16,random,5,ancilla,4,20,68,192,218,816,1360,0.001,0.0001,0.760560099337746,0.813,1000
4,16,random,5,ancilla,4,20,68,192,218,816,1360,0.0001,1e-05,0.9730099206923085,0.979,1000
4,16,random,5,primitive,0,16,100,260,286,952,1600,0.01,0.001,0.028281040679931892,0.082,1000
4,16,random,5,primitive,0,16,100,260,286,952,1600,0.001,0.0001,0.7009386966545197,0.758,1000
4,16,random,5,primitive,0,16,100,260,286,952,1600,0.0001,1e-05,0.9651021313119204,0.976,1000
4,16,random,5,pipelined,0,16,86,236,262,776,1376,0.01,0.001,0.04292643165467234,0.095,1000
4,16,random,5,pipelined,0,16,86,236,262,776,1376,0.001,0.0001,0.7307221706515993,0.773,1000
4,16,random,5,pipelined,0,16,86,236,262,776,1376,0.0001,1e-05,0.9691254434369299,0.976,1000
4,16,random,6,1d,0,16,24,62,124,68,384,0.01,0.001,0.5009971604885942,0.586,1000
4,16,random,6,1d,0,16,24,62,124,68,384,0.001,0.0001,0.9334840889039617,0.954,1000
4,16,random,6,1d,0,16,24,62,124,68,384,0.0001,1e-05,0.9931433017447443,0.995,1000
4,16,random,6,ancilla,4,20,72,194,222,852,1440,0.01,0.001,0.06067694694497186,0.106,1000
4,16,random,6,ancilla,4,20,72,194,222,852,1440,0.001,0.0001,0.7563119731715376,0.807,1000
4,16,random,6,ancilla,4,20,72,194,222,852,1440,0.0001,1e-05,0.9724651762004535,0.982,1000
4,16,random,6,primitive,0,16,104,262,290,980,1664,0.01,0.001,0.026952524284799856,0.089,1000
4,16,random,6,primitive,0,16,104,262,290,980,1664,0.001,0.0001,0.6975814571049208,0.782,1000
4,16,random,6,primitive,0,16,104,262,290,980,1664,0.0001,1e-05,0.9646389824533341,0.978,1000
4,16,random,6,pipelined,0,16,90,238,266,804,1440,0.01,0.001,0.040909940504888935,0.083,1000
4,16,random,6,pipelined,0,16,90,238,266,804,1440,0.001,0.0001,0.7272222791735156,0.758,1000
4,16,random,6,pipelined,0,16,90,238,266,804,1440,0.0001,1e-05,0.9686603638060886,0.982,1000
4,16,random,7,1d,0,16,20,46,92,68,320,0.01,0.001,0.5883993046940781,0.697,1000
4,16,random,7,1d,0,16,20,46,92,68,320,0.001,0.0001,0.9485475535182405,0.962,1000
4,16,random,7,1d,0,16,20,46,92,68,320,0.0001,1e-05,0.994733682513216,0.997,1000
4,16,random,7,ancilla,4,20,64,186,206,788,1280,0.01,0.001,0.07010531050932932,0.118,1000
4,16,random,7,ancilla,4,20,64,186,206,788,1280,0.001,0.0001,0.7672849744866608,0.81,1000
4,16,random,7,ancilla,4,20,64,186,206,788,1280,0.0001,1e-05,0.9738665768638622,0.977,1000
4,16,random,7,primitive,0,16,96,254,274,932,1536,0.01,0.001,0.030646046371629446,0.08,1000
4,16,random,7,primitive,0,16,96,254,274,932,1536,0.001,0.0001,0.7065708879845691,0.768,1000
4,16,random,7,primitive,0,16,96,254,274,932,1536,0.0001,1e-05,0.9658745518760717,0.963,1000
4,16,random,7,pipelined,0,16,82,230,250,756,1312,0.01,0.001,0.04651616006447606,0.088,1000
4,16,random,7,pipelined,0,16,82,230,250,756,1312,0.001,0.0001,0.7365936785222047,0.794,1000
4,16,random,7,pipelined,0,16,82,230,250,756,1312,0.0001,1e-05,0.9699010840634152,0.976,1000
4,16,random,8,1d,0,16,22,53,106,70,352,0.01,0.001,0.5473302978592437,0.612,1000
4,16,random,8,1d,0,16,22,53,106,70,352,0.001,0.0001,0.9417392308741324,0.953,1000
4,16,random,8,1d,0,16,22,53,106,70,352,0.0001,1e-05,0.994017697142566,0.998,1000
4,16,random,8,ancilla,4,20,70,195,224,830,1400,0.01,0.001,0.061407041480781153,0.113,1000
4,16,random,8,ancilla,4,20,70,195,224,830,1400,0.001,0.0001,0.7572197967390262,0.808,1000
4,16,random,8,ancilla,4,20,70,195,224,830,1400,0.0001,1e-05,0.9725818752302394,0.971,1000
4,16,random,8,primitive,0,16,102,263,292,962,1632,0.01,0.001,0.027167886396565196,0.059,1000
4,16,random,8,primitive,0,16,102,263,292,962,1632,0.001,0.0001,0.6981394590902741,0.788,1000
4,16,random,8,primitive,0,16,102,263,292,962,1632,0.0001,1e-05,0.9647161527032048,0.981,1000
4,16,random,8,pipelined,0,16,88,239,268,786,1408,0.01,0.001,0.04123682829789228,0.082,1000
4,16,random,8,pipelined,0,16,88,239,268,786,1408,0.001,0.0001,0.7278039911319383,0.789,1000
4,16,random,8,pipelined,0,16,88,239,268,786,1408,0.0001,1e-05,0.9687378557628458,0.974,1000
4,16,random,9,1d,0,16,30,60,120,120,480,0.01,0.001,0.48525527260612805,0.559,1000
4,16,random,9,1d,0,16,30,60,120,120,480,0.001,0.0001,0.9305024033402068,0.956,1000
4,16,random,9,1d,0,16,30,60,120,120,480,0.0001,1e-05,0.9928255540792557,0.991,1000
4,16,random,9,ancilla,4,20,70,200,234,820,1400,0.01,0.001,0.05898468504745715,0.123,1000
4,16,random,9,ancilla,4,20,70,200,234,820,1400,0.001,0.0001,0.7541951182057759,0.81,1000
4,16,random,9,ancilla,4,20,70,200,234,820,1400,0.0001,1e-05,0.9721928964559804,0.977,1000
4,16,random,9,primitive,0,16,102,268,302,952,1632,0.01,0.001,0.02609618024030733,0.069,1000
4,16,random,9,primitive,0,16,102,268,302,952,1632,0.001,0.0001,0.6953507741612494,0.749,1000
4,16,random,9,primitive,0,16,102,268,302,952,1632,0.0001,1e-05,0.9643303197814287,0.977,1000
4,16,random,9,pipelined,0,16,88,244,278,776,1408,0.01,0.001,0.03961013706007162,0.101,1000
4,16,random,9,pipelined,0,16,88,244,278,776,1408,0.001,0.0001,0.7248968126378329,0.801,1000
4,16,random,9,pipelined,0,16,88,244,278,776,1408,0.0001,1e-05,0.9683504143830404,0.976,1000
4,16,random,10,1d,0,16,30,65,130,110,480,0.01,0.001,0.4661131481354394,0.587,1000
4,16,random,10,1d,0,16,30,65,130,110,480,0.001,0.0001,0.9267855556605218,0.939,1000
4,16,random,10,1d,0,16,30,65,130,110,480,0.0001,1e-05,0.9924284789569299,0.993,1000
4,16,random,10,ancilla,4,20,72,197,228,846,1440,0.01,0.001,0.05922926930424244,0.128,1000
4,16,random,10,ancilla,4,20,72,197,228,846,1440,0.001,0.0001,0.7544978910066398,0.812,1000
4,16,random,10,ancilla,4,20,72,197,228,846,1440,0.0001,1e-05,0.9722317982701439,0.986,1000
4,16,random,10,primitive,0,16,104,265,296,974,1664,0.01,0.001,0.02630947006515187,0.071,1000
4,16,random,10,primitive,0,16,104,265,296,974,1664,0.001,0.0001,0.6959082453552894,0.764,1000
4,16,random,10,primitive,0,16,104,265,296,974,1664,0.0001,1e-05,0.9644074826991729,0.97,1000
4,16,random,10,pipelined,0,16,90,241,272,798,1440,0.01,0.001,0.03993387942841109,0.093,1000
4,16,random,10,pipelined,0,16,90,241,272,798,1440,0.001,0.0001,0.7254779712511736,0.779,1000
4,16,random,10,pipelined,0,16,90,241,272,798,1440,0.0001,1e-05,0.968427898977105,0.976,1000
4,16,random,11,1d,0,16,28,64,128,96,448,0.01,0.001,0.4774625618450589,0.557,1000
4,16,random,11,1d,0,16,28,64,128,96,448,0.001,0.0001,0.929013042124625,0.948,1000
4,16,random,11,1d,0,16,28,64,128,96,448,0.0001,1e-05,0.9926666960346416,0.997,1000
4,16,random,11,ancilla,4,20,68,196,226,808,1360,0.01,0.001,0.062145920869125994,0.121,1000
4,16,random,11,ancilla,4,20,68,196,226,808,1360,0.001,0.0001,0.7581287099939172,0.797,1000
4,16,random,11,ancilla,4,20,68,196,226,808,1360,0.0001,1e-05,0.9726985882642941,0.975,1000
4,16,random,11,primitive,0,16,100,264,294,944,1600,0.01,0.001,0.027384969343035807,0.068,1000
4,16,random,11,primitive,0,16,100,264,294,944,1600,0.001,0.0001,0.698697907426677,0.755,1000
4,16,random,11,primitive,0,16,100,264,294,944,1600,0.0001,1e-05,0.9647933291266257,0.976,1000
4,16,random,11,pipelined,0,16,86,240,270,768,1376,0.01,0.001,0.041566328063142366,0.106,1000
4,16,random,11,pipelined,0,16,86,240,270,768,1376,0.001,0.0001,0.7283861684072419,0.768,1000
4,16,random,11,pipelined,0,16,86,240,270,768,1376,0.0001,1e-05,0.9688153539188897,0.978,1000
4,16,random,12,1d,0,16,26,58,116,92,416,0.01,0.001,0.5091739816171824,0.594,1000
4,16,random,12,1d,0,16,26,58,116,92,416,0.001,0.0001,0.9349806179453588,0.953,1000
4,16,random,12,1d,0,16,26,58,116,92,416,0.0001,1e-05,0.9933022360613353,0.996,1000
4,16,random,12,ancilla,4,20,72,198,230,844,1440,0.01,0.001,0.05875442671019369,0.119,1000
4,16,random,12,ancilla,4,20,72,198,230,844,1440,0.001,0.0001,0.7538941644095734,0.798,1000
4,16,random,12,ancilla,4,20,72,198,230,844,1440,0.0001,1e-05,0.9721540180734629,0.989,1000
4,16,random,12,primitive,0,16,104,266,298,972,1664,0.01,0.001,0.026098546358671332,0.064,1000
4,16,random,12,primitive,0,16,104,266,298,972,1664,0.001,0.0001,0.6953514004365073,0.747,1000
4,16,random,12,primitive,0,16,104,266,298,972,1664,0.0001,1e-05,0.964330328461039,0.981,1000
4,16,random,12,pipelined,0,16,90,242,274,796,1440,0.01,0.001,0.039613728477353206,0.099,1000
4,16,random,12,pipelined,0,16,90,242,274,796,1440,0.001,0.0001,0.7248974655240527,0.793,1000
4,16,random,12,pipelined,0,16,90,242,274,796,1440,0.0001,1e-05,0.9683504230988341,0.983,1000
4,16,random,13,1d,0,16,18,30,60,84,288,0.01,0.001,0.6800750606288428,0.73,1000
4,16,random,13,1d,0,16,18,30,60,84,288,0.001,0.0001,0.9623130840819968,0.976,1000
4,16,random,13,1d,0,16,18,30,60,84,288,0.0001,1e-05,0.9961672097528871,0.996,1000
4,16,random,13,ancilla,4,20,66,186,206,808,1320,0.01,0.001,0.06871644472666155,0.136,1000
4,16,random,13,ancilla,4,20,66,186,206,808,1320,0.001,0.0001,0.7657518615048059,0.818,1000
4,16,random,13,ancilla,4,20,66,186,206,808,1320,0.0001,1e-05,0.9736718220508451,0.978,1000
4,16,random,13,primitive,0,16,98,254,274,948,1568,0.01,0.001,0.030159370049104187,0.075,1000
4,16,random,13,primitive,0,16,98,254,274,948,1568,0.001,0.0001,0.7054412220533084,0.768,1000
4,16,random,13,primitive,0,16,98,254,274,948,1568,0.0001,1e-05,0.9657200235377261,0.97,1000
4,16,random,13,pipelined,0,16,84,230,250,772,1344,0.01,0.001,0.04577745747805914,0.098,1000
4,16,random,13,pipelined,0,16,84,230,250,772,1344,0.001,0.0001,0.7354160121366251,0.792,1000
4,16,random,13,pipelined,0,16,84,230,250,772,1344,0.0001,1e-05,0.9697459115282356,0.975,1000
4,16,random,14,1d,0,16,30,71,142,98,480,0.01,0.001,0.4441367012273491,0.509,1000
4,16,random,14,1d,0,16,30,71,142,98,480,0.001,0.0001,0.922344930960447,0.938,1000
4,16,random,14,1d,0,16,30,71,142,98,480,0.0001,1e-05,0.9919521984311255,0.995,1000
4,16,random,14,ancilla,4,20,70,207,248,806,1400,0.01,0.001,0.05575307068857006,0.144,1000
4,16,random,14,ancilla,4,20,70,207,248,806,1400,0.001,0.0001,0.7499808550928393,0.802,1000
4,16,random,14,ancilla,4,20,70,207,248,806,1400,0.0001,1e-05,0.9716485875155494,0.974,1000
4,16,random,14,primitive,0,16,102,275,316,938,1632,0.01,0.001,0.02466643977956177,0.073,1000
4,16,random,14,primitive,0,16,102,275,316,938,1632,0.001,0.0001,0.6914653192605718,0.738,1000
4,16,random,14,primitive,0,16,102,275,316,938,1632,0.0001,1e-05,0.9637904129208671,0.961,1000
4,16,random,14,pipelined,0,16,88,251,292,762,1408,0.01,0.001,0.037440002768808975,0.074,1000
4,16,random,14,pipelined,0,16,88,251,292,762,1408,0.001,0.0001,0.7208462614947115,0.775,1000
4,16,random,14,pipelined,0,16,88,251,292,762,1408,0.0001,1e-05,0.9678082567619136,0.975,1000
4,16,random,15,1d,0,16,24,49,98,94,384,0.01,0.001,0.5562633264206975,0.626,1000
4,16,random,15,1d,0,16,24,49,98,94,384,0.001,0.0001,0.9432489942704008,0.946,1000
4,16,random,15,1d,0,16,24,49,98,94,384,0.0001,1e-05,0.9941767713900559,0.992,1000
4,16,random,15,ancilla,4,20,68,189,212,822,1360,0.01,0.001,0.06574808390241883,0.12,1000
4,16,random,15,ancilla,4,20,68,189,212,822,1360,0.001,0.0001,0.7623887572147096,0.831,1000
4,16,random,15,ancilla,4,20,68,189,212,822,1360,0.0001,1e-05,0.973243485405853,0.986,1000
4,16,random,15,primitive,0,16,100,257,280,958,1600,0.01,0.001,0.028972283890085153,0.065,1000
4,16,random,15,primitive,0,16,100,257,280,958,1600,0.001,0.0001,0.70262400340414,0.76,1000
4,16,random,15,primitive,0,16,100,257,280,958,1600,0.0001,1e-05,0.9653337978119708,0.97,1000
4,16,random,15,pipelined,0,16,86,233,256,782,1376,0.01,0.001,0.043975636482500885,0.095,1000
4,16,random,15,pipelined,0,16,86,233,256,782,1376,0.001,0.0001,0.7324790875006391,0.785,1000
4,16,random,15,pipelined,0,16,86,233,256,782,1376,0.0001,1e-05,0.9693580757069318,0.975,1000
4,16,random,16,1d,0,16,28,62,124,100,448,0.01,0.001,0.4852112789140669,0.573,1000
4,16,random,16,1d,0,16,28,62,124,100,448,0.001,0.0001,0.9305015652738242,0.948,1000
4,16,random,16,1d,0,16,28,62,124,100,448,0.0001,1e-05,0.9928255451431696,0.995,1000
4,16,random,16,ancilla,4,20,70,196,226,828,1400,0.01,0.001,0.0609147396304947,0.105,1000
4,16,random,16,ancilla,4,20,70,196,226,828,1400,0.001,0.0001,0.7566138921545791,0.828,1000
4,16,random,16,ancilla,4,20,70,196,226,828,1400,0.0001,1e-05,0.9725040670268066,0.985,1000
4,16,random,16,primitive,0,16,102,264,294,960,1632,0.01,0.001,0.026950080744006812,0.086,1000
4,16,random,16,primitive,0,16,102,264,294,960,1632,0.001,0.0001,0.6975808288211397,0.752,1000
4,16,random,16,primitive,0,16,102,264,294,960,1632,0.0001,1e-05,0.9646389737709459,0.965,1000
4,16,random,16,pipelined,0,16,88,240,270,784,1408,0.01,0.001,0.04090623157182544,0.104,1000
4,16,random,16,pipelined,0,16,88,240,270,784,1408,0.001,0.0001,0.7272216241934288,0.776,1000
4,16,random,16,pipelined,0,16,88,240,270,784,1408,0.0001,1e-05,0.9686603550875051,0.977,1000
4,16,random,17,1d,0,16,26,69,138,70,416,0.01,0.001,0.46602863546792594,0.558,1000
4,16,random,17,1d,0,16,26,69,138,70,416,0.001,0.0001,0.9267838862237413,0.94,1000
4,16,random,17,1d,0,16,26,69,138,70,416,0.0001,1e-05,0.9924284610919056,0.997,1000
4,16,random,17,ancilla,4,20,72,209,252,822,1440,0.01,0.001,0.05377581395751317,0.115,1000
4,16,random,17,ancilla,4,20,72,209,252,822,1440,0.001,0.0001,0.7472849704930858,0.804,1000
4,16,random,17,ancilla,4,20,72,209,252,822,1440,0.0001,1e-05,0.9712988464886376,0.974,1000
4,16,random,17,primitive,0,16,104,277,320,950,1664,0.01,0.001,0.023887060977857266,0.075,1000
4,16,random,17,primitive,0,16,104,277,320,950,1664,0.001,0.0001,0.6892554356943139,0.742,1000
4,16,random,17,primitive,0,16,104,277,320,950,1664,0.0001,1e-05,0.9634820391159831,0.978,1000
4,16,random,17,pipelined,0,16,90,253,296,774,1440,0.01,0.001,0.03625702116487496,0.085,1000
4,16,random,17,pipelined,0,16,90,253,296,774,1440,0.001,0.0001,0.7185424781194598,0.769,1000
4,16,random,17,pipelined,0,16,90,253,296,774,1440,0.0001,1e-05,0.9674985974101138,0.977,1000
4,16,random,18,1d,0,16,28,53,106,118,448,0.01,0.001,0.5216664710821635,0.617,1000
4,16,random,18,1d,0,16,28,53,106,118,448,0.001,0.0001,0.9372294891144479,0.954,1000
4,16,random,18,1d,0,16,28,53,106,118,448,0.0001,1e-05,0.9935406807559455,0.998,1000
4,16,random,18,ancilla,4,20,70,197,228,826,1400,0.01,0.001,0.0604263845769591,0.121,1000
4,16,random,18,ancilla,4,20,70,197,228,826,1400,0.001,0.0001,0.7560084723968191,0.811,1000
4,16,random,18,ancilla,4,20,70,197,228,826,1400,0.0001,1e-05,0.9724262650481621,0.978,1000
4,16,random,18,primitive,0,16,102,265,296,958,1632,0.01,0.001,0.026734021245035575,0.064,1000
4,16,random,18,primitive,0,16,102,265,296,958,1632,0.001,0.0001,0.6970226455512024,0.746,1000
4,16,random,18,primitive,0,16,102,265,296,958,1632,0.0001,1e-05,0.9645618010131328,0.976,1000
4,16,random,18,pipelined,0,16,88,241,272,782,1408,0.01,0.001,0.04057828524831857,0.095,1000
4,16,random,18,pipelined,0,16,88,241,272,782,1408,0.001,0.0001,0.7266397232474876,0.767,1000
4,16,random,18,pipelined,0,16,88,241,272,782,1408,0.0001,1e-05,0.9685828606123502,0.971,1000
4,16,random,19,1d,0,16,24,59,118,74,384,0.01,0.001,0.5132424979007902,0.608,1000
4,16,random,19,1d,0,16,24,59,118,74,384,0.001,0.0001,0.9357285177580137,0.952,1000
4,16,random,19,1d,0,16,24,59,118,74,384,0.0001,1e-05,0.9933816993456811,0.992,1000
4,16,random,19,ancilla,4,20,70,195,224,830,1400,0.01,0.001,0.061407041480781153,0.126,1000
4,16,random,19,ancilla,4,20,70,195,224,830,1400,0.001,0.0001,0.7572197967390262,0.802,1000
4,16,random,19,ancilla,4,20,70,195,224,830,1400,0.0001,1e-05,0.9725818752302394,0.979,1000
4,16,random,19,primitive,0,16,102,263,292,962,1632,0.01,0.001,0.027167886396565196,0.073,1000
4,16,random,19,primitive,0,16,102,263,292,962,1632,0.001,0.0001,0.6981394590902741,0.748,1000
4,16,random,19,primitive,0,16,102,263,292,962,1632,0.0001,1e-05,0.9647161527032048,0.975,1000
4,16,random,19,pipelined,0,16,88,239,268,786,1408,0.01,0.001,0.04123682829789228,0.09,1000
4,16,random,19,pipelined,0,16,88,239,268,786,1408,0.001,0.0001,0.7278039911319383,0.817,1000
4,16,random,19,pipelined,0,16,88,239,268,786,1408,0.0001,1e-05,0.9687378557628458,0.978,1000
6,36,reverse,0,1d,0,36,70,540,1080,180,2520,0.01,0.001,0.0036710725159307994,0.009,1000
6,36,reverse,0,1d,0,36,70,540,1080,180,2520,0.001,0.0001,0.5721974927229487,0.646,1000
6,36,reverse,0,1d,0,36,70,540,1080,180,2520,0.0001,1e-05,0.9457257004849378,0.95,1000
6,36,reverse,0,ancilla,6,42,104,574,754,2716,4368,0.01,0.001,0.00020628503388313442,0.0,1000
6,36,reverse,0,ancilla,6,42,104,574,754,2716,4368,0.001,0.0001,0.4291705990229891,0.554,1000
6,36,reverse,0,ancilla,6,42,104,574,754,2716,4368,0.0001,1e-05,0.9189137564799595,0.942,1000
6,36,reverse,0,primitive,0,36,180,814,994,4420,6480,0.01,0.001,3.3612929240212098e-06,0.0,1000
6,36,reverse,0,primitive,0,36,180,814,994,4420,6480,0.001,0.0001,0.2846686595826418,0.408,1000
6,36,reverse,0,primitive,0,36,180,814,994,4420,6480,0.0001,1e-05,0.8819637785055895,0.911,1000
6,36,reverse,0,pipelined,0,36,138,734,914,3068,4968,0.01,0.001,2.905030603644828e-05,0.0,1000
6,36,reverse,0,pipelined,0,36,138,734,914,3068,4968,0.001,0.0001,0.35303693850258133,0.465,1000
6,36,reverse,0,pipelined,0,36,138,734,914,3068,4968,0.0001,1e-05,0.9011497565974019,0.911,1000
6,36,transpose,0,1d,0,36,62,315,630,486,2232,0.01,0.001,0.025936631757152048,0.069,1000
6,36,transpose,0,1d,0,36,62,315,630,486,2232,0.001,0.0001,0.6950579641497033,0.743,1000
6,36,transpose,0,1d,0,36,62,315,630,486,2232,0.0001,1e-05,0.9642915431845717,0.979,1000
6,36,transpose,0,ancilla,6,42,116,525,656,3066,4872,0.01,0.001,0.00023782859190199374,0.007,1000
6,36,transpose,0,ancilla,6,42,116,525,656,3066,4872,0.001,0.0001,0.4352311515501633,0.523,1000
6,36,transpose,0,ancilla,6,42,116,525,656,3066,4872,0.0001,1e-05,0.9202013460556301,0.936,1000
6,36,transpose,0,primitive,0,36,192,765,896,4734,6912,0.01,0.001,4.0174004966828525e-06,0.0,1000
6,36,transpose,0,primitive,0,36,192,765,896,4734,6912,0.001,0.0001,0.2897298254078022,0.403,1000
6,36,transpose,0,primitive,0,36,192,765,896,4734,6912,0.0001,1e-05,0.8835176041479054,0.91,1000
6,36,transpose,0,pipelined,0,36,150,685,816,3382,5400,0.01,0.001,3.472078052632099e-05,0.002,1000
6,36,transpose,0,pipelined,0,36,150,685,816,3382,5400,0.001,0.0001,0.35931363398001165,0.489,1000
6,36,transpose,0,pipelined,0,36,150,685,816,3382,5400,0.0001,1e-05,0.90273738370125,0.934,1000
6,36,random,0,1d,0,36,66,243,486,702,2376,0.01,0.001,0.043084893309346055,0.089,1000
6,36,random,0,1d,0,36,66,243,486,702,2376,0.001,0.0001,0.7310122282246251,0.746,1000
6,36,random,0,1d,0,36,66,243,486,702,2376,0.0001,1e-05,0.969164178892898,0.978,1000
6,36,random,0,ancilla,6,42,110,515,636,2960,4620,0.01,0.001,0.00029239528600266804,0.001,1000
6,36,random,0,ancilla,6,42,110,515,636,2960,4620,0.001,0.0001,0.44429235644319887,0.527,1000
6,36,random,0,ancilla,6,42,110,515,636,2960,4620,0.0001,1e-05,0.9220989656482901,0.953,1000
6,36,random,0,primitive,0,36,186,755,876,4646,6696,0.01,0.001,4.850988209554527e-06,0.0,1000
6,36,random,0,primitive,0,36,186,755,876,4646,6696,0.001,0.0001,0.2952298765935413,0.386,1000
6,36,random,0,primitive,0,36,186,755,876,4646,6696,0.0001,1e-05,0.8851802277316971,0.893,1000
6,36,random,0,pipelined,0,36,144,675,796,3294,5184,0.01,0.001,4.192514465480489e-05,0.0,1000
6,36,random,0,pipelined,0,36,144,675,796,3294,5184,0.001,0.0001,0.36613462100073824,0.472,1000
6,36,random,0,pipelined,0,36,144,675,796,3294,5184,0.0001,1e-05,0.9044361755046796,0.94,1000
6,36,random,1,1d,0,36,64,278,556,596,2304,0.01,0.001,0.03369885002513833,0.068,1000
6,36,random,1,1d,0,36,64,278,556,596,2304,0.001,0.0001,0.7133792639909216,0.744,1000
6,36,random,1,1d,0,36,64,278,556,596,2304,0.0001,1e-05,0.9668021368816977,0.979,1000
6,36,random,1,ancilla,6,42,110,508,622,2974,4620,0.01,0.001,0.0003093433893635622,0.006,1000
6,36,random,1,ancilla,6,42,110,508,622,2974,4620,0.001,0.0001,0.4467889066903201,0.546,1000
6,36,random,1,ancilla,6,42,110,508,622,2974,4620,0.0001,1e-05,0.9226155173290247,0.95,1000
6,36,random,1,primitive,0,36,186,748,862,4660,6696,0.01,0.001,5.132165962800722e-06,0.001,1000
6,36,random,1,primitive,0,36,186,748,862,4660,6696,0.001,0.0001,0.29688882077900447,0.379,1000
6,36,random,1,primitive,0,36,186,748,862,4660,6696,0.0001,1e-05,0.8856760978621516,0.916,1000
6,36,random,1,pipelined,0,36,144,668,782,3308,5184,0.01,0.001,4.435525115461894e-05,0.001,1000
6,36,random,1,pipelined,0,36,144,668,782,3308,5184,0.001,0.0001,0.36819199035513517,0.472,1000
6,36,random,1,pipelined,0,36,144,668,782,3308,5184,0.0001,1e-05,0.9049428326466771,0.938,1000
6,36,random,2,1d,0,36,64,305,610,542,2304,0.01,0.001,0.027116208883302954,0.077,1000
6,36,random,2,1d,0,36,64,305,610,542,2304,0.001,0.0001,0.6981262546958256,0.743,1000
6,36,random,2,1d,0,36,64,305,610,542,2304,0.0001,1e-05,0.964715970358479,0.968,1000
6,36,random,2,ancilla,6,42,112,511,628,3010,4704,0.01,0.001,0.0002895369529007502,0.003,1000
6,36,random,2,ancilla,6,42,112,511,628,3010,4704,0.001,0.0001,0.4438490634789293,0.531,1000
6,36,random,2,ancilla,6,42,112,511,628,3010,4704,0.0001,1e-05,0.922006776498401,0.944,1000
6,36,random,2,primitive,0,36,188,751,868,4690,6768,0.01,0.001,4.832489539473379e-06,0.001,1000
6,36,random,2,primitive,0,36,188,751,868,4690,6768,0.001,0.0001,0.29511233394708136,0.437,1000
6,36,random,2,primitive,0,36,188,751,868,4690,6768,0.0001,1e-05,0.8851448369874696,0.909,1000
6,36,random,2,pipelined,0,36,146,671,788,3338,5256,0.01,0.001,4.17652680718138e-05,0.0,1000
6,36,random,2,pipelined,0,36,146,671,788,3338,5256,0.001,0.0001,0.36598884838175544,0.487,1000
6,36,random,2,pipelined,0,36,146,671,788,3338,5256,0.0001,1e-05,0.9044000148807133,0.92,1000
6,36,random,3,1d,0,36,66,334,668,520,2376,0.01,0.001,0.02071137218737073,0.039,1000
6,36,random,3,1d,0,36,66,334,668,520,2376,0.001,0.0001,0.6796551705322385,0.774,1000
6,36,random,3,1d,0,36,66,334,668,520,2376,0.0001,1e-05,0.9621338544926745,0.972,1000
6,36,random,3,ancilla,6,42,110,514,634,2962,4620,0.01,0.001,0.00029475837154136235,0.003,1000
6,36,random,3,ancilla,6,42,110,514,634,2962,4620,0.001,0.0001,0.44464815056539925,0.534,1000
6,36,random,3,ancilla,6,42,110,514,634,2962,4620,0.0001,1e-05,0.9221727410352906,0.941,1000
6,36,random,3,primitive,0,36,186,754,874,4648,6696,0.01,0.001,4.89019301426629e-06,0.0,1000
6,36,random,3,primitive,0,36,186,754,874,4648,6696,0.001,0.0001,0.2954662998703918,0.418,1000
6,36,random,3,primitive,0,36,186,754,874,4648,6696,0.0001,1e-05,0.8852510493205926,0.897,1000
6,36,random,3,pipelined,0,36,144,674,794,3296,5184,0.01,0.001,4.226397605115145e-05,0.0,1000
6,36,random,3,pipelined,0,36,144,674,794,3296,5184,0.001,0.0001,0.3664278255634478,0.477,1000
6,36,random,3,pipelined,0,36,144,674,794,3296,5184,0.0001,1e-05,0.9045085377253856,0.913,1000
6,36,random,4,1d,0,36,64,327,654,498,2304,0.01,0.001,0.022715472239564227,0.058,1000
6,36,random,4,1d,0,36,64,327,654,498,2304,0.001,0.0001,0.6859393273610085,0.736,1000
6,36,random,4,1d,0,36,64,327,654,498,2304,0.0001,1e-05,0.9630194597060058,0.967,1000
6,36,random,4,ancilla,6,42,112,523,652,2986,4704,0.01,0.001,0.0002628782271994152,0.0,1000
6,36,random,4,ancilla,6,42,112,523,652,2986,4704,0.001,0.0001,0.43960591309633834,0.519,1000
6,36,random,4,ancilla,6,42,112,523,652,2986,4704,0.0001,1e-05,0.9211220205521076,0.936,1000
6,36,random,4,primitive,0,36,188,763,892,4666,6768,0.01,0.001,4.3875445616502825e-06,0.0,1000
6,36,random,4,primitive,0,36,188,763,892,4666,6768,0.001,0.0001,0.292291091061313,0.43,1000
6,36,random,4,primitive,0,36,188,763,892,4666,6768,0.0001,1e-05,0.8842954536881085,0.907,1000
6,36,random,4,pipelined,0,36,146,683,812,3314,5256,0.01,0.001,3.791978716095104e-05,0.001,1000
6,36,random,4,pipelined,0,36,146,683,812,3314,5256,0.001,0.0001,0.3624900334696253,0.442,1000
6,36,random,4,pipelined,0,36,146,683,812,3314,5256,0.0001,1e-05,0.9035321543493272,0.933,1000
6,36,random,5,1d,0,36,62,371,742,374,2232,0.01,0.001,0.01652531673498554,0.047,1000
6,36,random,5,1d,0,36,62,371,742,374,2232,0.001,0.0001,0.6645883225339448,0.706,1000
6,36,random,5,1d,0,36,62,371,742,374,2232,0.0001,1e-05,0.9599809160583049,0.975,1000
6,36,random,5,ancilla,6,42,112,527,660,2978,4704,0.01,0.001,0.00025454905547078776,0.002,1000
6,36,random,5,ancilla,6,42,112,527,660,2978,4704,0.001,0.0001,0.4382005631003062,0.542,1000
6,36,random,5,ancilla,6,42,112,527,660,2978,4704,0.0001,1e-05,0.9208272906125075,0.941,1000
6,36,random,5,primitive,0,36,188,767,900,4658,6768,0.01,0.001,4.248527296849312e-06,0.0,1000
6,36,random,5,primitive,0,36,188,767,900,4658,6768,0.001,0.0001,0.2913566830576308,0.385,1000
6,36,random,5,primitive,0,36,188,767,900,4658,6768,0.0001,1e-05,0.8840125070862045,0.905,1000
6,36,random,5,pipelined,0,36,146,687,820,3306,5256,0.01,0.001,3.671831672141945e-05,0.0,1000
6,36,random,5,pipelined,0,36,146,687,820,3306,5256,0.001,0.0001,0.3613312106423568,0.461,1000
6,36,random,5,pipelined,0,36,146,687,820,3306,5256,0.0001,1e-05,0.9032430526110812,0.934,1000
6,36,random,6,1d,0,36,70,337,674,586,2520,0.01,0.001,0.01881207405902789,0.048,1000
6,36,random,6,1d,0,36,70,337,674,586,2520,0.001,0.0001,0.6731604668529607,0.739,1000
6,36,random,6,1d,0,36,70,337,674,586,2520,0.0001,1e-05,0.961210631610669,0.965,1000
6,36,random,6,ancilla,6,42,112,509,624,3014,4704,0.01,0.001,0.0002942358342546743,0.004,1000
6,36,random,6,ancilla,6,42,112,509,624,3014,4704,0.001,0.0001,0.4445602263752303,0.529,1000
6,36,random,6,ancilla,6,42,112,509,624,3014,4704,0.0001,1e-05,0.9221543184226829,0.957,1000
6,36,random,6,primitive,0,36,188,749,864,4694,6768,0.01,0.001,4.910915780968878e-06,0.0,1000
6,36,random,6,primitive,0,36,188,749,864,4694,6768,0.001,0.0001,0.2955851814968744,0.419,1000
6,36,random,6,primitive,0,36,188,749,864,4694,6768,0.0001,1e-05,0.8852864801682424,0.903,1000
6,36,random,6,pipelined,0,36,146,669,784,3342,5256,0.01,0.001,4.2443074608831415e-05,0.001,1000
6,36,random,6,pipelined,0,36,146,669,784,3342,5256,0.001,0.0001,0.36657525874249597,0.47,1000
6,36,random,6,pipelined,0,36,146,669,784,3342,5256,0.0001,1e-05,0.9045447393251721,0.922,1000
6,36,random,7,1d,0,36,62,296,592,524,2232,0.01,0.001,0.03022271190440915,0.066,1000
6,36,random,7,1d,0,36,62,296,592,524,2232,0.001,0.0001,0.7057101212642881,0.781,1000
6,36,random,7,1d,0,36,62,296,592,524,2232,0.0001,1e-05,0.9657584707626341,0.968,1000
6,36,random,7,ancilla,6,42,114,512,630,3050,4788,0.01,0.001,0.00027539669446171596,0.003,1000
6,36,random,7,ancilla,6,42,114,512,630,3050,4788,0.001,0.0001,0.4416350477416671,0.544,1000
6,36,random,7,ancilla,6,42,114,512,630,3050,4788,0.0001,1e-05,0.9215458818906537,0.947,1000
6,36,random,7,primitive,0,36,190,752,870,4724,6840,0.01,0.001,4.624158554649676e-06,0.0,1000
6,36,random,7,primitive,0,36,190,752,870,4724,6840,0.001,0.0001,0.29381649522144315,0.364,1000
6,36,random,7,primitive,0,36,190,752,870,4724,6840,0.0001,1e-05,0.8847554530004849,0.908,1000
6,36,random,7,pipelined,0,36,148,672,790,3372,5328,0.01,0.001,3.996474696198949e-05,0.001,1000
6,36,random,7,pipelined,0,36,148,672,790,3372,5328,0.001,0.0001,0.36438179076900973,0.486,1000
6,36,random,7,pipelined,0,36,148,672,790,3372,5328,0.0001,1e-05,0.9040021603501238,0.928,1000
6,36,random,8,1d,0,36,68,337,674,550,2448,0.01,0.001,0.01950199782490846,0.046,1000
6,36,random,8,1d,0,36,68,337,674,550,2448,0.001,0.0001,0.6755883334666632,0.728,1000
6,36,random,8,1d,0,36,68,337,674,550,2448,0.0001,1e-05,0.961556731462785,0.975,1000
6,36,random,8,ancilla,6,42,108,513,632,2922,4536,0.01,0.001,0.00030989275635600336,0.003,1000
6,36,random,8,ancilla,6,42,108,513,632,2922,4536,0.001,0.0001,0.44687727166421254,0.564,1000
6,36,random,8,ancilla,6,42,108,513,632,2922,4536,0.0001,1e-05,0.922633949155371,0.928,1000
6,36,random,8,primitive,0,36,184,753,872,4614,6624,0.01,0.001,5.110509578804437e-06,0.0,1000
6,36,random,8,primitive,0,36,184,753,872,4614,6624,0.001,0.0001,0.29676941484085834,0.425,1000
6,36,random,8,primitive,0,36,184,753,872,4614,6624,0.0001,1e-05,0.8856406514212612,0.913,1000
6,36,random,8,pipelined,0,36,142,673,792,3262,5112,0.01,0.001,4.416808371727989e-05,0.001,1000
6,36,random,8,pipelined,0,36,142,673,792,3262,5112,0.001,0.0001,0.36804390694158357,0.477,1000
6,36,random,8,pipelined,0,36,142,673,792,3262,5112,0.0001,1e-05,0.904906615114439,0.925,1000
6,36,random,9,1d,0,36,58,310,620,424,2088,0.01,0.001,0.029018658596048717,0.057,1000
6,36,random,9,1d,0,36,58,310,620,424,2088,0.001,0.0001,0.7028883468918463,0.747,1000
6,36,random,9,1d,0,36,58,310,620,424,2088,0.0001,1e-05,0.965372181871035,0.977,1000
6,36,random,9,ancilla,6,42,112,522,650,2988,4704,0.01,0.001,0.00026500276123559953,0.0,1000
6,36,random,9,ancilla,6,42,112,522,650,2988,4704,0.001,0.0001,0.4399579542640422,0.581,1000
6,36,random,9,ancilla,6,42,112,522,650,2988,4704,0.0001,1e-05,0.9211957177755863,0.939,1000
6,36,random,9,primitive,0,36,188,762,890,4668,6768,0.01,0.001,4.423003899062165e-06,0.0,1000
6,36,random,9,primitive,0,36,188,762,890,4668,6768,0.001,0.0001,0.29252516092693864,0.39,1000
6,36,random,9,primitive,0,36,188,762,890,4668,6768,0.0001,1e-05,0.884366204487913,0.91,1000
6,36,random,9,pipelined,0,36,146,682,810,3316,5256,0.01,0.001,3.8226247986279084e-05,0.0,1000
6,36,random,9,pipelined,0,36,146,682,810,3316,5256,0.001,0.0001,0.36278031940723887,0.474,1000
6,36,random,9,pipelined,0,36,146,682,810,3316,5256,0.0001,1e-05,0.9036044442410176,0.93,1000
6,36,random,10,1d,0,36,62,353,706,410,2232,0.01,0.001,0.019101781174745737,0.042,1000
6,36,random,10,1d,0,36,62,353,706,410,2232,0.001,0.0001,0.6742335815857802,0.734,1000
6,36,random,10,1d,0,36,62,353,706,410,2232,0.0001,1e-05,0.9613643691616547,0.974,1000
6,36,random,10,ancilla,6,42,112,519,644,2994,4704,0.01,0.001,0.0002714799401148746,0.002,1000
6,36,random,10,ancilla,6,42,112,519,644,2994,4704,0.001,0.0001,0.44101577018062565,0.56,1000
6,36,random,10,ancilla,6,42,112,519,644,2994,4704,0.0001,1e-05,0.9214168448261592,0.938,1000
6,36,random,10,primitive,0,36,188,759,884,4674,6768,0.01,0.001,4.531110649740461e-06,0.0,1000
6,36,random,10,primitive,0,36,188,759,884,4674,6768,0.001,0.0001,0.293228495798443,0.409,1000
6,36,random,10,primitive,0,36,188,759,884,4674,6768,0.0001,1e-05,0.8845784908529614,0.914,1000
6,36,random,10,pipelined,0,36,146,679,804,3322,5256,0.01,0.001,3.916057125497337e-05,0.0,1000
6,36,random,10,pipelined,0,36,146,679,804,3322,5256,0.001,0.0001,0.3636525727495705,0.482,1000
6,36,random,10,pipelined,0,36,146,679,804,3322,5256,0.0001,1e-05,0.9038213486206014,0.935,1000
6,36,random,11,1d,0,36,52,249,498,438,1872,0.01,0.001,0.052825947786653074,0.111,1000
6,36,random,11,1d,0,36,52,249,498,438,1872,0.001,0.0001,0.7460767715053124,0.791,1000
6,36,random,11,1d,0,36,52,249,498,438,1872,0.0001,1e-05,0.9711432755095999,0.97,1000
6,36,random,11,ancilla,6,42,112,513,632,3006,4704,0.01,0.001,0.0002849131116453041,0.004,1000
6,36,random,11,ancilla,6,42,112,513,632,3006,4704,0.001,0.0001,0.443139038229757,0.54,1000
6,36,random,11,ancilla,6,42,112,513,632,3006,4704,0.0001,1e-05,0.9218592581803843,0.932,1000
6,36,random,11,primitive,0,36,188,753,872,4686,6768,0.01,0.001,4.755315747750884e-06,0.0,1000
6,36,random,11,primitive,0,36,188,753,872,4686,6768,0.001,0.0001,0.29464024281140966,0.413,1000
6,36,random,11,primitive,0,36,188,753,872,4686,6768,0.0001,1e-05,0.8850032164691807,0.906,1000
6,36,random,11,pipelined,0,36,146,673,792,3334,5256,0.01,0.001,4.1098285955643596e-05,0.001,1000
6,36,random,11,pipelined,0,36,146,673,792,3334,5256,0.001,0.0001,0.36540337610153983,0.484,1000
6,36,random,11,pipelined,0,36,146,673,792,3334,5256,0.0001,1e-05,0.9042553135917312,0.932,1000
6,36,random,12,1d,0,36,66,248,496,692,2376,0.01,0.001,0.04138530046184441,0.092,1000
6,36,random,12,1d,0,36,66,248,496,692,2376,0.001,0.0001,0.7280922345797463,0.773,1000
6,36,random,12,1d,0,36,66,248,496,692,2376,0.0001,1e-05,0.9687765670075004,0.971,1000
6,36,random,12,ancilla,6,42,110,500,606,2990,4620,0.01,0.001,0.00032991882316762267,0.002,1000
6,36,random,12,ancilla,6,42,110,500,606,2990,4620,0.001,0.0001,0.44965928934027316,0.571,1000
6,36,random,12,ancilla,6,42,110,500,606,2990,4620,0.0001,1e-05,0.9232062164442301,0.957,1000
6,36,random,12,primitive,0,36,186,740,846,4676,6696,0.01,0.001,5.473522994080141e-06,0.0,1000
6,36,random,12,primitive,0,36,186,740,846,4676,6696,0.001,0.0001,0.2987961745815905,0.404,1000
6,36,random,12,primitive,0,36,186,740,846,4676,6696,0.0001,1e-05,0.8862431467330402,0.928,1000
6,36,random,12,pipelined,0,36,144,660,766,3324,5184,0.01,0.001,4.730546300777011e-05,0.001,1000
6,36,random,12,pipelined,0,36,144,660,766,3324,5184,0.001,0.0001,0.37055742934688607,0.452,1000
6,36,random,12,pipelined,0,36,144,660,766,3324,5184,0.0001,1e-05,0.9055222169302878,0.945,1000
6,36,random,13,1d,0,36,54,273,546,426,1944,0.01,0.001,0.042005495244089225,0.104,1000
6,36,random,13,1d,0,36,54,273,546,426,1944,0.001,0.0001,0.7292499628257496,0.789,1000
6,36,random,13,1d,0,36,54,273,546,426,1944,0.0001,1e-05,0.9689314754215704,0.98,1000
6,36,random,13,ancilla,6,42,112,513,632,3006,4704,0.01,0.001,0.0002849131116453041,0.001,1000
6,36,random,13,ancilla,6,42,112,513,632,3006,4704,0.001,0.0001,0.443139038229757,0.552,1000
6,36,random,13,ancilla,6,42,112,513,632,3006,4704,0.0001,1e-05,0.9218592581803843,0.95,1000
6,36,random,13,primitive,0,36,188,753,872,4686,6768,0.01,0.001,4.755315747750884e-06,0.0,1000
6,36,random,13,primitive,0,36,188,753,872,4686,6768,0.001,0.0001,0.29464024281140966,0.377,1000
6,36,random,13,primitive,0,36,188,753,872,4686,6768,0.0001,1e-05,0.8850032164691807,0.906,1000
6,36,random,13,pipelined,0,36,146,673,792,3334,5256,0.01,0.001,4.1098285955643596e-05,0.0,1000
6,36,random,13,pipelined,0,36,146,673,792,3334,5256,0.001,0.0001,0.36540337610153983,0.465,1000
6,36,random,13,pipelined,0,36,146,673,792,3334,5256,0.0001,1e-05,0.9042553135917312,0.919,1000
6,36,random,14,1d,0,36,66,340,680,508,2376,0.01,0.001,0.019734866004075518,0.051,1000
6,36,random,14,1d,0,36,66,340,680,508,2376,0.001,0.0001,0.676398652862789,0.747,1000
6,36,random,14,1d,0,36,66,340,680,508,2376,0.0001,1e-05,0.9616721127875255,0.974,1000
6,36,random,14,ancilla,6,42,110,506,618,2978,4620,0.01,0.001,0.0003143637084270788,0.001,1000
6,36,random,14,ancilla,6,42,110,506,618,2978,4620,0.001,0.0001,0.44750477998838806,0.547,1000
6,36,random,14,ancilla,6,42,110,506,618,2978,4620,0.0001,1e-05,0.9227631566655988,0.934,1000
6,36,random,14,primitive,0,36,186,746,858,4664,6696,0.01,0.001,5.2154556386305115e-06,0.0,1000
6,36,random,14,primitive,0,36,186,746,858,4664,6696,0.001,0.0001,0.2973645147277754,0.387,1000
6,36,random,14,primitive,0,36,186,746,858,4664,6696,0.0001,1e-05,0.8858178260566724,0.914,1000
6,36,random,14,pipelined,0,36,144,666,778,3312,5184,0.01,0.001,4.507509040315349e-05,0.001,1000
6,36,random,14,pipelined,0,36,144,666,778,3312,5184,0.001,0.0001,0.36878193072856624,0.471,1000
6,36,random,14,pipelined,0,36,144,666,778,3312,5184,0.0001,1e-05,0.9050876439542479,0.917,1000
6,36,random,15,1d,0,36,70,340,680,580,2520,0.01,0.001,0.018363241011846082,0.043,1000
6,36,random,15,1d,0,36,70,340,680,580,2520,0.001,0.0001,0.6715458310408217,0.756,1000
6,36,random,15,1d,0,36,70,340,680,580,2520,0.0001,1e-05,0.9609799546123694,0.969,1000
6,36,random,15,ancilla,6,42,112,508,622,3016,4704,0.01,0.001,0.00029661379476969617,0.006,1000
6,36,random,15,ancilla,6,42,112,508,622,3016,4704,0.001,0.0001,0.44491623501056804,0.528,1000
6,36,random,15,ancilla,6,42,112,508,622,3016,4704,0.0001,1e-05,0.9222280982383537,0.928,1000
6,36,random,15,primitive,0,36,188,748,862,4696,6768,0.01,0.001,4.9506049094168906e-06,0.0,1000
6,36,random,15,primitive,0,36,188,748,862,4696,6768,0.001,0.0001,0.29582188930573255,0.405,1000
6,36,random,15,primitive,0,36,188,748,862,4696,6768,0.0001,1e-05,0.8853573102581936,0.906,1000
6,36,random,15,pipelined,0,36,146,668,782,3344,5256,0.01,0.001,4.278609182089734e-05,0.002,1000
6,36,random,15,pipelined,0,36,146,668,782,3344,5256,0.001,0.0001,0.3668688161726727,0.471,1000
6,36,random,15,pipelined,0,36,146,668,782,3344,5256,0.0001,1e-05,0.9046171102318634,0.916,1000
6,36,random,16,1d,0,36,58,271,542,502,2088,0.01,0.001,0.03972032793155397,0.086,1000
6,36,random,16,1d,0,36,58,271,542,502,2088,0.001,0.0001,0.725178026434211,0.798,1000
6,36,random,16,1d,0,36,58,271,542,502,2088,0.0001,1e-05,0.9683890317000701,0.974,1000
6,36,random,16,ancilla,6,42,112,493,592,3046,4704,0.01,0.001,0.0003346786996586805,0.002,1000
6,36,random,16,ancilla,6,42,112,493,592,3046,4704,0.001,0.0001,0.45029070419396017,0.535,1000
6,36,random,16,ancilla,6,42,112,493,592,3046,4704,0.0001,1e-05,0.9233355040959179,0.951,1000
6,36,random,16,primitive,0,36,188,733,832,4726,6768,0.01,0.001,5.585923658385424e-06,0.0,1000
6,36,random,16,primitive,0,36,188,733,832,4726,6768,0.001,0.0001,0.2993953386490876,0.438,1000
6,36,random,16,primitive,0,36,188,733,832,4726,6768,0.0001,1e-05,0.886420441899151,0.925,1000
6,36,random,16,pipelined,0,36,146,653,752,3374,5256,0.01,0.001,4.827689684902611e-05,0.001,1000
6,36,random,16,pipelined,0,36,146,653,752,3374,5256,0.001,0.0001,0.3713004934002316,0.454,1000
6,36,random,16,pipelined,0,36,146,653,752,3374,5256,0.0001,1e-05,0.905703368922785,0.926,1000
6,36,random,17,1d,0,36,68,362,724,500,2448,0.01,0.001,0.015947204273719248,0.05,1000
6,36,random,17,1d,0,36,68,362,724,500,2448,0.001,0.0001,0.6622026706216159,0.712,1000
6,36,random,17,1d,0,36,68,362,724,500,2448,0.0001,1e-05,0.9596354222685576,0.965,1000
6,36,random,17,ancilla,6,42,114,514,634,3046,4788,0.01,0.001,0.00027099867001368613,0.001,1000
6,36,random,17,ancilla,6,42,114,514,634,3046,4788,0.001,0.0001,0.4409285642529824,0.549,1000
6,36,random,17,ancilla,6,42,114,514,634,3046,4788,0.0001,1e-05,0.9213984373143914,0.943,1000
6,36,random,17,primitive,0,36,190,754,874,4720,6840,0.01,0.001,4.550311762789424e-06,0.0,1000
6,36,random,17,primitive,0,36,190,754,874,4720,6840,0.001,0.0001,0.2933464770386957,0.39,1000
6,36,random,17,primitive,0,36,190,754,874,4720,6840,0.0001,1e-05,0.8846138947824658,0.919,1000
6,36,random,17,pipelined,0,36,148,674,794,3368,5328,0.01,0.001,3.932651877068276e-05,0.0,1000
6,36,random,17,pipelined,0,36,148,674,794,3368,5328,0.001,0.0001,0.3637988892985036,0.478,1000
6,36,random,17,pipelined,0,36,148,674,794,3368,5328,0.0001,1e-05,0.903857522716673,0.937,1000
6,36,random,18,1d,0,36,68,320,640,584,2448,0.01,0.001,0.022361832762466217,0.062,1000
6,36,random,18,1d,0,36,68,320,640,584,2448,0.001,0.0001,0.6848448060213491,0.74,1000
6,36,random,18,1d,0,36,68,320,640,584,2448,0.0001,1e-05,0.9628654184806353,0.962,1000
6,36,random,18,ancilla,6,42,110,516,638,2958,4620,0.01,0.001,0.00029005114538226053,0.003,1000
6,36,random,18,ancilla,6,42,110,516,638,2958,4620,0.001,0.0001,0.4439368470167906,0.53,1000
6,36,random,18,ancilla,6,42,110,516,638,2958,4620,0.0001,1e-05,0.9220251961634458,0.951,1000
6,36,random,18,primitive,0,36,186,756,878,4644,6696,0.01,0.001,4.812097710782837e-06,0.0,1000
6,36,random,18,primitive,0,36,186,756,878,4644,6696,0.001,0.0001,0.2949936424955104,0.392,1000
6,36,random,18,primitive,0,36,186,756,878,4644,6696,0.0001,1e-05,0.8851094118086491,0.907,1000
6,36,random,18,pipelined,0,36,144,676,798,3292,5184,0.01,0.001,4.158902967858432e-05,0.0,1000
6,36,random,18,pipelined,0,36,144,676,798,3292,5184,0.001,0.0001,0.36584165105153127,0.492,1000
6,36,random,18,pipelined,0,36,144,676,798,3292,5184,0.0001,1e-05,0.9043638190730741,0.923,1000
6,36,random,19,1d,0,36,70,299,598,662,2520,0.01,0.001,0.025543263897418914,0.066,1000
6,36,random,19,1d,0,36,70,299,598,662,2520,0.001,0.0001,0.6939517051886201,0.747,1000
6,36,random,19,1d,0,36,70,299,598,662,2520,0.0001,1e-05,0.964137337531605,0.978,1000
6,36,random,19,ancilla,6,42,112,511,628,3010,4704,0.01,0.001,0.0002895369529007502,0.001,1000
6,36,random,19,ancilla,6,42,112,511,628,3010,4704,0.001,0.0001,0.4438490634789293,0.553,1000
6,36,random,19,ancilla,6,42,112,511,628,3010,4704,0.0001,1e-05,0.922006776498401,0.931,1000
6,36,random,19,primitive,0,36,188,751,868,4690,6768,0.01,0.001,4.832489539473379e-06,0.0,1000
6,36,random,19,primitive,0,36,188,751,868,4690,6768,0.001,0.0001,0.29511233394708136,0.412,1000
6,36,random,19,primitive,0,36,188,751,868,4690,6768,0.0001,1e-05,0.8851448369874696,0.921,1000
6,36,random,19,pipelined,0,36,146,671,788,3338,5256,0.01,0.001,4.17652680718138e-05,0.001,1000
6,36,random,19,pipelined,0,36,146,671,788,3338,5256,0.001,0.0001,0.36598884838175544,0.475,1000
6,36,random,19,pipelined,0,36,146,671,788,3338,5256,0.0001,1e-05,0.9044000148807133,0.932,1000
8,64,reverse,0,1d,0,64,126,1792,3584,448,8064,0.01,0.001,9.629582184707603e-09,0.0,1000
8,64,reverse,0,1d,0,64,126,1792,3584,448,8064,0.001,0.0001,0.1591833115631781,0.241,1000
8,64,reverse,0,1d,0,64,126,1792,3584,448,8064,0.0001,1e-05,0.8321945902480634,0.857,1000
8,64,reverse,0,ancilla,8,72,140,1166,1614,6596,10080,0.01,0.001,1.1081466536459696e-08,0.0,1000
8,64,reverse,0,ancilla,8,72,140,1166,1614,6596,10080,0.001,0.0001,0.16102166285458105,0.258,1000
8,64,reverse,0,ancilla,8,72,140,1166,1614,6596,10080,0.0001,1e-05,0.8331295220969542,0.867,1000
8,64,reverse,0,primitive,0,64,236,1674,2122,10732,15104,0.01,0.001,1.0718534188464058e-12,0.0,1000
8,64,reverse,0,primitive,0,64,236,1674,2122,10732,15104,0.001,0.0001,0.0640500018345889,0.127,1000
8,64,reverse,0,primitive,0,64,236,1674,2122,10732,15104,0.0001,1e-05,0.7597780657016976,0.807,1000
8,64,reverse,0,pipelined,0,64,178,1506,1954,7356,11392,0.01,0.001,1.699551989473596e-10,0.0,1000
8,64,reverse,0,pipelined,0,64,178,1506,1954,7356,11392,0.001,0.0001,0.1062043421124445,0.187,1000
8,64,reverse,0,pipelined,0,64,178,1506,1954,7356,11392,0.0001,1e-05,0.799180941979485,0.83,1000
8,64,transpose,0,1d,0,64,114,1008,2016,1632,7296,0.01,0.001,7.783105890375112e-06,0.0,1000
8,64,transpose,0,1d,0,64,114,1008,2016,1632,7296,0.001,0.0001,0.3098358937113123,0.412,1000
8,64,transpose,0,1d,0,64,114,1008,2016,1632,7296,0.0001,1e-05,0.8894738935045351,0.918,1000
8,64,transpose,0,ancilla,8,72,156,1054,1390,7396,11232,0.01,0.001,1.534072995950063e-08,0.0,1000
8,64,transpose,0,ancilla,8,72,156,1054,1390,7396,11232,0.001,0.0001,0.16626633742272715,0.267,1000
8,64,transpose,0,ancilla,8,72,156,1054,1390,7396,11232,0.0001,1e-05,0.8358002413914825,0.879,1000
8,64,transpose,0,primitive,0,64,252,1562,1898,11468,16128,0.01,0.001,1.5819506706518574e-12,0.0,1000
8,64,transpose,0,primitive,0,64,252,1562,1898,11468,16128,0.001,0.0001,0.06656083983201391,0.126,1000
8,64,transpose,0,primitive,0,64,252,1562,1898,11468,16128,0.0001,1e-05,0.7627016214164666,0.816,1000
8,64,transpose,0,pipelined,0,64,194,1394,1730,8092,12416,0.01,0.001,2.508372285129339e-10,0.0,1000
8,64,transpose,0,pipelined,0,64,194,1394,1730,8092,12416,0.001,0.0001,0.11036768153523037,0.199,1000
8,64,transpose,0,pipelined,0,64,194,1394,1730,8092,12416,0.0001,1e-05,0.8022561163172712,0.86,1000
8,64,random,0,1d,0,64,98,905,1810,1326,6272,0.01,0.001,2.9763808281129703e-05,0.0,1000
8,64,random,0,1d,0,64,98,905,1810,1326,6272,0.001,0.0001,0.35414125063662194,0.466,1000
8,64,random,0,1d,0,64,98,905,1810,1326,6272,0.0001,1e-05,0.9014374783982649,0.932,1000
8,64,random,0,ancilla,8,72,150,1003,1288,7282,10800,0.01,0.001,2.8706843583559593e-08,0.0,1000
8,64,random,0,ancilla,8,72,150,1003,1288,7282,10800,0.001,0.0001,0.1769765135515634,0.282,1000
8,64,random,0,ancilla,8,72,150,1003,1288,7282,10800,0.0001,1e-05,0.8410321600955694,0.856,1000
8,64,random,0,primitive,0,64,246,1511,1796,11378,15744,0.01,0.001,2.890041453445975e-12,0.0,1000
8,64,random,0,primitive,0,64,246,1511,1796,11378,15744,0.001,0.0001,0.07067856759194283,0.137,1000
8,64,random,0,primitive,0,64,246,1511,1796,11378,15744,0.0001,1e-05,0.7672917863979019,0.822,1000
8,64,random,0,pipelined,0,64,188,1343,1628,8002,12032,0.01,0.001,4.5825069132602327e-10,0.0,1000
8,64,random,0,pipelined,0,64,188,1343,1628,8002,12032,0.001,0.0001,0.11719548099214207,0.202,1000
8,64,random,0,pipelined,0,64,188,1343,1628,8002,12032,0.0001,1e-05,0.8070843320019615,0.834,1000
8,64,random,1,1d,0,64,116,957,1914,1798,7424,0.01,0.001,1.1005988638981188e-05,0.0,1000
8,64,random,1,1d,0,64,116,957,1914,1798,7424,0.001,0.0001,0.3206876091752407,0.414,1000
8,64,random,1,1d,0,64,116,957,1914,1798,7424,0.0001,1e-05,0.8925391727817573,0.903,1000
8,64,random,1,ancilla,8,72,148,983,1248,7250,10656,0.01,0.001,3.623981130964998e-08,0.0,1000
8,64,random,1,ancilla,8,72,148,983,1248,7250,10656,0.001,0.0001,0.18113220855834908,0.288,1000
8,64,random,1,ancilla,8,72,148,983,1248,7250,10656,0.0001,1e-05,0.8429857054970789,0.869,1000
8,64,random,1,primitive,0,64,244,1491,1756,11354,15616,0.01,0.001,3.619332334525186e-12,0.0,1000
8,64,random,1,primitive,0,64,244,1491,1756,11354,15616,0.001,0.0001,0.0722803644439237,0.15,1000
8,64,random,1,primitive,0,64,244,1491,1756,11354,15616,0.0001,1e-05,0.7690125242483874,0.829,1000
8,64,random,1,pipelined,0,64,186,1323,1588,7978,11904,0.01,0.001,5.738884964633261e-10,0.0,1000
8,64,random,1,pipelined,0,64,186,1323,1588,7978,11904,0.001,0.0001,0.11985149623007675,0.192,1000
8,64,random,1,pipelined,0,64,186,1323,1588,7978,11904,0.0001,1e-05,0.8088943090970239,0.855,1000
8,64,random,2,1d,0,64,116,1086,2172,1540,7424,0.01,0.001,3.896486724809122e-06,0.0,1000
8,64,random,2,1d,0,64,116,1086,2172,1540,7424,0.001,0.0001,0.2892247929965677,0.377,1000
8,64,random,2,1d,0,64,116,1086,2172,1540,7424,0.0001,1e-05,0.8833749758031756,0.9,1000
8,64,random,2,ancilla,8,72,152,1044,1370,7272,10944,0.01,0.001,1.9203197086075514e-08,0.0,1000
8,64,random,2,ancilla,8,72,152,1044,1370,7272,10944,0.001,0.0001,0.17003368564889543,0.257,1000
8,64,random,2,ancilla,8,72,152,1044,1370,7272,10944,0.0001,1e-05,0.8376745794345066,0.856,1000
8,64,random,2,primitive,0,64,248,1552,1878,11360,15872,0.01,0.001,1.948804449606394e-12,0.0,1000
8,64,random,2,primitive,0,64,248,1552,1878,11360,15872,0.001,0.0001,0.06796018081936933,0.137,1000
8,64,random,2,primitive,0,64,248,1552,1878,11360,15872,0.0001,1e-05,0.7642897341538911,0.809,1000
8,64,random,2,pipelined,0,64,190,1384,1710,7984,12160,0.01,0.001,3.090062895902522e-10,0.0,1000
8,64,random,2,pipelined,0,64,190,1384,1710,7984,12160,0.001,0.0001,0.11268799511362596,0.193,1000
8,64,random,2,pipelined,0,64,190,1384,1710,7984,12160,0.0001,1e-05,0.8039265902237434,0.856,1000
8,64,random,3,1d,0,64,112,992,1984,1600,7168,0.01,0.001,9.438309234085555e-06,0.001,1000
8,64,random,3,1d,0,64,112,992,1984,1600,7168,0.001,0.0001,0.31584479805309834,0.423,1000
8,64,random,3,1d,0,64,112,992,1984,1600,7168,0.0001,1e-05,0.8911833966334377,0.909,1000
8,64,random,3,ancilla,8,72,152,1022,1326,7316,10944,0.01,0.001,2.2923490118171883e-08,0.0,1000
8,64,random,3,ancilla,8,72,152,1022,1326,7316,10944,0.001,0.0001,0.17305463529971438,0.245,1000
8,64,random,3,ancilla,8,72,152,1022,1326,7316,10944,0.0001,1e-05,0.8391502753127089,0.887,1000
8,64,random,3,primitive,0,64,248,1530,1834,11404,15872,0.01,0.001,2.3263521872196392e-12,0.0,1000
8,64,random,3,primitive,0,64,248,1530,1834,11404,15872,0.001,0.0001,0.0691676138273193,0.124,1000
8,64,random,3,primitive,0,64,248,1530,1834,11404,15872,0.0001,1e-05,0.7656361510538818,0.814,1000
8,64,random,3,pipelined,0,64,190,1362,1666,8028,12160,0.01,0.001,3.688710059124188e-10,0.0,1000
8,64,random,3,pipelined,0,64,190,1362,1666,8028,12160,0.001,0.0001,0.11469009698062274,0.202,1000
8,64,random,3,pipelined,0,64,190,1362,1666,8028,12160,0.0001,1e-05,0.8053428336966815,0.848,1000
8,64,random,4,1d,0,64,124,1152,2304,1664,7936,0.01,0.001,1.773032042930505e-06,0.0,1000
8,64,random,4,1d,0,64,124,1152,2304,1664,7936,0.001,0.0001,0.26740666087560416,0.345,1000
8,64,random,4,1d,0,64,124,1152,2304,1664,7936,0.0001,1e-05,0.8764760990792414,0.911,1000
8,64,random,4,ancilla,8,72,152,1032,1346,7296,10944,0.01,0.001,2.1150611176471132e-08,0.0,1000
8,64,random,4,ancilla,8,72,152,1032,1346,7296,10944,0.001,0.0001,0.17167487944729723,0.262,1000
8,64,random,4,ancilla,8,72,152,1032,1346,7296,10944,0.0001,1e-05,0.8384791824606825,0.877,1000
8,64,random,4,primitive,0,64,248,1540,1854,11384,15872,0.01,0.001,2.1464345227435942e-12,0.0,1000
8,64,random,4,primitive,0,64,248,1540,1854,11384,15872,0.001,0.0001,0.06861614394146105,0.135,1000
8,64,random,4,primitive,0,64,248,1540,1854,11384,15872,0.0001,1e-05,0.7650238495825705,0.834,1000
8,64,random,4,pipelined,0,64,190,1372,1686,8008,12160,0.01,0.001,3.4034290503358757e-10,0.0,1000
8,64,random,4,pipelined,0,64,190,1372,1686,8008,12160,0.001,0.0001,0.11377567863956392,0.181,1000
8,64,random,4,pipelined,0,64,190,1372,1686,8008,12160,0.0001,1e-05,0.8046987776378032,0.841,1000
8,64,random,5,1d,0,64,122,1029,2058,1846,7808,0.01,0.001,5.087524410633277e-06,0.0,1000
8,64,random,5,1d,0,64,122,1029,2058,1846,7808,0.001,0.0001,0.2969700242058758,0.41,1000
8,64,random,5,1d,0,64,122,1029,2058,1846,7808,0.0001,1e-05,0.8857104057279948,0.9,1000
8,64,random,5,ancilla,8,72,150,997,1276,7294,10800,0.01,0.001,3.012729458922871e-08,0.0,1000
8,64,random,5,ancilla,8,72,150,997,1276,7294,10800,0.001,0.0001,0.1778285660224236,0.261,1000
8,64,random,5,ancilla,8,72,150,997,1276,7294,10800,0.0001,1e-05,0.8414359771747213,0.884,1000
8,64,random,5,primitive,0,64,246,1505,1784,11390,15744,0.01,0.001,3.03304436761254e-12,0.0,1000
8,64,random,5,primitive,0,64,246,1505,1784,11390,15744,0.001,0.0001,0.07101884917476442,0.121,1000
8,64,random,5,primitive,0,64,246,1505,1784,11390,15744,0.0001,1e-05,0.7676601974322731,0.823,1000
8,64,random,5,pipelined,0,64,188,1337,1616,8014,12032,0.01,0.001,4.809255163533e-10,0.0,1000
8,64,random,5,pipelined,0,64,188,1337,1616,8014,12032,0.001,0.0001,0.11775971800387364,0.22,1000
8,64,random,5,pipelined,0,64,188,1337,1616,8014,12032,0.0001,1e-05,0.8074718492135996,0.849,1000
8,64,random,6,1d,0,64,104,997,1994,1334,6656,0.01,0.001,1.1712518967921316e-05,0.001,1000
8,64,random,6,1d,0,64,104,997,1994,1334,6656,0.001,0.0001,0.3227408812238804,0.392,1000
8,64,random,6,1d,0,64,104,997,1994,1334,6656,0.0001,1e-05,0.893110422769636,0.917,1000
8,64,random,6,ancilla,8,72,152,991,1264,7378,10944,0.01,0.001,2.9420495136113636e-08,0.0,1000
8,64,random,6,ancilla,8,72,152,991,1264,7378,10944,0.001,0.0001,0.17740274724936955,0.25,1000
8,64,random,6,ancilla,8,72,152,991,1264,7378,10944,0.0001,1e-05,0.8412340784771182,0.89,1000
8,64,random,6,primitive,0,64,248,1499,1772,11466,15872,0.01,0.001,2.985689912668538e-12,0.0,1000
8,64,random,6,primitive,0,64,248,1499,1772,11466,15872,0.001,0.0001,0.07090549578402523,0.157,1000
8,64,random,6,primitive,0,64,248,1499,1772,11466,15872,0.0001,1e-05,0.7675374017372085,0.8,1000
8,64,random,6,pipelined,0,64,190,1331,1604,8090,12160,0.01,0.001,4.734169002780597e-10,0.0,1000
8,64,random,6,pipelined,0,64,190,1331,1604,8090,12160,0.001,0.0001,0.11757176137710006,0.201,1000
8,64,random,6,pipelined,0,64,190,1331,1604,8090,12160,0.0001,1e-05,0.8073426852067892,0.849,1000
8,64,random,7,1d,0,64,122,1002,2004,1900,7808,0.01,0.001,6.32255500210168e-06,0.0,1000
8,64,random,7,1d,0,64,122,1002,2004,1900,7808,0.001,0.0001,0.30345837285213995,0.38,1000
8,64,random,7,1d,0,64,122,1002,2004,1900,7808,0.0001,1e-05,0.8876257253189097,0.908,1000
8,64,random,7,ancilla,8,72,150,992,1266,7304,10800,0.01,0.001,3.136454873084444e-08,0.0,1000
8,64,random,7,ancilla,8,72,150,992,1266,7304,10800,0.001,0.0001,0.1785417425377083,0.256,1000
8,64,random,7,ancilla,8,72,150,992,1266,7304,10800,0.0001,1e-05,0.8417726395142755,0.895,1000
8,64,random,7,primitive,0,64,246,1500,1774,11400,15744,0.01,0.001,3.157604065278674e-12,0.0,1000
8,64,random,7,primitive,0,64,246,1500,1774,11400,15744,0.001,0.0001,0.07130366829301339,0.142,1000
8,64,random,7,primitive,0,64,246,1500,1774,11400,15744,0.0001,1e-05,0.7679673417487285,0.826,1000
8,64,random,7,pipelined,0,64,188,1332,1606,8024,12032,0.01,0.001,5.006759484790424e-10,0.0,1000
8,64,random,7,pipelined,0,64,188,1332,1606,8024,12032,0.001,0.0001,0.11823199007582137,0.195,1000
8,64,random,7,pipelined,0,64,188,1332,1606,8024,12032,0.0001,1e-05,0.8077949223519663,0.834,1000
8,64,random,8,1d,0,64,114,908,1816,1832,7296,0.01,0.001,1.7407288396157542e-05,0.0,1000
8,64,random,8,1d,0,64,114,908,1816,1832,7296,0.001,0.0001,0.3356576747561517,0.435,1000
8,64,random,8,1d,0,64,114,908,1816,1832,7296,0.0001,1e-05,0.8966186632438568,0.943,1000
8,64,random,8,ancilla,8,72,152,1012,1306,7336,10944,0.01,0.001,2.484497468245731e-08,0.0,1000
8,64,random,8,ancilla,8,72,152,1012,1306,7336,10944,0.001,0.0001,0.17444548028886728,0.262,1000
8,64,random,8,ancilla,8,72,152,1012,1306,7336,10944,0.0001,1e-05,0.8398219052867361,0.875,1000
8,64,random,8,primitive,0,64,248,1520,1814,11424,15872,0.01,0.001,2.52135084561724e-12,0.0,1000
8,64,random,8,primitive,0,64,248,1520,1814,11424,15872,0.001,0.0001,0.06972351589221792,0.14,1000
8,64,random,8,primitive,0,64,248,1520,1814,11424,15872,0.0001,1e-05,0.7662489425923877,0.82,1000
8,64,random,8,pipelined,0,64,190,1352,1646,8048,12160,0.01,0.001,3.9979037902791524e-10,0.0,1000
8,64,random,8,pipelined,0,64,190,1352,1646,8048,12160,0.001,0.0001,0.11561186452770227,0.197,1000
8,64,random,8,pipelined,0,64,190,1352,1646,8048,12160,0.0001,1e-05,0.8059874052381459,0.85,1000
8,64,random,9,1d,0,64,124,1206,2412,1556,7936,0.01,0.001,1.1480065455566806e-06,0.0,1000
8,64,random,9,1d,0,64,124,1206,2412,1556,7936,0.001,0.0001,0.2560938800402144,0.351,1000
8,64,random,9,1d,0,64,124,1206,2412,1556,7936,0.0001,1e-05,0.8726976582090439,0.922,1000
8,64,random,9,ancilla,8,72,152,1030,1342,7300,10944,0.01,0.001,2.1493863433171117e-08,0.0,1000
8,64,random,9,ancilla,8,72,152,1030,1342,7300,10944,0.001,0.0001,0.17194994774085837,0.277,1000
8,64,random,9,ancilla,8,72,152,1030,1342,7300,10944,0.0001,1e-05,0.8386133580819513,0.88,1000
8,64,random,9,primitive,0,64,248,1538,1850,11388,15872,0.01,0.001,2.1812689059036476e-12,0.0,1000
8,64,random,9,primitive,0,64,248,1538,1850,11388,15872,0.001,0.0001,0.06872608504458277,0.141,1000
8,64,random,9,primitive,0,64,248,1538,1850,11388,15872,0.0001,1e-05,0.765146270690274,0.823,1000
8,64,random,9,pipelined,0,64,190,1370,1682,8012,12160,0.01,0.001,3.458663137535478e-10,0.0,1000
8,64,random,9,pipelined,0,64,190,1370,1682,8012,12160,0.001,0.0001,0.11395797719059773,0.171,1000
8,64,random,9,pipelined,0,64,190,1370,1682,8012,12160,0.0001,1e-05,0.8048275476307645,0.867,1000
8,64,random,10,1d,0,64,120,1038,2076,1764,7680,0.01,0.001,5.0449076762492116e-06,0.0,1000
8,64,random,10,1d,0,64,120,1038,2076,1764,7680,0.001,0.0001,0.2967313286752115,0.364,1000
8,64,random,10,1d,0,64,120,1038,2076,1764,7680,0.0001,1e-05,0.8856395155044412,0.903,1000
8,64,random,10,ancilla,8,72,150,1010,1302,7268,10800,0.01,0.001,2.713407180647343e-08,0.0,1000
8,64,random,10,ancilla,8,72,150,1010,1302,7268,10800,0.001,0.0001,0.17598761084599993,0.303,1000
8,64,random,10,ancilla,8,72,150,1010,1302,7268,10800,0.0001,1e-05,0.840561285101935,0.881,1000
8,64,random,10,primitive,0,64,246,1518,1810,11364,15744,0.01,0.001,2.731703751867664e-12,0.0,1000
8,64,random,10,primitive,0,64,246,1518,1810,11364,15744,0.001,0.0001,0.07028363255048231,0.149,1000
8,64,random,10,primitive,0,64,246,1518,1810,11364,15744,0.0001,1e-05,0.7668621969812559,0.812,1000
8,64,random,10,pipelined,0,64,188,1350,1642,7988,12032,0.01,0.001,4.3314435206410065e-10,0.0,1000
8,64,random,10,pipelined,0,64,188,1350,1642,7988,12032,0.001,0.0001,0.11654062049168828,0.196,1000
8,64,random,10,pipelined,0,64,188,1350,1642,7988,12032,0.0001,1e-05,0.8066324636338712,0.866,1000
8,64,random,11,1d,0,64,128,1048,2096,2000,8192,0.01,0.001,3.602967877819103e-06,0.0,1000
8,64,random,11,1d,0,64,128,1048,2096,2000,8192,0.001,0.0001,0.28692502041562296,0.364,1000
8,64,random,11,1d,0,64,128,1048,2096,2000,8192,0.0001,1e-05,0.8826687058438846,0.885,1000
8,64,random,11,ancilla,8,72,148,1004,1290,7208,10656,0.01,0.001,3.0603740362617886e-08,0.0,1000
8,64,random,11,ancilla,8,72,148,1004,1290,7208,10656,0.001,0.0001,0.17811277225221647,0.3,1000
8,64,random,11,ancilla,8,72,148,1004,1290,7208,10656,0.0001,1e-05,0.8415705918638637,0.87,1000
8,64,random,11,primitive,0,64,244,1512,1798,11312,15616,0.01,0.001,3.0564482277627576e-12,0.0,1000
8,64,random,11,primitive,0,64,244,1512,1798,11312,15616,0.001,0.0001,0.07107546577703545,0.142,1000
8,64,random,11,primitive,0,64,244,1512,1798,11312,15616,0.0001,1e-05,0.76772158882673,0.833,1000
8,64,random,11,pipelined,0,64,186,1344,1630,7936,11904,0.01,0.001,4.846364787274719e-10,0.0,1000
8,64,random,11,pipelined,0,64,186,1344,1630,7936,11904,0.001,0.0001,0.11785359667404706,0.183,1000
8,64,random,11,pipelined,0,64,186,1344,1630,7936,11904,0.0001,1e-05,0.8075364244292662,0.85,1000
8,64,random,12,1d,0,64,126,964,1928,2104,8064,0.01,0.001,7.552918866093221e-06,0.0,1000
8,64,random,12,1d,0,64,126,964,1928,2104,8064,0.001,0.0001,0.3088520738001584,0.405,1000
8,64,random,12,1d,0,64,126,964,1928,2104,8064,0.0001,1e-05,0.889189482044538,0.898,1000
8,64,random,12,ancilla,8,72,154,996,1274,7440,11088,0.01,0.001,2.6295789859920145e-08,0.0,1000
8,64,random,12,ancilla,8,72,154,996,1274,7440,11088,0.001,0.0001,0.17542642851167398,0.248,1000
8,64,random,12,ancilla,8,72,154,996,1274,7440,11088,0.0001,1e-05,0.8402924001206816,0.884,1000
8,64,random,12,primitive,0,64,250,1504,1782,11520,16000,0.01,0.001,2.6900294711727953e-12,0.0,1000
8,64,random,12,primitive,0,64,250,1504,1782,11520,16000,0.001,0.0001,0.0701717054442032,0.128,1000
8,64,random,12,primitive,0,64,250,1504,1782,11520,16000,0.0001,1e-05,0.7667395565397943,0.832,1000
8,64,random,12,pipelined,0,64,192,1336,1614,8144,12288,0.01,0.001,4.2653639565705063e-10,0.0,1000
8,64,random,12,pipelined,0,64,192,1336,1614,8144,12288,0.001,0.0001,0.11635502885474155,0.203,1000
8,64,random,12,pipelined,0,64,192,1336,1614,8144,12288,0.0001,1e-05,0.806503462932276,0.849,1000
8,64,random,13,1d,0,64,104,908,1816,1512,6656,0.01,0.001,2.3975898547983418e-05,0.001,1000
8,64,random,13,1d,0,64,104,908,1816,1512,6656,0.001,0.0001,0.34657297952903154,0.431,1000
8,64,random,13,1d,0,64,104,908,1816,1512,6656,0.0001,1e-05,0.8994924529464082,0.919,1000
8,64,random,13,ancilla,8,72,150,1020,1322,7248,10800,0.01,0.001,2.5035550845646495e-08,0.0,1000
8,64,random,13,ancilla,8,72,150,1020,1322,7248,10800,0.001,0.0001,0.17458447052793136,0.277,1000
8,64,random,13,ancilla,8,72,150,1020,1322,7248,10800,0.0001,1e-05,0.8398890638243911,0.861,1000
8,64,random,13,primitive,0,64,246,1528,1830,11344,15744,0.01,0.001,2.5204366179502165e-12,0.0,1000
8,64,random,13,primitive,0,64,246,1528,1830,11344,15744,0.001,0.0001,0.06972326470380362,0.149,1000
8,64,random,13,primitive,0,64,246,1528,1830,11344,15744,0.0001,1e-05,0.7662489150054006,0.821,1000
8,64,random,13,pipelined,0,64,188,1360,1662,7968,12032,0.01,0.001,3.9964541728006794e-10,0.0,1000
8,64,random,13,pipelined,0,64,188,1360,1662,7968,12032,0.001,0.0001,0.11561144802029363,0.204,1000
8,64,random,13,pipelined,0,64,188,1360,1662,7968,12032,0.0001,1e-05,0.8059873762204691,0.85,1000
8,64,random,14,1d,0,64,116,1025,2050,1662,7424,0.01,0.001,6.36672210354372e-06,0.001,1000
8,64,random,14,1d,0,64,116,1025,2050,1662,7424,0.001,0.0001,0.30369810323338675,0.407,1000
8,64,random,14,1d,0,64,116,1025,2050,1662,7424,0.0001,1e-05,0.8876966466891391,0.896,1000
8,64,random,14,ancilla,8,72,148,987,1256,7242,10656,0.01,0.001,3.5091570106767275e-08,0.0,1000
8,64,random,14,ancilla,8,72,148,987,1256,7242,10656,0.001,0.0001,0.1805531577744644,0.276,1000
8,64,random,14,ancilla,8,72,148,987,1256,7242,10656,0.0001,1e-05,0.8427159767092294,0.907,1000
8,64,random,14,primitive,0,64,244,1495,1764,11346,15616,0.01,0.001,3.504655509143349e-12,0.0,1000
8,64,random,14,primitive,0,64,244,1495,1764,11346,15616,0.001,0.0001,0.0720492956460338,0.14,1000
8,64,random,14,primitive,0,64,244,1495,1764,11346,15616,0.0001,1e-05,0.7687664645410236,0.819,1000
8,64,random,14,pipelined,0,64,186,1327,1596,7970,11904,0.01,0.001,5.557051121220249e-10,0.0,1000
8,64,random,14,pipelined,0,64,186,1327,1596,7970,11904,0.001,0.0001,0.11946835011048745,0.196,1000
8,64,random,14,pipelined,0,64,186,1327,1596,7970,11904,0.0001,1e-05,0.8086354884787521,0.865,1000
8,64,random,15,1d,0,64,122,1035,2070,1834,7808,0.01,0.001,4.847656235811038e-06,0.0,1000
8,64,random,15,1d,0,64,122,1035,2070,1834,7808,0.001,0.0001,0.2955471142170267,0.398,1000
8,64,random,15,1d,0,64,122,1035,2070,1834,7808,0.0001,1e-05,0.8852853407216036,0.906,1000
8,64,random,15,ancilla,8,72,150,1007,1296,7274,10800,0.01,0.001,2.779728088397195e-08,0.0,1000
8,64,random,15,ancilla,8,72,150,1007,1296,7274,10800,0.001,0.0001,0.17641074786186725,0.29,1000
8,64,random,15,ancilla,8,72,150,1007,1296,7274,10800,0.0001,1e-05,0.8407630563805174,0.874,1000
8,64,random,15,primitive,0,64,246,1515,1804,11370,15744,0.01,0.001,2.798471863126336e-12,0.0,1000
8,64,random,15,primitive,0,64,246,1515,1804,11370,15744,0.001,0.0001,0.07045261948313492,0.129,1000
8,64,random,15,primitive,0,64,246,1515,1804,11370,15744,0.0001,1e-05,0.7670462772722757,0.832,1000
8,64,random,15,pipelined,0,64,188,1347,1636,7994,12032,0.01,0.001,4.4373123589801136e-10,0.0,1000
8,64,random,15,pipelined,0,64,188,1347,1636,7994,12032,0.001,0.0001,0.11682082572968841,0.193,1000
8,64,random,15,pipelined,0,64,188,1347,1636,7994,12032,0.0001,1e-05,0.8068260905191659,0.854,1000
8,64,random,16,1d,0,64,114,997,1994,1654,7296,0.01,0.001,8.503672765883479e-06,0.0,1000
8,64,random,16,1d,0,64,114,997,1994,1654,7296,0.001,0.0001,0.3125761676157575,0.411,1000
8,64,random,16,1d,0,64,114,997,1994,1654,7296,0.0001,1e-05,0.8902570230242691,0.907,1000
8,64,random,16,ancilla,8,72,152,983,1248,7394,10944,0.01,0.001,3.137734784727454e-08,0.0,1000
8,64,random,16,ancilla,8,72,152,983,1248,7394,10944,0.001,0.0001,0.17854246616390276,0.264,1000
8,64,random,16,ancilla,8,72,152,983,1248,7394,10944,0.0001,1e-05,0.8417726736085718,0.912,1000
8,64,random,16,primitive,0,64,248,1491,1756,11482,15872,0.01,0.001,3.1842778485024075e-12,0.0,1000
8,64,random,16,primitive,0,64,248,1491,1756,11482,15872,0.001,0.0001,0.07136102612919974,0.14,1000
8,64,random,16,primitive,0,64,248,1491,1756,11482,15872,0.0001,1e-05,0.7680288130082933,0.833,1000
8,64,random,16,pipelined,0,64,190,1323,1588,8106,12160,0.01,0.001,5.049053963258829e-10,0.0,1000
8,64,random,16,pipelined,0,64,190,1323,1588,8106,12160,0.001,0.0001,0.11832709782106228,0.217,1000
8,64,random,16,pipelined,0,64,190,1323,1588,8106,12160,0.0001,1e-05,0.807859581574628,0.88,1000
8,64,random,17,1d,0,64,112,1002,2004,1580,7168,0.01,0.001,8.70836019054504e-06,0.0,1000
8,64,random,17,1d,0,64,112,1002,2004,1580,7168,0.001,0.0001,0.31332658345679737,0.384,1000
8,64,random,17,1d,0,64,112,1002,2004,1580,7168,0.0001,1e-05,0.8904706913827574,0.913,1000
8,64,random,17,ancilla,8,72,152,1006,1294,7348,10944,0.01,0.001,2.607433552008459e-08,0.0,1000
8,64,random,17,ancilla,8,72,152,1006,1294,7348,10944,0.001,0.0001,0.17528534711372262,0.274,1000
8,64,random,17,ancilla,8,72,152,1006,1294,7348,10944,0.0001,1e-05,0.8402251412685351,0.869,1000
8,64,random,17,primitive,0,64,248,1514,1802,11436,15872,0.01,0.001,2.646110481202978e-12,0.0,1000
8,64,random,17,primitive,0,64,248,1514,1802,11436,15872,0.001,0.0001,0.07005919938377747,0.141,1000
8,64,random,17,primitive,0,64,248,1514,1802,11436,15872,0.0001,1e-05,0.7666168529109013,0.817,1000
8,64,random,17,pipelined,0,64,190,1346,1634,8060,12160,0.01,0.001,4.195725137058032e-10,0.0,1000
8,64,random,17,pipelined,0,64,190,1346,1634,8060,12160,0.001,0.0001,0.11616847722649905,0.192,1000
8,64,random,17,pipelined,0,64,190,1346,1634,8060,12160,0.0001,1e-05,0.806374395766284,0.846,1000
8,64,random,18,1d,0,64,118,1073,2146,1630,7552,0.01,0.001,4.057977283430041e-06,0.0,1000
8,64,random,18,1d,0,64,118,1073,2146,1630,7552,0.001,0.0001,0.29038576713419006,0.392,1000
8,64,random,18,1d,0,64,118,1073,2146,1630,7552,0.0001,1e-05,0.8837284499422948,0.914,1000
8,64,random,18,ancilla,8,72,148,999,1280,7218,10656,0.01,0.001,3.186056096429643e-08,0.0,1000
8,64,random,18,ancilla,8,72,148,999,1280,7218,10656,0.001,0.0001,0.17882708856867663,0.298,1000
8,64,random,18,ancilla,8,72,148,999,1280,7218,10656,0.0001,1e-05,0.8419073080633639,0.86,1000
8,64,random,18,primitive,0,64,244,1507,1788,11322,15616,0.01,0.001,3.181969064598387e-12,0.0,1000
8,64,random,18,primitive,0,64,244,1507,1788,11322,15616,0.001,0.0001,0.07136051195459227,0.161,1000
8,64,random,18,primitive,0,64,244,1507,1788,11322,15616,0.0001,1e-05,0.7680287577061599,0.823,1000
8,64,random,18,pipelined,0,64,186,1339,1620,7946,11904,0.01,0.001,5.045393109817165e-10,0.0,1000
8,64,random,18,pipelined,0,64,186,1339,1620,7946,11904,0.001,0.0001,0.11832624524378901,0.199,1000
8,64,random,18,pipelined,0,64,186,1339,1620,7946,11904,0.0001,1e-05,0.8078595234044686,0.858,1000
8,64,random,19,1d,0,64,106,893,1786,1606,6784,0.01,0.001,2.5374813943325288e-05,0.0,1000
8,64,random,19,1d,0,64,106,893,1786,1606,6784,0.001,0.0001,0.3485216844687038,0.423,1000
8,64,random,19,1d,0,64,106,893,1786,1606,6784,0.0001,1e-05,0.8999963730610245,0.918,1000
8,64,random,19,ancilla,8,72,150,993,1268,7302,10800,0.01,0.001,3.111309832709185e-08,0.0,1000
8,64,random,19,ancilla,8,72,150,993,1268,7302,10800,0.001,0.0001,0.17839887878693916,0.278,1000
8,64,random,19,ancilla,8,72,150,993,1268,7302,10800,0.0001,1e-05,0.8417052962720789,0.891,1000
8,64,random,19,primitive,0,64,246,1501,1776,11398,15744,0.01,0.001,3.1322894712789735e-12,0.0,1000
8,64,random,19,primitive,0,64,246,1501,1776,11398,15744,0.001,0.0001,0.07124661323490122,0.179,1000
8,64,random,19,primitive,0,64,246,1501,1776,11398,15744,0.0001,1e-05,0.7679059030558242,0.822,1000
8,64,random,19,pipelined,0,64,188,1333,1608,8022,12032,0.01,0.001,4.966620163649655e-10,0.0,1000
8,64,random,19,pipelined,0,64,188,1333,1608,8022,12032,0.001,0.0001,0.11813738438124796,0.206,1000
8,64,random,19,pipelined,0,64,188,1333,1608,8022,12032,0.0001,1e-05,0.8077302973849058,0.849,1000
10,100,reverse,0,1d,0,100,198,4500,9000,900,19800,0.01,0.001,9.27502507406661e-21,0.0,1000
10,100,reverse,0,1d,0,100,198,4500,9000,900,19800,0.001,0.0001,0.010129979327685801,0.029,1000
10,100,reverse,0,1d,0,100,198,4500,9000,900,19800,0.0001,1e-05,0.6319009975828375,0.709,1000
10,100,reverse,0,ancilla,10,110,176,2038,2938,13084,19360,0.01,0.001,2.6264826637281006e-15,0.0,1000
10,100,reverse,0,ancilla,10,110,176,2038,2938,13084,19360,0.001,0.0001,0.03517269863754118,0.083,1000
10,100,reverse,0,ancilla,10,110,176,2038,2938,13084,19360,0.0001,1e-05,0.7155878939139598,0.789,1000
10,100,reverse,0,primitive,0,100,292,2910,3810,21380,29200,0.01,0.001,1.0198928575525948e-22,0.0,1000
10,100,reverse,0,primitive,0,100,292,2910,3810,21380,29200,0.001,0.0001,0.006412135720263497,0.021,1000
10,100,reverse,0,primitive,0,100,292,2910,3810,21380,29200,0.0001,1e-05,0.6036168600584209,0.677,1000
10,100,reverse,0,pipelined,0,100,218,2622,3522,14556,21800,0.01,0.001,1.7010882790134695e-18,0.0,1000
10,100,reverse,0,pipelined,0,100,218,2622,3522,14556,21800,0.001,0.0001,0.0169246412052371,0.049,1000
10,100,reverse,0,pipelined,0,100,218,2622,3522,14556,21800,0.0001,1e-05,0.6651292883323536,0.745,1000
10,100,transpose,0,1d,0,100,182,2475,4950,4150,18200,0.01,0.001,2.476753393803277e-13,0.0,1000
10,100,transpose,0,1d,0,100,182,2475,4950,4150,18200,0.001,0.0001,0.0555062819135952,0.109,1000
10,100,transpose,0,1d,0,100,182,2475,4950,4150,18200,0.0001,1e-05,0.7490027803970384,0.786,1000
10,100,transpose,0,ancilla,10,110,192,1797,2456,14446,21120,0.01,0.001,7.576831067149199e-15,0.0,1000
10,100,transpose,0,ancilla,10,110,192,1797,2456,14446,21120,0.001,0.0001,0.03906332099379818,0.086,1000
10,100,transpose,0,ancilla,10,110,192,1797,2456,14446,21120,0.0001,1e-05,0.7231275115122251,0.799,1000
10,100,transpose,0,primitive,0,100,308,2669,3328,22662,30800,0.01,0.001,3.187341211372161e-22,0.0,1000
10,100,transpose,0,primitive,0,100,308,2669,3328,22662,30800,0.001,0.0001,0.0071786157435335144,0.02,1000
10,100,transpose,0,primitive,0,100,308,2669,3328,22662,30800,0.0001,1e-05,0.6104649011876473,0.689,1000
10,100,transpose,0,pipelined,0,100,234,2381,3040,15838,23400,0.01,0.001,5.316194476440063e-18,0.0,1000
10,100,transpose,0,pipelined,0,100,234,2381,3040,15838,23400,0.001,0.0001,0.018947742391918432,0.061,1000
10,100,transpose,0,pipelined,0,100,234,2381,3040,15838,23400,0.0001,1e-05,0.6726751887605031,0.747,1000
10,100,random,0,1d,0,100,184,2260,4520,4680,18400,0.01,0.001,1.2648082451710627e-12,0.0,1000
10,100,random,0,1d,0,100,184,2260,4520,4680,18400,0.001,0.0001,0.06527447838551804,0.12,1000
10,100,random,0,1d,0,100,184,2260,4520,4680,18400,0.0001,1e-05,0.7612362406853749,0.786,1000
10,100,random,0,ancilla,10,110,194,1662,2186,14826,21340,0.01,0.001,2.0119716620854782e-14,0.0,1000
10,100,random,0,ancilla,10,110,194,1662,2186,14826,21340,0.001,0.0001,0.04304515106730286,0.099,1000
10,100,random,0,ancilla,10,110,194,1662,2186,14826,21340,0.0001,1e-05,0.7301764571998034,0.776,1000
10,100,random,0,primitive,0,100,310,2534,3058,23032,31000,0.01,0.001,8.548854608019498e-22,0.0,1000
10,100,random,0,primitive,0,100,310,2534,3058,23032,31000,0.001,0.0001,0.007918266186412915,0.028,1000
10,100,random,0,primitive,0,100,310,2534,3058,23032,31000,0.0001,1e-05,0.6164772724845695,0.699,1000
10,100,random,0,pipelined,0,100,236,2246,2770,16208,23600,0.01,0.001,1.4258709888006364e-17,0.0,1000
10,100,random,0,pipelined,0,100,236,2246,2770,16208,23600,0.001,0.0001,0.02090002770045743,0.07,1000
10,100,random,0,pipelined,0,100,236,2246,2770,16208,23600,0.0001,1e-05,0.6793002592423395,0.748,1000
10,100,random,1,1d,0,100,172,2336,4672,3928,17200,0.01,0.001,1.2504096927731358e-12,0.0,1000
10,100,random,1,1d,0,100,172,2336,4672,3928,17200,0.001,0.0001,0.0652200448753173,0.126,1000
10,100,random,1,1d,0,100,172,2336,4672,3928,17200,0.0001,1e-05,0.7611750835764987,0.8,1000
10,100,random,1,ancilla,10,110,192,1710,2282,14620,21120,0.01,0.001,1.5262322482820213e-14,0.0,1000
10,100,random,1,ancilla,10,110,192,1710,2282,14620,21120,0.001,0.0001,0.04188076296332189,0.1,1000
10,100,random,1,ancilla,10,110,192,1710,2282,14620,21120,0.0001,1e-05,0.7281783448675931,0.783,1000
10,100,random,1,primitive,0,100,308,2582,3154,22836,30800,0.01,0.001,6.420392509694427e-22,0.0,1000
10,100,random,1,primitive,0,100,308,2582,3154,22836,30800,0.001,0.0001,0.007696373393532756,0.026,1000
10,100,random,1,primitive,0,100,308,2582,3154,22836,30800,0.0001,1e-05,0.6147288192879999,0.721,1000
10,100,random,1,pipelined,0,100,234,2294,2866,16012,23400,0.01,0.001,1.0708629209459723e-17,0.0,1000
10,100,random,1,pipelined,0,100,234,2294,2866,16012,23400,0.001,0.0001,0.020314348284212892,0.051,1000
10,100,random,1,pipelined,0,100,234,2294,2866,16012,23400,0.0001,1e-05,0.6773736274544133,0.738,1000
10,100,random,2,1d,0,100,198,2464,4928,4972,19800,0.01,0.001,1.2154215937157247e-13,0.0,1000
10,100,random,2,1d,0,100,198,2464,4928,4972,19800,0.001,0.0001,0.05169171903985421,0.102,1000
10,100,random,2,1d,0,100,198,2464,4928,4972,19800,0.0001,1e-05,0.7436888310857757,0.808,1000
10,100,random,2,ancilla,10,110,188,1690,2242,14440,20680,0.01,0.001,2.2342350110782923e-14,0.0,1000
10,100,random,2,ancilla,10,110,188,1690,2242,14440,20680,0.001,0.0001,0.04350333102335434,0.092,1000
10,100,random,2,ancilla,10,110,188,1690,2242,14440,20680,0.0001,1e-05,0.7309507663700452,0.784,1000
10,100,random,2,primitive,0,100,304,2562,3114,22676,30400,0.01,0.001,9.212543919248474e-22,0.0,1000
10,100,random,2,primitive,0,100,304,2562,3114,22676,30400,0.001,0.0001,0.007978576697001338,0.038,1000
10,100,random,2,primitive,0,100,304,2562,3114,22676,30400,0.0001,1e-05,0.6169458978989172,0.707,1000
10,100,random,2,pipelined,0,100,230,2274,2826,15852,23000,0.01,0.001,1.5365683135125034e-17,0.0,1000
10,100,random,2,pipelined,0,100,230,2274,2826,15852,23000,0.001,0.0001,0.021059215496403178,0.051,1000
10,100,random,2,pipelined,0,100,230,2274,2826,15852,23000,0.0001,1e-05,0.6798166405911131,0.771,1000
10,100,random,3,1d,0,100,184,2530,5060,4140,18400,0.01,0.001,1.439340638117632e-13,0.0,1000
10,100,random,3,1d,0,100,184,2530,5060,4140,18400,0.001,0.0001,0.052586989100147336,0.095,1000
10,100,random,3,1d,0,100,184,2530,5060,4140,18400,0.0001,1e-05,0.7449688617054748,0.788,1000
10,100,random,3,ancilla,10,110,188,1750,2362,14320,20680,0.01,0.001,1.3784211932577011e-14,0.0,1000
10,100,random,3,ancilla,10,110,188,1750,2362,14320,20680,0.001,0.0001,0.04146327478232394,0.1,1000
10,100,random,3,ancilla,10,110,188,1750,2362,14320,20680,0.0001,1e-05,0.7274503959025926,0.789,1000
10,100,random,3,primitive,0,100,304,2622,3234,22556,30400,0.01,0.001,5.683719805277221e-22,0.0,1000
10,100,random,3,primitive,0,100,304,2622,3234,22556,30400,0.001,0.0001,0.007604427297349179,0.027,1000
10,100,random,3,primitive,0,100,304,2622,3234,22556,30400,0.0001,1e-05,0.6139914729220535,0.699,1000
10,100,random,3,pipelined,0,100,230,2334,2946,15732,23000,0.01,0.001,9.479926318098764e-18,0.0,1000
10,100,random,3,pipelined,0,100,230,2334,2946,15732,23000,0.001,0.0001,0.020071659302566495,0.049,1000
10,100,random,3,pipelined,0,100,230,2334,2946,15732,23000,0.0001,1e-05,0.6765611407661042,0.739,1000
10,100,random,4,1d,0,100,190,2352,4704,4796,19000,0.01,0.001,4.4674451107071783e-13,0.0,1000
10,100,random,4,1d,0,100,190,2352,4704,4796,19000,0.001,0.0001,0.05884780370535085,0.123,1000
10,100,random,4,1d,0,100,190,2352,4704,4796,19000,0.0001,1e-05,0.7533901931605864,0.805,1000
10,100,random,4,ancilla,10,110,188,1670,2202,14480,20680,0.01,0.001,2.624487388177752e-14,0.0,1000
10,100,random,4,ancilla,10,110,188,1670,2202,14480,20680,0.001,0.0001,0.044205416068833624,0.111,1000
10,100,random,4,ancilla,10,110,188,1670,2202,14480,20680,0.0001,1e-05,0.7321212954651696,0.8,1000
10,100,random,4,primitive,0,100,304,2542,3074,22716,30400,0.01,0.001,1.0821692977334693e-21,0.0,1000
10,100,random,4,primitive,0,100,304,2542,3074,22716,30400,0.001,0.0001,0.008107340156060763,0.029,1000
10,100,random,4,primitive,0,100,304,2542,3074,22716,30400,0.0001,1e-05,0.6179338620092699,0.688,1000
10,100,random,4,pipelined,0,100,230,2254,2786,15892,23000,0.01,0.001,1.8049597020417517e-17,0.0,1000
10,100,random,4,pipelined,0,100,230,2254,2786,15892,23000,0.001,0.0001,0.02139908281050869,0.065,1000
10,100,random,4,pipelined,0,100,230,2254,2786,15892,23000,0.0001,1e-05,0.6809052845788791,0.746,1000
10,100,random,5,1d,0,100,192,2458,4916,4684,19200,0.01,0.001,1.722087329148302e-13,0.0,1000
10,100,random,5,1d,0,100,192,2458,4916,4684,19200,0.001,0.0001,0.05352249524900433,0.118,1000
10,100,random,5,1d,0,100,192,2458,4916,4684,19200,0.0001,1e-05,0.7462814097672544,0.806,1000
10,100,random,5,ancilla,10,110,190,1722,2306,14486,20900,0.01,0.001,1.546918874825232e-14,0.0,1000
10,100,random,5,ancilla,10,110,190,1722,2306,14486,20900,0.001,0.0001,0.04193921339116503,0.091,1000
10,100,random,5,ancilla,10,110,190,1722,2306,14486,20900,0.0001,1e-05,0.7282802581521314,0.788,1000
10,100,random,5,primitive,0,100,306,2594,3178,22712,30600,0.01,0.001,6.442632729704744e-22,0.0,1000
10,100,random,5,primitive,0,100,306,2594,3178,22712,30600,0.001,0.0001,0.0076994111052362995,0.026,1000
10,100,random,5,primitive,0,100,306,2594,3178,22712,30600,0.0001,1e-05,0.6147533758563914,0.688,1000
10,100,random,5,pipelined,0,100,232,2306,2890,15888,23200,0.01,0.001,1.0745723868278119e-17,0.0,1000
10,100,random,5,pipelined,0,100,232,2306,2890,15888,23200,0.001,0.0001,0.02032236623375581,0.063,1000
10,100,random,5,pipelined,0,100,232,2306,2890,15888,23200,0.0001,1e-05,0.6774006864945742,0.736,1000
10,100,random,6,1d,0,100,172,2578,5156,3444,17200,0.01,0.001,1.7826788943090875e-13,0.0,1000
10,100,random,6,1d,0,100,172,2578,5156,3444,17200,0.001,0.0001,0.05373412087908884,0.086,1000
10,100,random,6,1d,0,100,172,2578,5156,3444,17200,0.0001,1e-05,0.7465795803521149,0.773,1000
10,100,random,6,ancilla,10,110,192,1732,2326,14576,21120,0.01,0.001,1.2785373654620928e-14,0.0,1000
10,100,random,6,ancilla,10,110,192,1732,2326,14576,21120,0.001,0.0001,0.04114966624331229,0.093,1000
10,100,random,6,ancilla,10,110,192,1732,2326,14576,21120,0.0001,1e-05,0.7268977997569849,0.787,1000
10,100,random,6,primitive,0,100,308,2604,3198,22792,30800,0.01,0.001,5.3784158563136575e-22,0.0,1000
10,100,random,6,primitive,0,100,308,2604,3198,22792,30800,0.001,0.0001,0.007562020699220364,0.033,1000
10,100,random,6,primitive,0,100,308,2604,3198,22792,30800,0.0001,1e-05,0.6136477819440064,0.705,1000
10,100,random,6,pipelined,0,100,234,2316,2910,15968,23400,0.01,0.001,8.970707172898838e-18,0.0,1000
10,100,random,6,pipelined,0,100,234,2316,2910,15968,23400,0.001,0.0001,0.01995972835016997,0.05,1000
10,100,random,6,pipelined,0,100,234,2316,2910,15968,23400,0.0001,1e-05,0.6761824254737372,0.735,1000
10,100,random,7,1d,0,100,176,2364,4728,4072,17600,0.01,0.001,8.170865935339248e-13,0.0,1000
10,100,random,7,1d,0,100,176,2364,4728,4072,17600,0.001,0.0001,0.06251159934440739,0.118,1000
10,100,random,7,1d,0,100,176,2364,4728,4072,17600,0.0001,1e-05,0.7579544220348639,0.801,1000
10,100,random,7,ancilla,10,110,192,1718,2298,14604,21120,0.01,0.001,1.431048559480506e-14,0.0,1000
10,100,random,7,ancilla,10,110,192,1718,2298,14604,21120,0.001,0.0001,0.04161341873575553,0.101,1000
10,100,random,7,ancilla,10,110,192,1718,2298,14604,21120,0.0001,1e-05,0.7277124312977282,0.785,1000
10,100,random,7,primitive,0,100,308,2590,3170,22820,30800,0.01,0.001,6.019983827913376e-22,0.0,1000
10,100,random,7,primitive,0,100,308,2590,3170,22820,30800,0.001,0.0001,0.007647243892196826,0.023,1000
10,100,random,7,primitive,0,100,308,2590,3170,22820,30800,0.0001,1e-05,0.614335494629677,0.689,1000
10,100,random,7,pipelined,0,100,234,2302,2882,15996,23400,0.01,0.001,1.0040784042833626e-17,0.0,1000
10,100,random,7,pipelined,0,100,234,2302,2882,15996,23400,0.001,0.0001,0.020184672429087877,0.065,1000
10,100,random,7,pipelined,0,100,234,2302,2882,15996,23400,0.0001,1e-05,0.6769402204915119,0.752,1000
10,100,random,8,1d,0,100,188,2532,5064,4336,18800,0.01,0.001,1.1594971055730606e-13,0.0,1000
10,100,random,8,1d,0,100,188,2532,5064,4336,18800,0.001,0.0001,0.051463187842450374,0.093,1000
10,100,random,8,1d,0,100,188,2532,5064,4336,18800,0.0001,1e-05,0.7433614508578709,0.82,1000
10,100,random,8,ancilla,10,110,190,1744,2350,14442,20900,0.01,0.001,1.2958667234484846e-14,0.0,1000
10,100,random,8,ancilla,10,110,190,1744,2350,14442,20900,0.001,0.0001,0.0412070963240305,0.112,1000
10,100,random,8,ancilla,10,110,190,1744,2350,14442,20900,0.0001,1e-05,0.7269995338209254,0.783,1000
10,100,random,8,primitive,0,100,306,2616,3222,22668,30600,0.01,0.001,5.397046672384604e-22,0.0,1000
10,100,random,8,primitive,0,100,306,2616,3222,22668,30600,0.001,0.0001,0.007565005382733739,0.023,1000
10,100,random,8,primitive,0,100,306,2616,3222,22668,30600,0.0001,1e-05,0.6136722953282058,0.684,1000
10,100,random,8,pipelined,0,100,232,2328,2934,15844,23200,0.01,0.001,9.001781675099777e-18,0.0,1000
10,100,random,8,pipelined,0,100,232,2328,2934,15844,23200,0.001,0.0001,0.019967606333384735,0.065,1000
10,100,random,8,pipelined,0,100,232,2328,2934,15844,23200,0.0001,1e-05,0.6762094369289599,0.757,1000
10,100,random,9,1d,0,100,198,2611,5222,4678,19800,0.01,0.001,3.722605505872731e-14,0.0,1000
10,100,random,9,1d,0,100,198,2611,5222,4678,19800,0.001,0.0001,0.04595329324581039,0.092,1000
10,100,random,9,1d,0,100,198,2611,5222,4678,19800,0.0001,1e-05,0.7349937451748387,0.785,1000
10,100,random,9,ancilla,10,110,190,1743,2348,14444,20900,0.01,0.001,1.3063396826952636e-14,0.0,1000
10,100,random,9,ancilla,10,110,190,1743,2348,14444,20900,0.001,0.0001,0.041240095412248906,0.089,1000
10,100,random,9,ancilla,10,110,190,1743,2348,14444,20900,0.0001,1e-05,0.7270576996729163,0.802,1000
10,100,random,9,primitive,0,100,306,2615,3220,22670,30600,0.01,0.001,5.440664622309603e-22,0.0,1000
10,100,random,9,primitive,0,100,306,2615,3220,22670,30600,0.001,0.0001,0.0075710635208280745,0.029,1000
10,100,random,9,primitive,0,100,306,2615,3220,22670,30600,0.0001,1e-05,0.6137213940830748,0.718,1000
10,100,random,9,pipelined,0,100,232,2327,2932,15846,23200,0.01,0.001,9.074532437910358e-18,0.0,1000
10,100,random,9,pipelined,0,100,232,2327,2932,15846,23200,0.001,0.0001,0.019983596608402526,0.05,1000
10,100,random,9,pipelined,0,100,232,2327,2932,15846,23200,0.0001,1e-05,0.6762635391617584,0.743,1000
10,100,random,10,1d,0,100,188,2539,5078,4322,18800,0.01,0.001,1.0959713362578022e-13,0.0,1000
10,100,random,10,1d,0,100,188,2539,5078,4322,18800,0.001,0.0001,0.05117562377717967,0.113,1000
10,100,random,10,1d,0,100,188,2539,5078,4322,18800,0.0001,1e-05,0.7429452594979579,0.804,1000
10,100,random,10,ancilla,10,110,188,1717,2296,14386,20680,0.01,0.001,1.7978056583412738e-14,0.0,1000
10,100,random,10,ancilla,10,110,188,1717,2296,14386,20680,0.001,0.0001,0.04257317122482772,0.09,1000
10,100,random,10,ancilla,10,110,188,1717,2296,14386,20680,0.0001,1e-05,0.7293735201469034,0.786,1000
10,100,random,10,primitive,0,100,304,2589,3168,22622,30400,0.01,0.001,7.412990801602841e-22,0.0,1000
10,100,random,10,primitive,0,100,304,2589,3168,22622,30400,0.001,0.0001,0.007807983983330107,0.029,1000
10,100,random,10,primitive,0,100,304,2589,3168,22622,30400,0.0001,1e-05,0.6156146514838183,0.691,1000
10,100,random,10,pipelined,0,100,230,2301,2880,15798,23000,0.01,0.001,1.2364192642059917e-17,0.0,1000
10,100,random,10,pipelined,0,100,230,2301,2880,15798,23000,0.001,0.0001,0.020608941110914235,0.065,1000
10,100,random,10,pipelined,0,100,230,2301,2880,15798,23000,0.0001,1e-05,0.6783497316307107,0.737,1000
10,100,random,11,1d,0,100,190,2467,4934,4566,19000,0.01,0.001,1.7702895755182401e-13,0.0,1000
10,100,random,11,1d,0,100,190,2467,4934,4566,19000,0.001,0.0001,0.05367235822148276,0.102,1000
10,100,random,11,1d,0,100,190,2467,4934,4566,19000,0.0001,1e-05,0.7464903686289629,0.794,1000
10,100,random,11,ancilla,10,110,190,1719,2300,14492,20900,0.01,0.001,1.58472855732534e-14,0.0,1000
10,100,random,11,ancilla,10,110,190,1719,2300,14492,20900,0.001,0.0001,0.042040050225740214,0.104,1000
10,100,random,11,ancilla,10,110,190,1719,2300,14492,20900,0.0001,1e-05,0.7284550770992543,0.787,1000
10,100,random,11,primitive,0,100,306,2591,3172,22718,30600,0.01,0.001,6.600103106425348e-22,0.0,1000
10,100,random,11,primitive,0,100,306,2591,3172,22718,30600,0.001,0.0001,0.00771792323699003,0.035,1000
10,100,random,11,primitive,0,100,306,2591,3172,22718,30600,0.0001,1e-05,0.6149009434125683,0.705,1000
10,100,random,11,pipelined,0,100,232,2303,2884,15894,23200,0.01,0.001,1.1008370096406488e-17,0.0,1000
10,100,random,11,pipelined,0,100,232,2303,2884,15894,23200,0.001,0.0001,0.020371228454011982,0.055,1000
10,100,random,11,pipelined,0,100,232,2303,2884,15894,23200,0.0001,1e-05,0.6775632921308902,0.735,1000
10,100,random,12,1d,0,100,170,2572,5144,3356,17000,0.01,0.001,2.0677545792869074e-13,0.0,1000
10,100,random,12,1d,0,100,170,2572,5144,3356,17000,0.001,0.0001,0.054535487681737986,0.11,1000
10,100,random,12,1d,0,100,170,2572,5144,3356,17000,0.0001,1e-05,0.747685361910408,0.781,1000
10,100,random,12,ancilla,10,110,192,1734,2330,14572,21120,0.01,0.001,1.2581194058274917e-14,0.0,1000
10,100,random,12,ancilla,10,110,192,1734,2330,14572,21120,0.001,0.0001,0.0410838391312784,0.105,1000
10,100,random,12,ancilla,10,110,192,1734,2330,14572,21120,0.0001,1e-05,0.7267814982898769,0.787,1000
10,100,random,12,primitive,0,100,308,2606,3202,22788,30800,0.01,0.001,5.292523741762417e-22,0.0,1000
10,100,random,12,primitive,0,100,308,2606,3202,22788,30800,0.001,0.0001,0.007549923736371945,0.029,1000
10,100,random,12,primitive,0,100,308,2606,3202,22788,30800,0.0001,1e-05,0.6135496001399736,0.688,1000
10,100,random,12,pipelined,0,100,234,2318,2914,15964,23400,0.01,0.001,8.827446958611807e-18,0.0,1000
10,100,random,12,pipelined,0,100,234,2318,2914,15964,23400,0.001,0.0001,0.019927798777120607,0.045,1000
10,100,random,12,pipelined,0,100,234,2318,2914,15964,23400,0.0001,1e-05,0.6760742383143573,0.765,1000
10,100,random,13,1d,0,100,172,2563,5126,3474,17200,0.01,0.001,2.011452821065133e-13,0.0,1000
10,100,random,13,1d,0,100,172,2563,5126,3474,17200,0.001,0.0001,0.05438321469503931,0.084,1000
10,100,random,13,1d,0,100,172,2563,5126,3474,17200,0.0001,1e-05,0.747476068544135,0.782,1000
10,100,random,13,ancilla,10,110,190,1719,2300,14492,20900,0.01,0.001,1.58472855732534e-14,0.0,1000
10,100,random,13,ancilla,10,110,190,1719,2300,14492,20900,0.001,0.0001,0.042040050225740214,0.091,1000
10,100,random,13,ancilla,10,110,190,1719,2300,14492,20900,0.0001,1e-05,0.7284550770992543,0.798,1000
10,100,random,13,primitive,0,100,306,2591,3172,22718,30600,0.01,0.001,6.600103106425348e-22,0.0,1000
10,100,random,13,primitive,0,100,306,2591,3172,22718,30600,0.001,0.0001,0.00771792323699003,0.027,1000
10,100,random,13,primitive,0,100,306,2591,3172,22718,30600,0.0001,1e-05,0.6149009434125683,0.691,1000
10,100,random,13,pipelined,0,100,232,2303,2884,15894,23200,0.01,0.001,1.1008370096406488e-17,0.0,1000
10,100,random,13,pipelined,0,100,232,2303,2884,15894,23200,0.001,0.0001,0.020371228454011982,0.05,1000
10,100,random,13,pipelined,0,100,232,2303,2884,15894,23200,0.0001,1e-05,0.6775632921308902,0.743,1000
10,100,random,14,1d,0,100,194,2783,5566,4134,19400,0.01,0.001,1.1388719359018054e-14,0.0,1000
10,100,random,14,1d,0,100,194,2783,5566,4134,19400,0.001,0.0001,0.04085144439718377,0.069,1000
10,100,random,14,1d,0,100,194,2783,5566,4134,19400,0.0001,1e-05,0.7264002390336964,0.775,1000
10,100,random,14,ancilla,10,110,186,1709,2280,14292,20460,0.01,0.001,2.1404510133000038e-14,0.0,1000
10,100,random,14,ancilla,10,110,186,1709,2280,14292,20460,0.001,0.0001,0.043320620433088125,0.095,1000
10,100,random,14,ancilla,10,110,186,1709,2280,14292,20460,0.0001,1e-05,0.7306437675000093,0.811,1000
10,100,random,14,primitive,0,100,302,2581,3152,22538,30200,0.01,0.001,8.737976924255384e-22,0.0,1000
10,100,random,14,primitive,0,100,302,2581,3152,22538,30200,0.001,0.0001,0.007937125805473521,0.034,1000
10,100,random,14,primitive,0,100,302,2581,3152,22538,30200,0.0001,1e-05,0.6166251151000831,0.696,1000
10,100,random,14,pipelined,0,100,228,2293,2864,15714,22800,0.01,0.001,1.4574148664801756e-17,0.0,1000
10,100,random,14,pipelined,0,100,228,2293,2864,15714,22800,0.001,0.0001,0.020949807103107867,0.064,1000
10,100,random,14,pipelined,0,100,228,2293,2864,15714,22800,0.0001,1e-05,0.6794631679683022,0.739,1000
10,100,random,15,1d,0,100,180,2561,5122,3878,18000,0.01,0.001,1.369924726908881e-13,0.0,1000
10,100,random,15,1d,0,100,180,2561,5122,3878,18000,0.001,0.0001,0.052334433218951426,0.101,1000
10,100,random,15,1d,0,100,180,2561,5122,3878,18000,0.0001,1e-05,0.7446112567905561,0.807,1000
10,100,random,15,ancilla,10,110,186,1709,2280,14292,20460,0.01,0.001,2.1404510133000038e-14,0.0,1000
10,100,random,15,ancilla,10,110,186,1709,2280,14292,20460,0.001,0.0001,0.043320620433088125,0.11,1000
10,100,random,15,ancilla,10,110,186,1709,2280,14292,20460,0.0001,1e-05,0.7306437675000093,0.808,1000
10,100,random,15,primitive,0,100,302,2581,3152,22538,30200,0.01,0.001,8.737976924255384e-22,0.0,1000
10,100,random,15,primitive,0,100,302,2581,3152,22538,30200,0.001,0.0001,0.007937125805473521,0.031,1000
10,100,random,15,primitive,0,100,302,2581,3152,22538,30200,0.0001,1e-05,0.6166251151000831,0.695,1000
10,100,random,15,pipelined,0,100,228,2293,2864,15714,22800,0.01,0.001,1.4574148664801756e-17,0.0,1000
10,100,random,15,pipelined,0,100,228,2293,2864,15714,22800,0.001,0.0001,0.020949807103107867,0.06,1000
10,100,random,15,pipelined,0,100,228,2293,2864,15714,22800,0.0001,1e-05,0.6794631679683022,0.74,1000
10,100,random,16,1d,0,100,178,2204,4408,4492,17800,0.01,0.001,2.6800444932773526e-12,0.0,1000
10,100,random,16,1d,0,100,178,2204,4408,4492,17800,0.001,0.0001,0.07034629256167775,0.116,1000
10,100,random,16,1d,0,100,178,2204,4408,4492,17800,0.0001,1e-05,0.7669518586687857,0.809,1000
10,100,random,16,ancilla,10,110,188,1714,2290,14392,20680,0.01,0.001,1.8417474979845846e-14,0.0,1000
10,100,random,16,ancilla,10,110,188,1714,2290,14392,20680,0.001,0.0001,0.04267553232025645,0.102,1000
10,100,random,16,ancilla,10,110,188,1714,2290,14392,20680,0.0001,1e-05,0.7295486015244692,0.809,1000
10,100,random,16,primitive,0,100,304,2586,3162,22628,30400,0.01,0.001,7.5941786021696215e-22,0.0,1000
10,100,random,16,primitive,0,100,304,2586,3162,22628,30400,0.001,0.0001,0.007826757163025904,0.027,1000
10,100,random,16,primitive,0,100,304,2586,3162,22628,30400,0.0001,1e-05,0.6157624257836172,0.716,1000
10,100,random,16,pipelined,0,100,230,2298,2874,15804,23000,0.01,0.001,1.266639737029382e-17,0.0,1000
10,100,random,16,pipelined,0,100,230,2298,2874,15804,23000,0.001,0.0001,0.02065849235943643,0.047,1000
10,100,random,16,pipelined,0,100,230,2298,2874,15804,23000,0.0001,1e-05,0.6785125650791494,0.762,1000
10,100,random,17,1d,0,100,192,2364,4728,4872,19200,0.01,0.001,3.6699374782646887e-13,0.0,1000
10,100,random,17,1d,0,100,192,2364,4728,4872,19200,0.001,0.0001,0.057705248356750734,0.095,1000
10,100,random,17,1d,0,100,192,2364,4728,4872,19200,0.0001,1e-05,0.751914946573692,0.779,1000
10,100,random,17,ancilla,10,110,188,1678,2218,14464,20680,0.01,0.001,2.4608108631265964e-14,0.0,1000
10,100,random,17,ancilla,10,110,188,1678,2218,14464,20680,0.001,0.0001,0.043923232508244675,0.11,1000
10,100,random,17,ancilla,10,110,188,1678,2218,14464,20680,0.0001,1e-05,0.731652859059791,0.781,1000
10,100,random,17,primitive,0,100,304,2550,3090,22700,30400,0.01,0.001,1.0146796572924667e-21,0.0,1000
10,100,random,17,primitive,0,100,304,2550,3090,22700,30400,0.001,0.0001,0.008055587264320513,0.033,1000
10,100,random,17,primitive,0,100,304,2550,3090,22700,30400,0.0001,1e-05,0.617538486654292,0.698,1000
10,100,random,17,pipelined,0,100,230,2262,2802,15876,23000,0.01,0.001,1.692393136388454e-17,0.0,1000
10,100,random,17,pipelined,0,100,230,2262,2802,15876,23000,0.001,0.0001,0.021262482594566725,0.056,1000
10,100,random,17,pipelined,0,100,230,2262,2802,15876,23000,0.0001,1e-05,0.6804696179401855,0.753,1000
10,100,random,18,1d,0,100,168,2549,5098,3302,16800,0.01,0.001,2.750129542285271e-13,0.0,1000
10,100,random,18,1d,0,100,168,2549,5098,3302,16800,0.001,0.0001,0.056107159099971056,0.101,1000
10,100,random,18,1d,0,100,168,2549,5098,3302,16800,0.0001,1e-05,0.7498118947188557,0.796,1000
10,100,random,18,ancilla,10,110,188,1697,2256,14426,20680,0.01,0.001,2.11182720408365e-14,0.0,1000
10,100,random,18,ancilla,10,110,188,1697,2256,14426,20680,0.001,0.0001,0.04326024474661239,0.107,1000
10,100,random,18,ancilla,10,110,188,1697,2256,14426,20680,0.0001,1e-05,0.7305415234732903,0.803,1000
10,100,random,18,primitive,0,100,304,2569,3128,22662,30400,0.01,0.001,8.707813086365866e-22,0.0,1000
10,100,random,18,primitive,0,100,304,2569,3128,22662,30400,0.001,0.0001,0.007933994306242965,0.028,1000
10,100,random,18,primitive,0,100,304,2569,3128,22662,30400,0.0001,1e-05,0.6166004837643223,0.689,1000
10,100,random,18,pipelined,0,100,230,2281,2840,15838,23000,0.01,0.001,1.452383813394163e-17,0.0,1000
10,100,random,18,pipelined,0,100,230,2281,2840,15838,23000,0.001,0.0001,0.020941541604181484,0.081,1000
10,100,random,18,pipelined,0,100,230,2281,2840,15838,23000,0.0001,1e-05,0.6794360265414976,0.742,1000
10,100,random,19,1d,0,100,194,2383,4766,4934,19400,0.01,0.001,2.849624479805443e-13,0.0,1000
10,100,random,19,1d,0,100,194,2383,4766,4934,19400,0.001,0.0001,0.05626869336739913,0.1,1000
10,100,random,19,1d,0,100,194,2383,4766,4934,19400,0.0001,1e-05,0.7500224328024759,0.802,1000
10,100,random,19,ancilla,10,110,190,1685,2232,14560,20900,0.01,0.001,2.083586175154705e-14,0.0,1000
10,100,random,19,ancilla,10,110,190,1685,2232,14560,20900,0.001,0.0001,0.04319995320536544,0.088,1000
10,100,random,19,ancilla,10,110,190,1685,2232,14560,20900,0.0001,1e-05,0.7304392937542838,0.796,1000
10,100,random,19,primitive,0,100,306,2557,3104,22786,30600,0.01,0.001,8.677753375223775e-22,0.0,1000
10,100,random,19,primitive,0,100,306,2557,3104,22786,30600,0.001,0.0001,0.00793086404250844,0.034,1000
10,100,random,19,primitive,0,100,306,2557,3104,22786,30600,0.0001,1e-05,0.6165758534124699,0.734,1000
10,100,random,19,pipelined,0,100,232,2269,2816,15962,23200,0.01,0.001,1.4473701277000558e-17,0.0,1000
10,100,random,19,pipelined,0,100,232,2269,2816,15962,23200,0.001,0.0001,0.020933279366310068,0.061,1000
10,100,random,19,pipelined,0,100,232,2269,2816,15962,23200,0.0001,1e-05,0.6794088861988682,0.746,1000
12,144,reverse,0,1d,0,144,286,9504,19008,1584,41184,0.01,0.001,6.739424386426517e-43,0.0,1000
12,144,reverse,0,1d,0,144,286,9504,19008,1584,41184,0.001,0.0001,6.332926009016741e-05,0.003,1000
12,144,reverse,0,1d,0,144,286,9504,19008,1584,41184,0.0001,1e-05,0.3804929605532604,0.447,1000
12,144,reverse,0,ancilla,12,156,212,3238,4822,22852,33072,0.01,0.001,8.655597384685133e-25,0.0,1000
12,144,reverse,0,ancilla,12,156,212,3238,4822,22852,33072,0.001,0.0001,0.003986130381921909,0.023,1000
12,144,reverse,0,ancilla,12,156,212,3238,4822,22852,33072,0.0001,1e-05,0.5756028609019863,0.649,1000
12,144,reverse,0,primitive,0,144,348,4570,6154,37516,50112,0.01,0.001,5.645411411056007e-37,0.0,1000
12,144,reverse,0,primitive,0,144,348,4570,6154,37516,50112,0.001,0.0001,0.00024260544508994367,0.002,1000
12,144,reverse,0,primitive,0,144,348,4570,6154,37516,50112,0.0001,1e-05,0.43509767740815997,0.543,1000
12,144,reverse,0,pipelined,0,144,258,4130,5714,25436,37152,0.01,0.001,8.338966016348955e-30,0.0,1000
12,144,reverse,0,pipelined,0,144,258,4130,5714,25436,37152,0.001,0.0001,0.0012610714450133113,0.008,1000
12,144,reverse,0,pipelined,0,144,258,4130,5714,25436,37152,0.0001,1e-05,0.51305002539078,0.633,1000
12,144,transpose,0,1d,0,144,266,5148,10296,8856,38304,0.01,0.001,4.8077903063697774e-27,0.0,1000
12,144,transpose,0,1d,0,144,266,5148,10296,8856,38304,0.001,0.0001,0.0023905782415277487,0.011,1000
12,144,transpose,0,1d,0,144,266,5148,10296,8856,38304,0.0001,1e-05,0.546956401484317,0.628,1000
12,144,transpose,0,ancilla,12,156,232,2810,3966,25268,36192,0.01,0.001,5.697093055734685e-24,0.0,1000
12,144,transpose,0,ancilla,12,156,232,2810,3966,25268,36192,0.001,0.0001,0.004803875525032442,0.024,1000
12,144,transpose,0,ancilla,12,156,232,2810,3966,25268,36192,0.0001,1e-05,0.5864339031481662,0.661,1000
12,144,transpose,0,primitive,0,144,368,4142,5298,39812,52992,0.01,0.001,4.1897998401887104e-36,0.0,1000
12,144,transpose,0,primitive,0,144,368,4142,5298,39812,52992,0.001,0.0001,0.00029590519119200814,0.001,1000
12,144,transpose,0,primitive,0,144,368,4142,5298,39812,52992,0.0001,1e-05,0.4438171161389626,0.569,1000
12,144,transpose,0,pipelined,0,144,278,3702,4858,27732,40032,0.01,0.001,6.18884894982392e-29,0.0,1000
12,144,transpose,0,pipelined,0,144,278,3702,4858,27732,40032,0.001,0.0001,0.0015381253578422413,0.008,1000
12,144,transpose,0,pipelined,0,144,278,3702,4858,27732,40032,0.0001,1e-05,0.5233316437365271,0.623,1000
12,144,random,0,1d,0,144,272,5154,10308,9276,39168,0.01,0.001,2.9734575310141382e-27,0.0,1000
12,144,random,0,1d,0,144,272,5154,10308,9276,39168,0.001,0.0001,0.002278529267244018,0.008,1000
12,144,random,0,1d,0,144,272,5154,10308,9276,39168,0.0001,1e-05,0.5443372738631669,0.618,1000
12,144,random,0,ancilla,12,156,228,2648,3642,25280,35568,0.01,0.001,2.867725955795688e-23,0.0,1000
12,144,random,0,ancilla,12,156,228,2648,3642,25280,35568,0.001,0.0001,0.005642368855810148,0.019,1000
12,144,random,0,ancilla,12,156,228,2648,3642,25280,35568,0.0001,1e-05,0.5959404667615027,0.688,1000
12,144,random,0,primitive,0,144,364,3980,4974,39848,52416,0.01,0.001,2.0589667210091712e-35,0.0,1000
12,144,random,0,primitive,0,144,364,3980,4974,39848,52416,0.001,0.0001,0.00034672084573104234,0.001,1000
12,144,random,0,primitive,0,144,364,3980,4974,39848,52416,0.0001,1e-05,0.4509035169511591,0.555,1000
12,144,random,0,pipelined,0,144,274,3540,4534,27768,39456,0.01,0.001,3.041346726593526e-28,0.0,1000
12,144,random,0,pipelined,0,144,274,3540,4534,27768,39456,0.001,0.0001,0.0018022668773167083,0.014,1000
12,144,random,0,pipelined,0,144,274,3540,4534,27768,39456,0.0001,1e-05,0.5316876481589918,0.619,1000
12,144,random,1,1d,0,144,274,4955,9910,9818,39456,0.01,0.001,1.2774756581421929e-26,0.0,1000
12,144,random,1,1d,0,144,274,4955,9910,9818,39456,0.001,0.0001,0.002633798320976575,0.009,1000
12,144,random,1,1d,0,144,274,4955,9910,9818,39456,0.0001,1e-05,0.5522771543181499,0.645,1000
12,144,random,1,ancilla,12,156,228,2635,3616,25306,35568,0.01,0.001,3.184071498285868e-23,0.0,1000
12,144,random,1,ancilla,12,156,228,2635,3616,25306,35568,0.001,0.0001,0.005701392034217207,0.023,1000
12,144,random,1,ancilla,12,156,228,2635,3616,25306,35568,0.0001,1e-05,0.5965606052467837,0.708,1000
12,144,random,1,primitive,0,144,364,3967,4948,39874,52416,0.01,0.001,2.2860961449384353e-35,0.0,1000
12,144,random,1,primitive,0,144,364,3967,4948,39874,52416,0.001,0.0001,0.00035034779158623155,0.005,1000
12,144,random,1,primitive,0,144,364,3967,4948,39874,52416,0.0001,1e-05,0.451372729296361,0.553,1000
12,144,random,1,pipelined,0,144,274,3527,4508,27794,39456,0.01,0.001,3.376844781482808e-28,0.0,1000
12,144,random,1,pipelined,0,144,274,3527,4508,27794,39456,0.001,0.0001,0.001821119866576256,0.008,1000
12,144,random,1,pipelined,0,144,274,3527,4508,27794,39456,0.0001,1e-05,0.5322409248555109,0.61,1000
12,144,random,2,1d,0,144,260,4990,9980,8740,37440,0.01,0.001,2.64233657855916e-26,0.0,1000
12,144,random,2,1d,0,144,260,4990,9980,8740,37440,0.001,0.0001,0.0028326563514230888,0.01,1000
12,144,random,2,1d,0,144,260,4990,9980,8740,37440,0.0001,1e-05,0.5563123351073683,0.611,1000
12,144,random,2,ancilla,12,156,226,2592,3530,25236,35256,0.01,0.001,5.261205527739145e-23,0.0,1000
12,144,random,2,ancilla,12,156,226,2592,3530,25236,35256,0.001,0.0001,0.005993839704761983,0.029,1000
12,144,random,2,ancilla,12,156,226,2592,3530,25236,35256,0.0001,1e-05,0.5995510087349671,0.694,1000
12,144,random,2,primitive,0,144,362,3924,4862,39816,52128,0.01,0.001,3.732353813000932e-35,0.0,1000
12,144,random,2,primitive,0,144,362,3924,4862,39816,52128,0.001,0.0001,0.0003678768206753761,0.006,1000
12,144,random,2,primitive,0,144,362,3924,4862,39816,52128,0.0001,1e-05,0.45358091039580367,0.542,1000
12,144,random,2,pipelined,0,144,272,3484,4422,27736,39168,0.01,0.001,5.513144984730758e-28,0.0,1000
12,144,random,2,pipelined,0,144,272,3484,4422,27736,39168,0.001,0.0001,0.0019122363624773787,0.008,1000
12,144,random,2,pipelined,0,144,272,3484,4422,27736,39168,0.0001,1e-05,0.5348447249398623,0.622,1000
12,144,random,3,1d,0,144,270,5606,11212,8228,38880,0.01,0.001,9.031045643730488e-29,0.0,1000
12,144,random,3,1d,0,144,270,5606,11212,8228,38880,0.001,0.0001,0.001609798902909705,0.008,1000
12,144,random,3,1d,0,144,270,5606,11212,8228,38880,0.0001,1e-05,0.525761051974321,0.609,1000
12,144,random,3,ancilla,12,156,230,2750,3846,25232,35880,0.01,0.001,1.0794040947677068e-23,0.0,1000
12,144,random,3,ancilla,12,156,230,2750,3846,25232,35880,0.001,0.0001,0.00511948164756566,0.025,1000
12,144,random,3,ancilla,12,156,230,2750,3846,25232,35880,0.0001,1e-05,0.5901756865917064,0.689,1000
12,144,random,3,primitive,0,144,366,4082,5178,39788,52704,0.01,0.001,7.843499669450608e-36,0.0,1000
12,144,random,3,primitive,0,144,366,4082,5178,39788,52704,0.001,0.0001,0.0003149674320027669,0.002,1000
12,144,random,3,primitive,0,144,366,4082,5178,39788,52704,0.0001,1e-05,0.44659532805426055,0.562,1000
12,144,random,3,pipelined,0,144,276,3642,4738,27708,39744,0.01,0.001,1.1585812340390303e-28,0.0,1000
12,144,random,3,pipelined,0,144,276,3642,4738,27708,39744,0.001,0.0001,0.0016372115409883084,0.011,1000
12,144,random,3,pipelined,0,144,276,3642,4738,27708,39744,0.0001,1e-05,0.5266076016827413,0.612,1000
12,144,random,4,1d,0,144,270,4919,9838,9602,38880,0.01,0.001,2.2768801517127617e-26,0.0,1000
12,144,random,4,1d,0,144,270,4919,9838,9602,38880,0.001,0.0001,0.0027900126360799454,0.008,1000
12,144,random,4,1d,0,144,270,4919,9838,9602,38880,0.0001,1e-05,0.5554675559478406,0.651,1000
12,144,random,4,ancilla,12,156,232,2649,3644,25590,36192,0.01,0.001,2.0819686793402308e-23,0.0,1000
12,144,random,4,ancilla,12,156,232,2649,3644,25590,36192,0.001,0.0001,0.005464660170418337,0.02,1000
12,144,random,4,ancilla,12,156,232,2649,3644,25590,36192,0.0001,1e-05,0.5940364930530291,0.691,1000
12,144,random,4,primitive,0,144,368,3981,4976,40134,52992,0.01,0.001,1.5311373633254968e-35,0.0,1000
12,144,random,4,primitive,0,144,368,3981,4976,40134,52992,0.001,0.0001,0.0003366076627299933,0.003,1000
12,144,random,4,primitive,0,144,368,3981,4976,40134,52992,0.0001,1e-05,0.4495708072346681,0.536,1000
12,144,random,4,pipelined,0,144,278,3541,4536,28054,40032,0.01,0.001,2.261677937967167e-28,0.0,1000
12,144,random,4,pipelined,0,144,278,3541,4536,28054,40032,0.001,0.0001,0.0017496982043584868,0.01,1000
12,144,random,4,pipelined,0,144,278,3541,4536,28054,40032,0.0001,1e-05,0.5301161694097664,0.599,1000
12,144,random,5,1d,0,144,254,5060,10120,8168,36576,0.01,0.001,2.317354595248219e-26,0.0,1000
12,144,random,5,1d,0,144,254,5060,10120,8168,36576,0.001,0.0001,0.002796539467414903,0.009,1000
12,144,random,5,1d,0,144,254,5060,10120,8168,36576,0.0001,1e-05,0.5556005322722,0.651,1000
12,144,random,5,ancilla,12,156,228,2682,3710,25212,35568,0.01,0.001,2.1811275535052452e-23,0.0,1000
12,144,random,5,ancilla,12,156,228,2682,3710,25212,35568,0.001,0.0001,0.005490873310968078,0.02,1000
12,144,random,5,ancilla,12,156,228,2682,3710,25212,35568,0.0001,1e-05,0.594321612176782,0.702,1000
12,144,random,5,primitive,0,144,364,4014,5042,39780,52416,0.01,0.001,1.5660035568835934e-35,0.0,1000
12,144,random,5,primitive,0,144,364,4014,5042,39780,52416,0.001,0.0001,0.00033741151754381485,0.002,1000
12,144,random,5,primitive,0,144,364,4014,5042,39780,52416,0.0001,1e-05,0.4496786509345085,0.525,1000
12,144,random,5,pipelined,0,144,274,3574,4602,27700,39456,0.01,0.001,2.3131795880738377e-28,0.0,1000
12,144,random,5,pipelined,0,144,274,3574,4602,27700,39456,0.001,0.0001,0.0017538766693194487,0.006,1000
12,144,random,5,pipelined,0,144,274,3574,4602,27700,39456,0.0001,1e-05,0.530243334448364,0.629,1000
12,144,random,6,1d,0,144,270,4998,9996,9444,38880,0.01,0.001,1.2055171821657278e-26,0.0,1000
12,144,random,6,1d,0,144,270,4998,9996,9444,38880,0.001,0.0001,0.002619038821876435,0.009,1000
12,144,random,6,1d,0,144,270,4998,9996,9444,38880,0.0001,1e-05,0.5519678573334735,0.629,1000
12,144,random,6,ancilla,12,156,230,2650,3646,25432,35880,0.01,0.001,2.414138858993381e-23,0.0,1000
12,144,random,6,ancilla,12,156,230,2650,3646,25432,35880,0.001,0.0001,0.005546140200850276,0.019,1000
12,144,random,6,ancilla,12,156,230,2650,3646,25432,35880,0.0001,1e-05,0.5949163196976767,0.684,1000
12,144,random,6,primitive,0,144,366,3982,4978,39988,52704,0.01,0.001,1.7542361970191923e-35,0.0,1000
12,144,random,6,primitive,0,144,366,3982,4978,39988,52704,0.001,0.0001,0.0003412168764038365,0.0,1000
12,144,random,6,primitive,0,144,366,3982,4978,39988,52704,0.0001,1e-05,0.450182640519422,0.568,1000
12,144,random,6,pipelined,0,144,276,3542,4538,27908,39744,0.01,0.001,2.591222316046569e-28,0.0,1000
12,144,random,6,pipelined,0,144,276,3542,4538,27908,39744,0.001,0.0001,0.0017736570555124402,0.008,1000
12,144,random,6,pipelined,0,144,276,3542,4538,27908,39744,0.0001,1e-05,0.5308376190946918,0.604,1000
12,144,random,7,1d,0,144,250,5001,10002,7998,36000,0.01,0.001,4.9703047020226994e-26,0.0,1000
12,144,random,7,1d,0,144,250,5001,10002,7998,36000,0.001,0.0001,0.0030174530603620728,0.004,1000
12,144,random,7,1d,0,144,250,5001,10002,7998,36000,0.0001,1e-05,0.559839352709664,0.664,1000
12,144,random,7,ancilla,12,156,228,2641,3628,25294,35568,0.01,0.001,3.0339479102395793e-23,0.0,1000
12,144,random,7,ancilla,12,156,228,2641,3628,25294,35568,0.001,0.0001,0.00567407423439035,0.023,1000
12,144,random,7,ancilla,12,156,228,2641,3628,25294,35568,0.0001,1e-05,0.596274307337397,0.678,1000
12,144,random,7,primitive,0,144,364,3973,4960,39862,52416,0.01,0.001,2.178310576655279e-35,0.0,1000
12,144,random,7,primitive,0,144,364,3973,4960,39862,52416,0.001,0.0001,0.00034866912595810177,0.003,1000
12,144,random,7,primitive,0,144,364,3973,4960,39862,52416,0.0001,1e-05,0.45115610911122794,0.526,1000
12,144,random,7,pipelined,0,144,274,3533,4520,27782,39456,0.01,0.001,3.217632259042752e-28,0.0,1000
12,144,random,7,pipelined,0,144,274,3533,4520,27782,39456,0.001,0.0001,0.0018123941049241422,0.009,1000
12,144,random,7,pipelined,0,144,274,3533,4520,27782,39456,0.0001,1e-05,0.5319854948744898,0.611,1000
12,144,random,8,1d,0,144,272,5362,10724,8860,39168,0.01,0.001,5.573642566161622e-28,0.0,1000
12,144,random,8,1d,0,144,272,5362,10724,8860,39168,0.001,0.0001,0.001929051029341758,0.002,1000
12,144,random,8,1d,0,144,272,5362,10724,8860,39168,0.0001,1e-05,0.5353539003536902,0.623,1000
12,144,random,8,ancilla,12,156,228,2638,3622,25300,35568,0.01,0.001,3.1081034519909103e-23,0.0,1000
12,144,random,8,ancilla,12,156,228,2638,3622,25300,35568,0.001,0.0001,0.005687716733585652,0.023,1000
12,144,random,8,ancilla,12,156,228,2638,3622,25300,35568,0.0001,1e-05,0.5964174391131636,0.693,1000
12,144,random,8,primitive,0,144,364,3970,4954,39868,52416,0.01,0.001,2.2315526907895887e-35,0.0,1000
12,144,random,8,primitive,0,144,364,3970,4954,39868,52416,0.001,0.0001,0.0003495074509559453,0.001,1000
12,144,random,8,primitive,0,144,364,3970,4954,39868,52416,0.0001,1e-05,0.45126440620578734,0.57,1000
12,144,random,8,pipelined,0,144,274,3530,4514,27788,39456,0.01,0.001,3.2962774007475846e-28,0.0,1000
12,144,random,8,pipelined,0,144,274,3530,4514,27788,39456,0.001,0.0001,0.0018167517470868294,0.009,1000
12,144,random,8,pipelined,0,144,274,3530,4514,27788,39456,0.0001,1e-05,0.5321131945382628,0.603,1000
12,144,random,9,1d,0,144,278,5248,10496,9520,40032,0.01,0.001,9.056265774693207e-28,0.0,1000
12,144,random,9,1d,0,144,278,5248,10496,9520,40032,0.001,0.0001,0.002024012495682388,0.004,1000
12,144,random,9,1d,0,144,278,5248,10496,9520,40032,0.0001,1e-05,0.5379300651205231,0.587,1000
12,144,random,9,ancilla,12,156,228,2656,3658,25264,35568,0.01,0.001,2.688879823267864e-23,0.0,1000
12,144,random,9,ancilla,12,156,228,2656,3658,25264,35568,0.001,0.0001,0.005606351012851505,0.019,1000
12,144,random,9,ancilla,12,156,228,2656,3658,25264,35568,0.0001,1e-05,0.595559163537845,0.695,1000
12,144,random,9,primitive,0,144,364,3988,4990,39832,52416,0.01,0.001,1.9305589718964034e-35,0.0,1000
12,144,random,9,primitive,0,144,364,3988,4990,39832,52416,0.001,0.0001,0.00034450756664717517,0.004,1000
12,144,random,9,primitive,0,144,364,3988,4990,39832,52416,0.0001,1e-05,0.45061501336034504,0.551,1000
12,144,random,9,pipelined,0,144,274,3548,4550,27752,39456,0.01,0.001,2.8516727102782225e-28,0.0,1000
12,144,random,9,pipelined,0,144,274,3548,4550,27752,39456,0.001,0.0001,0.0017907621765402052,0.015,1000
12,144,random,9,pipelined,0,144,274,3548,4550,27752,39456,0.0001,1e-05,0.5313474561003391,0.617,1000
12,144,random,10,1d,0,144,262,5493,10986,7878,37728,0.01,0.001,3.9906181055626182e-28,0.0,1000
12,144,random,10,1d,0,144,262,5493,10986,7878,37728,0.001,0.0001,0.0018666913906599334,0.011,1000
12,144,random,10,1d,0,144,262,5493,10986,7878,37728,0.0001,1e-05,0.5336004928584689,0.611,1000
12,144,random,10,ancilla,12,156,228,2749,3844,25078,35568,0.01,0.001,1.2719313737138682e-23,0.0,1000
12,144,random,10,ancilla,12,156,228,2749,3844,25078,35568,0.001,0.0001,0.005204140004840569,0.021,1000
12,144,random,10,ancilla,12,156,228,2749,3844,25078,35568,0.0001,1e-05,0.5911443763277869,0.668,1000
12,144,random,10,primitive,0,144,364,4081,5176,39646,52416,0.01,0.001,9.132198858093804e-36,0.0,1000
12,144,random,10,primitive,0,144,364,4081,5176,39646,52416,0.001,0.0001,0.00031979189413025246,0.003,1000
12,144,random,10,primitive,0,144,364,4081,5176,39646,52416,0.0001,1e-05,0.44727467453350916,0.558,1000
12,144,random,10,pipelined,0,144,274,3641,4736,27566,39456,0.01,0.001,1.3489379318404733e-28,0.0,1000
12,144,random,10,pipelined,0,144,274,3641,4736,27566,39456,0.001,0.0001,0.0016622892610051229,0.011,1000
12,144,random,10,pipelined,0,144,274,3641,4736,27566,39456,0.0001,1e-05,0.527408660264584,0.619,1000
12,144,random,11,1d,0,144,264,5129,10258,8750,38016,0.01,0.001,6.470458680132219e-27,0.0,1000
12,144,random,11,1d,0,144,264,5129,10258,8750,38016,0.001,0.0001,0.002462421745582238,0.012,1000
12,144,random,11,1d,0,144,264,5129,10258,8750,38016,0.0001,1e-05,0.5485778459310696,0.614,1000
12,144,random,11,ancilla,12,156,226,2607,3560,25206,35256,0.01,0.001,4.6628188117066337e-23,0.0,1000
12,144,random,11,ancilla,12,156,226,2607,3560,25206,35256,0.001,0.0001,0.005922299905065031,0.022,1000
12,144,random,11,ancilla,12,156,226,2607,3560,25206,35256,0.0001,1e-05,0.5988319350114547,0.705,1000
12,144,random,11,primitive,0,144,362,3939,4892,39786,52128,0.01,0.001,3.307852065358165e-35,0.0,1000
12,144,random,11,primitive,0,144,362,3939,4892,39786,52128,0.001,0.0001,0.00036348600687977875,0.005,1000
12,144,random,11,primitive,0,144,362,3939,4892,39786,52128,0.0001,1e-05,0.45303690645051686,0.573,1000
12,144,random,11,pipelined,0,144,272,3499,4452,27706,39168,0.01,0.001,4.886103766699917e-28,0.0,1000
12,144,random,11,pipelined,0,144,272,3499,4452,27706,39168,0.001,0.0001,0.0018894127613997298,0.01,1000
12,144,random,11,pipelined,0,144,272,3499,4452,27706,39168,0.0001,1e-05,0.53420325693754,0.607,1000
12,144,random,12,1d,0,144,280,4937,9874,10286,40320,0.01,0.001,9.584459367233462e-27,0.0,1000
12,144,random,12,1d,0,144,280,4937,9874,10286,40320,0.001,0.0001,0.0025590438654073235,0.005,1000
12,144,random,12,1d,0,144,280,4937,9874,10286,40320,0.0001,1e-05,0.5506889209994336,0.617,1000
12,144,random,12,ancilla,12,156,228,2609,3564,25358,35568,0.01,0.001,3.925302577478331e-23,0.0,1000
12,144,random,12,ancilla,12,156,228,2609,3564,25358,35568,0.001,0.0001,0.005821297122599552,0.029,1000
12,144,random,12,ancilla,12,156,228,2609,3564,25358,35568,0.0001,1e-05,0.5978028188460429,0.667,1000
12,144,random,12,primitive,0,144,364,3941,4896,39926,52416,0.01,0.001,2.8182844182114105e-35,0.0,1000
12,144,random,12,primitive,0,144,364,3941,4896,39926,52416,0.001,0.0001,0.0003577159014552935,0.0,1000
12,144,random,12,primitive,0,144,364,3941,4896,39926,52416,0.0001,1e-05,0.45231261928865235,0.544,1000
12,144,random,12,pipelined,0,144,274,3501,4456,27846,39456,0.01,0.001,4.162952223791009e-28,0.0,1000
12,144,random,12,pipelined,0,144,274,3501,4456,27846,39456,0.001,0.0001,0.0018594195550113192,0.011,1000
12,144,random,12,pipelined,0,144,274,3501,4456,27846,39456,0.0001,1e-05,0.5333492060747582,0.627,1000
12,144,random,13,1d,0,144,276,5416,10832,9040,39744,0.01,0.001,2.705375191599312e-28,0.0,1000
12,144,random,13,1d,0,144,276,5416,10832,9040,39744,0.001,0.0001,0.0017949914689955953,0.004,1000
12,144,random,13,1d,0,144,276,5416,10832,9040,39744,0.0001,1e-05,0.531513047099049,0.639,1000
12,144,random,13,ancilla,12,156,232,2702,3750,25484,36192,0.01,0.001,1.3589320876972878e-23,0.0,1000
12,144,random,13,ancilla,12,156,232,2702,3750,25484,36192,0.001,0.0001,0.005237665842281667,0.015,1000
12,144,random,13,ancilla,12,156,232,2702,3750,25484,36192,0.0001,1e-05,0.5915229568300002,0.707,1000
12,144,random,13,primitive,0,144,368,4034,5082,40028,52992,0.01,0.001,9.993962514146027e-36,0.0,1000
12,144,random,13,primitive,0,144,368,4034,5082,40028,52992,0.001,0.0001,0.000322625451967709,0.003,1000
12,144,random,13,primitive,0,144,368,4034,5082,40028,52992,0.0001,1e-05,0.44766854614125784,0.585,1000
12,144,random,13,pipelined,0,144,278,3594,4642,27948,40032,0.01,0.001,1.4762310079105468e-28,0.0,1000
12,144,random,13,pipelined,0,144,278,3594,4642,27948,40032,0.001,0.0001,0.0016770181920696555,0.003,1000
12,144,random,13,pipelined,0,144,278,3594,4642,27948,40032,0.0001,1e-05,0.5278730981341675,0.621,1000
12,144,random,14,1d,0,144,274,5722,11444,8284,39456,0.01,0.001,2.661263951534512e-29,0.0,1000
12,144,random,14,1d,0,144,274,5722,11444,8284,39456,0.001,0.0001,0.001425397821092564,0.001,1000
12,144,random,14,1d,0,144,274,5722,11444,8284,39456,0.0001,1e-05,0.5194062087596418,0.573,1000
12,144,random,14,ancilla,12,156,230,2694,3734,25344,35880,0.01,0.001,1.694134337763213e-23,0.0,1000
12,144,random,14,ancilla,12,156,230,2694,3734,25344,35880,0.001,0.0001,0.005354196531608497,0.014,1000
12,144,random,14,ancilla,12,156,230,2694,3734,25344,35880,0.0001,1e-05,0.5928257677353307,0.699,1000
12,144,random,14,primitive,0,144,366,4026,5066,39900,52704,0.01,0.001,1.231044256980544e-35,0.0,1000
12,144,random,14,primitive,0,144,366,4026,5066,39900,52704,0.001,0.0001,0.00032940786745485067,0.003,1000
12,144,random,14,primitive,0,144,366,4026,5066,39900,52704,0.0001,1e-05,0.4486006866018858,0.562,1000
12,144,random,14,pipelined,0,144,276,3586,4626,27820,39744,0.01,0.001,1.8184035628436266e-28,0.0,1000
12,144,random,14,pipelined,0,144,276,3586,4626,27820,39744,0.001,0.0001,0.00171227342096973,0.009,1000
12,144,random,14,pipelined,0,144,276,3586,4626,27820,39744,0.0001,1e-05,0.5289722414112399,0.624,1000
12,144,random,15,1d,0,144,264,5394,10788,8220,38016,0.01,0.001,7.665718670869302e-28,0.0,1000
12,144,random,15,1d,0,144,264,5394,10788,8220,38016,0.001,0.0001,0.0019917534409783543,0.009,1000
12,144,random,15,1d,0,144,264,5394,10788,8220,38016,0.0001,1e-05,0.5370697080223213,0.633,1000
12,144,random,15,ancilla,12,156,228,2686,3718,25204,35568,0.01,0.001,2.1120195632820566e-23,0.0,1000
12,144,random,15,ancilla,12,156,228,2686,3718,25204,35568,0.001,0.0001,0.005473319864674714,0.023,1000
12,144,random,15,ancilla,12,156,228,2686,3718,25204,35568,0.0001,1e-05,0.5941314480411392,0.71,1000
12,144,random,15,primitive,0,144,364,4018,5050,39772,52416,0.01,0.001,1.5163854782321794e-35,0.0,1000
12,144,random,15,primitive,0,144,364,4018,5050,39772,52416,0.001,0.0001,0.0003363328667324517,0.003,1000
12,144,random,15,primitive,0,144,364,4018,5050,39772,52416,0.0001,1e-05,0.4495347679758208,0.542,1000
12,144,random,15,pipelined,0,144,274,3578,4610,27692,39456,0.01,0.001,2.2398875918766503e-28,0.0,1000
12,144,random,15,pipelined,0,144,274,3578,4610,27692,39456,0.001,0.0001,0.0017482698053150315,0.009,1000
12,144,random,15,pipelined,0,144,274,3578,4610,27692,39456,0.0001,1e-05,0.530073673336754,0.623,1000
12,144,random,16,1d,0,144,250,4687,9374,8626,36000,0.01,0.001,6.223841384141653e-25,0.0,1000
12,144,random,16,1d,0,144,250,4687,9374,8626,36000,0.001,0.0001,0.003879735893375152,0.014,1000
12,144,random,16,1d,0,144,250,4687,9374,8626,36000,0.0001,1e-05,0.5740815222824217,0.633,1000
12,144,random,16,ancilla,12,156,228,2601,3548,25374,35568,0.01,0.001,4.186387204209738e-23,0.0,1000
12,144,random,16,ancilla,12,156,228,2601,3548,25374,35568,0.001,0.0001,0.0058586958807395175,0.027,1000
12,144,random,16,ancilla,12,156,228,2601,3548,25374,35568,0.0001,1e-05,0.5981855585567102,0.682,1000
12,144,random,16,primitive,0,144,364,3933,4880,39942,52416,0.01,0.001,3.005737670751335e-35,0.0,1000
12,144,random,16,primitive,0,144,364,3933,4880,39942,52416,0.001,0.0001,0.0003600140371112471,0.0,1000
12,144,random,16,primitive,0,144,364,3933,4880,39942,52416,0.0001,1e-05,0.45260220976159776,0.557,1000
12,144,random,16,pipelined,0,144,274,3493,4440,27862,39456,0.01,0.001,4.43984370056154e-28,0.0,1000
12,144,random,16,pipelined,0,144,274,3493,4440,27862,39456,0.001,0.0001,0.0018713653431671276,0.012,1000
12,144,random,16,pipelined,0,144,274,3493,4440,27862,39456,0.0001,1e-05,0.5336906797419646,0.633,1000
12,144,random,17,1d,0,144,276,5479,10958,8914,39744,0.01,0.001,1.6292706960133333e-28,0.0,1000
12,144,random,17,1d,0,144,276,5479,10958,8914,39744,0.001,0.0001,0.0017067131362882059,0.006,1000
12,144,random,17,1d,0,144,276,5479,10958,8914,39744,0.0001,1e-05,0.5288407973915108,0.604,1000
12,144,random,17,ancilla,12,156,228,2655,3656,25266,35568,0.01,0.001,2.710610861112274e-23,0.0,1000
12,144,random,17,ancilla,12,156,228,2655,3656,25266,35568,0.001,0.0001,0.005610840639351799,0.024,1000
12,144,random,17,ancilla,12,156,228,2655,3656,25266,35568,0.0001,1e-05,0.5956068130954397,0.686,1000
12,144,random,17,primitive,0,144,364,3987,4988,39834,52416,0.01,0.001,1.9461613984965477e-35,0.0,1000
12,144,random,17,primitive,0,144,364,3987,4988,39834,52416,0.001,0.0001,0.0003447834520309523,0.001,1000
12,144,random,17,primitive,0,144,364,3987,4988,39834,52416,0.0001,1e-05,0.45065106621176054,0.583,1000
12,144,random,17,pipelined,0,144,274,3547,4548,27754,39456,0.01,0.001,2.874719410636744e-28,0.0,1000
12,144,random,17,pipelined,0,144,274,3547,4548,27754,39456,0.001,0.0001,0.0017921962382507696,0.007,1000
12,144,random,17,pipelined,0,144,274,3547,4548,27754,39456,0.0001,1e-05,0.531389968201172,0.634,1000
12,144,random,18,1d,0,144,262,5256,10512,8352,37728,0.01,0.001,2.688688366883062e-27,0.0,1000
12,144,random,18,1d,0,144,262,5256,10512,8352,37728,0.001,0.0001,0.0022566553035366227,0.008,1000
12,144,random,18,1d,0,144,262,5256,10512,8352,37728,0.0001,1e-05,0.5438147085909615,0.647,1000
12,144,random,18,ancilla,12,156,232,2614,3574,25660,36192,0.01,0.001,2.7594755900106866e-23,0.0,1000
12,144,random,18,ancilla,12,156,232,2614,3574,25660,36192,0.001,0.0001,0.005619929382533103,0.021,1000
12,144,random,18,ancilla,12,156,232,2614,3574,25660,36192,0.0001,1e-05,0.5957022282013955,0.676,1000
12,144,random,18,primitive,0,144,368,3946,4906,40204,52992,0.01,0.001,2.0293946882951974e-35,0.0,1000
12,144,random,18,primitive,0,144,368,3946,4906,40204,52992,0.001,0.0001,0.00034617180852387127,0.001,1000
12,144,random,18,primitive,0,144,368,3946,4906,40204,52992,0.0001,1e-05,0.45083144678130854,0.524,1000
12,144,random,18,pipelined,0,144,278,3506,4466,28124,40032,0.01,0.001,2.997665202275697e-28,0.0,1000
12,144,random,18,pipelined,0,144,278,3506,4466,28124,40032,0.001,0.0001,0.0017994129630364392,0.018,1000
12,144,random,18,pipelined,0,144,278,3506,4466,28124,40032,0.0001,1e-05,0.5316026658564156,0.614,1000
12,144,random,19,1d,0,144,274,4988,9976,9752,39456,0.01,0.001,9.794715646176706e-27,0.0,1000
12,144,random,19,1d,0,144,274,4988,9976,9752,39456,0.001,0.0001,0.002565134340760331,0.007,1000
12,144,random,19,1d,0,144,274,4988,9976,9752,39456,0.0001,1e-05,0.5508209764398603,0.621,1000
12,144,random,19,ancilla,12,156,228,2648,3642,25280,35568,0.01,0.001,2.867725955795688e-23,0.0,1000
12,144,random,19,ancilla,12,156,228,2648,3642,25280,35568,0.001,0.0001,0.005642368855810148,0.015,1000
12,144,random,19,ancilla,12,156,228,2648,3642,25280,35568,0.0001,1e-05,0.5959404667615027,0.698,1000
12,144,random,19,primitive,0,144,364,3980,4974,39848,52416,0.01,0.001,2.0589667210091712e-35,0.0,1000
12,144,random,19,primitive,0,144,364,3980,4974,39848,52416,0.001,0.0001,0.00034672084573104234,0.0,1000
12,144,random,19,primitive,0,144,364,3980,4974,39848,52416,0.0001,1e-05,0.4509035169511591,0.559,1000
12,144,random,19,pipelined,0,144,274,3540,4534,27768,39456,0.01,0.001,3.041346726593526e-28,0.0,1000
12,144,random,19,pipelined,0,144,274,3540,4534,27768,39456,0.001,0.0001,0.0018022668773167083,0.006,1000
12,144,random,19,pipelined,0,144,274,3540,4534,27768,39456,0.0001,1e-05,0.5316876481589918,0.636,1000
14,196,reverse,0,1d,0,196,390,17836,35672,2548,76440,0.01,0.001,1.1020336145720119e-79,0.0,1000
14,196,reverse,0,1d,0,196,390,17836,35672,2548,76440,0.001,0.0001,1.3784284602226705e-08,0.0,1000
14,196,reverse,0,1d,0,196,390,17836,35672,2548,76440,0.0001,1e-05,0.16379013858958028,0.213,1000
14,196,reverse,0,ancilla,14,210,248,4814,7362,36572,52080,0.01,0.001,1.2498623711928315e-37,0.0,1000
14,196,reverse,0,ancilla,14,210,248,4814,7362,36572,52080,0.001,0.0001,0.000208871468577388,0.001,1000
14,196,reverse,0,ancilla,14,210,248,4814,7362,36572,52080,0.0001,1e-05,0.4286365593079179,0.523,1000
14,196,reverse,0,primitive,0,196,404,6702,9250,60292,79184,0.01,0.001,3.5439722588763933e-56,0.0,1000
14,196,reverse,0,primitive,0,196,404,6702,9250,60292,79184,0.001,0.0001,2.9466114295834064e-06,0.0,1000
14,196,reverse,0,primitive,0,196,404,6702,9250,60292,79184,0.0001,1e-05,0.27994656680825547,0.369,1000
14,196,reverse,0,pipelined,0,196,298,6078,8626,40764,58408,0.01,0.001,5.73158592945933e-45,0.0,1000
14,196,reverse,0,pipelined,0,196,298,6078,8626,40764,58408,0.001,0.0001,3.8778489433650374e-05,0.0,1000
14,196,reverse,0,pipelined,0,196,298,6078,8626,40764,58408,0.0001,1e-05,0.3622312604023697,0.477,1000
14,196,transpose,0,1d,0,196,366,9555,19110,16758,71736,0.01,0.001,1.029760124525987e-49,0.0,1000
14,196,transpose,0,1d,0,196,366,9555,19110,16758,71736,0.001,0.0001,1.3195106946331712e-05,0.0,1000
14,196,transpose,0,1d,0,196,366,9555,19110,16758,71736,0.0001,1e-05,0.32526058559598947,0.418,1000
14,196,transpose,0,ancilla,14,210,272,4125,5984,40470,57120,0.01,0.001,2.5732751164372616e-36,0.0,1000
14,196,transpose,0,ancilla,14,210,272,4125,5984,40470,57120,0.001,0.0001,0.00028181316571527435,0.005,1000
14,196,transpose,0,ancilla,14,210,272,4125,5984,40470,57120,0.0001,1e-05,0.44165658765825994,0.539,1000
14,196,transpose,0,primitive,0,196,428,6013,7872,64022,83888,0.01,0.001,8.632017634567508e-55,0.0,1000
14,196,transpose,0,primitive,0,196,428,6013,7872,64022,83888,0.001,0.0001,4.042979502552534e-06,0.001,1000
14,196,transpose,0,primitive,0,196,428,6013,7872,64022,83888,0.0001,1e-05,0.2889350755676373,0.436,1000
14,196,transpose,0,pipelined,0,196,322,5389,7248,44494,63112,0.01,0.001,1.3960366279169997e-43,0.0,1000
14,196,transpose,0,pipelined,0,196,322,5389,7248,44494,63112,0.001,0.0001,5.320709624151706e-05,0.0,1000
14,196,transpose,0,pipelined,0,196,322,5389,7248,44494,63112,0.0001,1e-05,0.3738617615161008,0.492,1000
14,196,random,0,1d,0,196,372,10472,20944,15512,72912,0.01,0.001,3.561321544234948e-53,0.0,1000
14,196,random,0,1d,0,196,372,10472,20944,15512,72912,0.001,0.0001,5.971472216945936e-06,0.0,1000
14,196,random,0,1d,0,196,372,10472,20944,15512,72912,0.0001,1e-05,0.30048028361327833,0.404,1000
14,196,random,0,ancilla,14,210,268,3942,5618,40416,56280,0.01,0.001,1.708870862659259e-35,0.0,1000
14,196,random,0,ancilla,14,210,268,3942,5618,40416,56280,0.001,0.0001,0.00034026888711228713,0.003,1000
14,196,random,0,ancilla,14,210,268,3942,5618,40416,56280,0.0001,1e-05,0.4500566874116519,0.54,1000
14,196,random,0,primitive,0,196,424,5830,7506,63996,83104,0.01,0.001,5.574026302059008e-54,0.0,1000
14,196,random,0,primitive,0,196,424,5830,7506,63996,83104,0.001,0.0001,4.867953446146808e-06,0.0,1000
14,196,random,0,primitive,0,196,424,5830,7506,63996,83104,0.0001,1e-05,0.29434805486687154,0.404,1000
14,196,random,0,pipelined,0,196,318,5206,6882,44468,62328,0.01,0.001,9.014746276102807e-43,0.0,1000
14,196,random,0,pipelined,0,196,318,5206,6882,44468,62328,0.001,0.0001,6.406405655651536e-05,0.0,1000
14,196,random,0,pipelined,0,196,318,5206,6882,44468,62328,0.0001,1e-05,0.38086577780552544,0.493,1000
14,196,random,1,1d,0,196,382,8469,16938,20498,74872,0.01,0.001,1.3422725316089974e-46,0.0,1000
14,196,random,1,1d,0,196,382,8469,16938,20498,74872,0.001,0.0001,2.6906576492760176e-05,0.0,1000
14,196,random,1,1d,0,196,382,8469,16938,20498,74872,0.0001,1e-05,0.349265335246198,0.461,1000
14,196,random,1,ancilla,14,210,268,3761,5256,40778,56280,0.01,0.001,7.335770914595679e-35,0.0,1000
14,196,random,1,ancilla,14,210,268,3761,5256,40778,56280,0.001,0.0001,0.00039332053879032514,0.005,1000
14,196,random,1,ancilla,14,210,268,3761,5256,40778,56280,0.0001,1e-05,0.45662132359050106,0.56,1000
14,196,random,1,primitive,0,196,424,5649,7144,64358,83104,0.01,0.001,2.392795202804567e-53,0.0,1000
14,196,random,1,primitive,0,196,424,5649,7144,64358,83104,0.001,0.0001,5.626920781660686e-06,0.0,1000
14,196,random,1,primitive,0,196,424,5649,7144,64358,83104,0.0001,1e-05,0.2986414871037434,0.417,1000
14,196,random,1,pipelined,0,196,318,5025,6520,44830,62328,0.01,0.001,3.8698133943126805e-42,0.0,1000
14,196,random,1,pipelined,0,196,318,5025,6520,44830,62328,0.001,0.0001,7.405234564859688e-05,0.003,1000
14,196,random,1,pipelined,0,196,318,5025,6520,44830,62328,0.0001,1e-05,0.38642117856769836,0.497,1000
14,196,random,2,1d,0,196,378,10191,20382,16662,74088,0.01,0.001,1.898597763493589e-52,0.0,1000
14,196,random,2,1d,0,196,378,10191,20382,16662,74088,0.001,0.0001,7.050710154319172e-06,0.001,1000
14,196,random,2,1d,0,196,378,10191,20382,16662,74088,0.0001,1e-05,0.30551029823291154,0.388,1000
14,196,random,2,ancilla,14,210,268,3913,5560,40474,56280,0.01,0.001,2.1581762979856012e-35,0.0,1000
14,196,random,2,ancilla,14,210,268,3913,5560,40474,56280,0.001,0.0001,0.0003482603628553366,0.002,1000
14,196,random,2,ancilla,14,210,268,3913,5560,40474,56280,0.0001,1e-05,0.45110209516215966,0.557,1000
14,196,random,2,primitive,0,196,424,5801,7448,64054,83104,0.01,0.001,7.039579006415976e-54,0.0,1000
14,196,random,2,primitive,0,196,424,5801,7448,64054,83104,0.001,0.0001,4.982281065734133e-06,0.0,1000
14,196,random,2,primitive,0,196,424,5801,7448,64054,83104,0.0001,1e-05,0.29503177704345873,0.419,1000
14,196,random,2,pipelined,0,196,318,5177,6824,44526,62328,0.01,0.001,1.1384951414739148e-42,0.0,1000
14,196,random,2,pipelined,0,196,318,5177,6824,44526,62328,0.001,0.0001,6.556865005114125e-05,0.001,1000
14,196,random,2,pipelined,0,196,318,5177,6824,44526,62328,0.0001,1e-05,0.3817504664395528,0.479,1000
14,196,random,3,1d,0,196,380,10241,20482,16758,74480,0.01,0.001,1.043469031731624e-52,0.0,1000
14,196,random,3,1d,0,196,380,10241,20482,16758,74480,0.001,0.0001,6.642595968193615e-06,0.0,1000
14,196,random,3,1d,0,196,380,10241,20482,16758,74480,0.0001,1e-05,0.30369479481241085,0.4,1000
14,196,random,3,ancilla,14,210,268,3891,5516,40518,56280,0.01,0.001,2.5762862724571605e-35,0.0,1000
14,196,random,3,ancilla,14,210,268,3891,5516,40518,56280,0.001,0.0001,0.00035444782516638913,0.003,1000
14,196,random,3,ancilla,14,210,268,3891,5516,40518,56280,0.0001,1e-05,0.4518967826444139,0.536,1000
14,196,random,3,primitive,0,196,424,5779,7404,64098,83104,0.01,0.001,8.403377784768952e-54,0.0,1000
14,196,random,3,primitive,0,196,424,5779,7404,64098,83104,0.001,0.0001,5.070800115288177e-06,0.0,1000
14,196,random,3,primitive,0,196,424,5779,7404,64098,83104,0.0001,1e-05,0.2955515220470801,0.439,1000
14,196,random,3,pipelined,0,196,318,5155,6780,44570,62328,0.01,0.001,1.359059223741873e-42,0.0,1000
14,196,random,3,pipelined,0,196,318,5155,6780,44570,62328,0.001,0.0001,6.673359327824791e-05,0.0,1000
14,196,random,3,pipelined,0,196,318,5155,6780,44570,62328,0.0001,1e-05,0.382422980090626,0.491,1000
14,196,random,4,1d,0,196,374,9565,19130,17522,73304,0.01,0.001,4.3363169808729925e-50,0.0,1000
14,196,random,4,1d,0,196,374,9565,19130,17522,73304,0.001,0.0001,1.210280509050508e-05,0.0,1000
14,196,random,4,1d,0,196,374,9565,19130,17522,73304,0.0001,1e-05,0.32246241109178103,0.431,1000
14,196,random,4,ancilla,14,210,268,3873,5480,40554,56280,0.01,0.001,2.977955424950656e-35,0.0,1000
14,196,random,4,ancilla,14,210,268,3873,5480,40554,56280,0.001,0.0001,0.00035959197377413845,0.006,1000
14,196,random,4,ancilla,14,210,268,3873,5480,40554,56280,0.0001,1e-05,0.45254802268042443,0.567,1000
14,196,random,4,primitive,0,196,424,5761,7368,64134,83104,0.01,0.001,9.713549588646751e-54,0.0,1000
14,196,random,4,primitive,0,196,424,5761,7368,64134,83104,0.001,0.0001,5.14439331434643e-06,0.0,1000
14,196,random,4,primitive,0,196,424,5761,7368,64134,83104,0.0001,1e-05,0.29597744892076694,0.423,1000
14,196,random,4,pipelined,0,196,318,5137,6744,44606,62328,0.01,0.001,1.5709503370955978e-42,0.0,1000
14,196,random,4,pipelined,0,196,318,5137,6744,44606,62328,0.001,0.0001,6.770210682686754e-05,0.001,1000
14,196,random,4,pipelined,0,196,318,5137,6744,44606,62328,0.0001,1e-05,0.38297409964909696,0.499,1000
14,196,random,5,1d,0,196,380,9539,19078,18162,74480,0.01,0.001,2.968372683406756e-50,0.0,1000
14,196,random,5,1d,0,196,380,9539,19078,18162,74480,0.001,0.0001,1.1651641365808936e-05,0.0,1000
14,196,random,5,1d,0,196,380,9539,19078,18162,74480,0.0001,1e-05,0.32123941064619926,0.421,1000
14,196,random,5,ancilla,14,210,266,3867,5468,40356,55860,0.01,0.001,3.856029577392073e-35,0.0,1000
14,196,random,5,ancilla,14,210,266,3867,5468,40356,55860,0.001,0.0001,0.0003689916350506637,0.001,1000
14,196,random,5,ancilla,14,210,266,3867,5468,40356,55860,0.0001,1e-05,0.4537171221496575,0.583,1000
14,196,random,5,primitive,0,196,422,5755,7356,63950,82712,0.01,0.001,1.2402720604206596e-53,0.0,1000
14,196,random,5,primitive,0,196,422,5755,7356,63950,82712,0.001,0.0001,5.271481100855586e-06,0.0,1000
14,196,random,5,primitive,0,196,422,5755,7356,63950,82712,0.0001,1e-05,0.2967005273101106,0.42,1000
14,196,random,5,pipelined,0,196,316,5131,6732,44422,61936,0.01,0.001,2.0058638643132e-42,0.0,1000
14,196,random,5,pipelined,0,196,316,5131,6732,44422,61936,0.001,0.0001,6.937462880815506e-05,0.001,1000
14,196,random,5,pipelined,0,196,316,5131,6732,44422,61936,0.0001,1e-05,0.38390971246738537,0.481,1000
14,196,random,6,1d,0,196,364,9970,19940,15732,71344,0.01,0.001,4.437628159287608e-51,0.0,1000
14,196,random,6,1d,0,196,364,9970,19940,15732,71344,0.001,0.0001,9.652756931115819e-06,0.0,1000
14,196,random,6,1d,0,196,364,9970,19940,15732,71344,0.0001,1e-05,0.3152558839468305,0.402,1000
14,196,random,6,ancilla,14,210,270,3888,5510,40734,56700,0.01,0.001,2.139114307120109e-35,0.0,1000
14,196,random,6,ancilla,14,210,270,3888,5510,40734,56700,0.001,0.0001,0.00034791617607527614,0.004,1000
14,196,random,6,ancilla,14,210,270,3888,5510,40734,56700,0.0001,1e-05,0.45105703773018935,0.532,1000
14,196,random,6,primitive,0,196,426,5776,7398,64300,83496,0.01,0.001,7.075822438041184e-54,0.0,1000
14,196,random,6,primitive,0,196,426,5776,7398,64300,83496,0.001,0.0001,4.984330591043356e-06,0.0,1000
14,196,random,6,primitive,0,196,426,5776,7398,64300,83496,0.0001,1e-05,0.2950436118044201,0.411,1000
14,196,random,6,pipelined,0,196,320,5152,6774,44772,62720,0.01,0.001,1.144356709442402e-42,0.0,1000
14,196,random,6,pipelined,0,196,320,5152,6774,44772,62720,0.001,0.0001,6.559562255750899e-05,0.0,1000
14,196,random,6,pipelined,0,196,320,5152,6774,44772,62720,0.0001,1e-05,0.38176577979177023,0.469,1000
14,196,random,7,1d,0,196,360,9187,18374,16906,70560,0.01,0.001,3.5865485667349014e-48,0.0,1000
14,196,random,7,1d,0,196,360,9187,18374,16906,70560,0.001,0.0001,1.8788208351282947e-05,0.0,1000
14,196,random,7,1d,0,196,360,9187,18374,16906,70560,0.0001,1e-05,0.33695469853855803,0.423,1000
14,196,random,7,ancilla,14,210,272,3873,5480,40974,57120,0.01,0.001,1.9562450127864625e-35,0.0,1000
14,196,random,7,ancilla,14,210,272,3873,5480,40974,57120,0.001,0.0001,0.00034480115285697924,0.001,1000
14,196,random,7,ancilla,14,210,272,3873,5480,40974,57120,0.0001,1e-05,0.4506512974127944,0.574,1000
14,196,random,7,primitive,0,196,428,5761,7368,64526,83888,0.01,0.001,6.56219824302614e-54,0.0,1000
14,196,random,7,primitive,0,196,428,5761,7368,64526,83888,0.001,0.0001,4.946624796322259e-06,0.0,1000
14,196,random,7,primitive,0,196,428,5761,7368,64526,83888,0.0001,1e-05,0.2948194826279172,0.402,1000
14,196,random,7,pipelined,0,196,322,5137,6744,44998,63112,0.01,0.001,1.0612894336812916e-42,0.0,1000
14,196,random,7,pipelined,0,196,322,5137,6744,44998,63112,0.001,0.0001,6.50994004403002e-05,0.001,1000
14,196,random,7,pipelined,0,196,322,5137,6744,44998,63112,0.0001,1e-05,0.3814757723270486,0.471,1000
14,196,random,8,1d,0,196,346,9837,19674,14234,67816,0.01,0.001,7.560815922167736e-50,0.0,1000
14,196,random,8,1d,0,196,346,9837,19674,14234,67816,0.001,0.0001,1.280861000915078e-05,0.0,1000
14,196,random,8,1d,0,196,346,9837,19674,14234,67816,0.0001,1e-05,0.3242988213939916,0.408,1000
14,196,random,8,ancilla,14,210,268,3945,5624,40410,56280,0.01,0.001,1.6680992967957134e-35,0.0,1000
14,196,random,8,ancilla,14,210,268,3945,5624,40410,56280,0.001,0.0001,0.0003394527216392066,0.002,1000
14,196,random,8,ancilla,14,210,268,3945,5624,40410,56280,0.0001,1e-05,0.44994868015257394,0.561,1000
14,196,random,8,primitive,0,196,424,5833,7512,63990,83104,0.01,0.001,5.441036861215079e-54,0.0,1000
14,196,random,8,primitive,0,196,424,5833,7512,63990,83104,0.001,0.0001,4.856277222789961e-06,0.0,1000
14,196,random,8,primitive,0,196,424,5833,7512,63990,83104,0.0001,1e-05,0.2942774154840775,0.393,1000
14,196,random,8,pipelined,0,196,318,5209,6888,44462,62328,0.01,0.001,8.799665470659541e-43,0.0,1000
14,196,random,8,pipelined,0,196,318,5209,6888,44462,62328,0.001,0.0001,6.391039316556989e-05,0.0,1000
14,196,random,8,pipelined,0,196,318,5209,6888,44462,62328,0.0001,1e-05,0.3807743753891456,0.482,1000
14,196,random,9,1d,0,196,382,10071,20142,17294,74872,0.01,0.001,3.369753802587722e-52,0.0,1000
14,196,random,9,1d,0,196,382,10071,20142,17294,74872,0.001,0.0001,7.463207060302312e-06,0.0,1000
14,196,random,9,1d,0,196,382,10071,20142,17294,74872,0.0001,1e-05,0.3072507089721659,0.406,1000
14,196,random,9,ancilla,14,210,268,3963,5660,40374,56280,0.01,0.001,1.4431046493926107e-35,0.0,1000
14,196,random,9,ancilla,14,210,268,3963,5660,40374,56280,0.001,0.0001,0.00033459667541801405,0.004,1000
14,196,random,9,ancilla,14,210,268,3963,5660,40374,56280,0.0001,1e-05,0.449301180705046,0.571,1000
14,196,random,9,primitive,0,196,424,5851,7548,63954,83104,0.01,0.001,4.7071451963435866e-54,0.0,1000
14,196,random,9,primitive,0,196,424,5851,7548,63954,83104,0.001,0.0001,4.7868056729879325e-06,0.0,1000
14,196,random,9,primitive,0,196,424,5851,7548,63954,83104,0.0001,1e-05,0.2938539350465279,0.415,1000
14,196,random,9,pipelined,0,196,318,5227,6924,44426,62328,0.01,0.001,7.612759131426925e-43,0.0,1000
14,196,random,9,pipelined,0,196,318,5227,6924,44426,62328,0.001,0.0001,6.2996122036065e-05,0.001,1000
14,196,random,9,pipelined,0,196,318,5227,6924,44426,62328,0.0001,1e-05,0.38022642134777873,0.462,1000
14,196,random,10,1d,0,196,358,9760,19520,15564,70168,0.01,0.001,4.332694035471689e-50,0.0,1000
14,196,random,10,1d,0,196,358,9760,19520,15564,70168,0.001,0.0001,1.2111428088565096e-05,0.0,1000
14,196,random,10,1d,0,196,358,9760,19520,15564,70168,0.0001,1e-05,0.3224879262415106,0.412,1000
14,196,random,10,ancilla,14,210,270,3964,5662,40582,56700,0.01,0.001,1.1602579998187237e-35,0.0,1000
14,196,random,10,ancilla,14,210,270,3964,5662,40582,56700,0.001,0.0001,0.000327380895842232,0.002,1000
14,196,random,10,ancilla,14,210,270,3964,5662,40582,56700,0.0001,1e-05,0.4483227640808396,0.577,1000
14,196,random,10,primitive,0,196,426,5852,7550,64148,83496,0.01,0.001,3.837934027979525e-54,0.0,1000
14,196,random,10,primitive,0,196,426,5852,7550,64148,83496,0.001,0.0001,4.690137240748933e-06,0.0,1000
14,196,random,10,primitive,0,196,426,5852,7550,64148,83496,0.0001,1e-05,0.29325507974376225,0.401,1000
14,196,random,10,pipelined,0,196,320,5228,6926,44620,62720,0.01,0.001,6.2070036292933185e-43,0.0,1000
14,196,random,10,pipelined,0,196,320,5228,6926,44620,62720,0.001,0.0001,6.172392993753725e-05,0.001,1000
14,196,random,10,pipelined,0,196,320,5228,6926,44620,62720,0.0001,1e-05,0.37945154450755664,0.491,1000
14,196,random,11,1d,0,196,354,9336,18672,16020,69384,0.01,0.001,1.9466960289372182e-48,0.0,1000
14,196,random,11,1d,0,196,354,9336,18672,16020,69384,0.001,0.0001,1.7685751904913184e-05,0.001,1000
14,196,random,11,1d,0,196,354,9336,18672,16020,69384,0.0001,1e-05,0.334925391427862,0.418,1000
14,196,random,11,ancilla,14,210,266,3898,5530,40294,55860,0.01,0.001,3.0044924636303126e-35,0.0,1000
14,196,random,11,ancilla,14,210,266,3898,5530,40294,55860,0.001,0.0001,0.0003599477111962528,0.004,1000
14,196,random,11,ancilla,14,210,266,3898,5530,40294,55860,0.0001,1e-05,0.45259322905132554,0.577,1000
14,196,random,11,primitive,0,196,422,5786,7418,63888,82712,0.01,0.001,9.663795320017639e-54,0.0,1000
14,196,random,11,primitive,0,196,422,5786,7418,63888,82712,0.001,0.0001,5.142277972254695e-06,0.002,1000
14,196,random,11,primitive,0,196,422,5786,7418,63888,82712,0.0001,1e-05,0.29596557670182105,0.391,1000
14,196,random,11,pipelined,0,196,316,5162,6794,44360,61936,0.01,0.001,1.5629036921115435e-42,0.0,1000
14,196,random,11,pipelined,0,196,316,5162,6794,44360,61936,0.001,0.0001,6.767426814745115e-05,0.0,1000
14,196,random,11,pipelined,0,196,316,5162,6794,44360,61936,0.0001,1e-05,0.38295873782886963,0.506,1000
14,196,random,12,1d,0,196,372,9940,19880,16576,72912,0.01,0.001,2.5784999868557682e-51,0.0,1000
14,196,random,12,1d,0,196,372,9940,19880,16576,72912,0.001,0.0001,9.141773068288681e-06,0.0,1000
14,196,random,12,1d,0,196,372,9940,19880,16576,72912,0.0001,1e-05,0.31354558207238825,0.412,1000
14,196,random,12,ancilla,14,210,268,3894,5522,40512,56280,0.01,0.001,2.514819237272665e-35,0.0,1000
14,196,random,12,ancilla,14,210,268,3894,5522,40512,56280,0.001,0.0001,0.00035359765023748406,0.0,1000
14,196,random,12,ancilla,14,210,268,3894,5522,40512,56280,0.0001,1e-05,0.4517883337884259,0.554,1000
14,196,random,12,primitive,0,196,424,5782,7410,64092,83104,0.01,0.001,8.20288348276254e-54,0.0,1000
14,196,random,12,primitive,0,196,424,5782,7410,64092,83104,0.001,0.0001,5.0586373459850125e-06,0.0,1000
14,196,random,12,primitive,0,196,424,5782,7410,64092,83104,0.0001,1e-05,0.295480593849132,0.397,1000
14,196,random,12,pipelined,0,196,318,5158,6786,44564,62328,0.01,0.001,1.3266337351552024e-42,0.0,1000
14,196,random,12,pipelined,0,196,318,5158,6786,44564,62328,0.001,0.0001,6.657352676382006e-05,0.001,1000
14,196,random,12,pipelined,0,196,318,5158,6786,44564,62328,0.0001,1e-05,0.3823312039676545,0.49,1000
14,196,random,13,1d,0,196,376,9060,18120,18728,73696,0.01,0.001,2.076474250625126e-48,0.0,1000
14,196,random,13,1d,0,196,376,9060,18120,18728,73696,0.001,0.0001,1.7780171744406117e-05,0.0,1000
14,196,random,13,1d,0,196,376,9060,18120,18728,73696,0.0001,1e-05,0.3351000150169557,0.438,1000
14,196,random,13,ancilla,14,210,272,3822,5378,41076,57120,0.01,0.001,2.949226464170493e-35,0.0,1000
14,196,random,13,ancilla,14,210,272,3822,5378,41076,57120,0.001,0.0001,0.00035916894953927993,0.004,1000
14,196,random,13,ancilla,14,210,272,3822,5378,41076,57120,0.0001,1e-05,0.45249382375936736,0.571,1000
14,196,random,13,primitive,0,196,428,5710,7266,64628,83888,0.01,0.001,9.89314150066455e-54,0.0,1000
14,196,random,13,primitive,0,196,428,5710,7266,64628,83888,0.001,0.0001,5.152749685256912e-06,0.0,1000
14,196,random,13,primitive,0,196,428,5710,7266,64628,83888,0.0001,1e-05,0.29602487728081966,0.427,1000
14,196,random,13,pipelined,0,196,322,5086,6642,45100,63112,0.01,0.001,1.5999953295722674e-42,0.0,1000
14,196,random,13,pipelined,0,196,322,5086,6642,45100,63112,0.001,0.0001,6.781207973941462e-05,0.0,1000
14,196,random,13,pipelined,0,196,322,5086,6642,45100,63112,0.0001,1e-05,0.38303546862688637,0.468,1000
14,196,random,14,1d,0,196,378,9610,19220,17824,74088,0.01,0.001,2.039305179918852e-50,0.0,1000
14,196,random,14,1d,0,196,378,9610,19220,17824,74088,0.001,0.0001,1.1225783449909633e-05,0.0,1000
14,196,random,14,1d,0,196,378,9610,19220,17824,74088,0.0001,1e-05,0.3200465117894269,0.435,1000
14,196,random,14,ancilla,14,210,270,3914,5562,40682,56700,0.01,0.001,1.7351765277804897e-35,0.0,1000
14,196,random,14,ancilla,14,210,270,3914,5562,40682,56700,0.001,0.0001,0.0003407499175999959,0.005,1000
14,196,random,14,ancilla,14,210,270,3914,5562,40682,56700,0.0001,1e-05,0.4501197567929872,0.57,1000
14,196,random,14,primitive,0,196,426,5802,7450,64248,83496,0.01,0.001,5.739665696388706e-54,0.0,1000
14,196,random,14,primitive,0,196,426,5802,7450,64248,83496,0.001,0.0001,4.881665053198588e-06,0.0,1000
14,196,random,14,primitive,0,196,426,5802,7450,64248,83496,0.0001,1e-05,0.2944305213749278,0.386,1000
14,196,random,14,pipelined,0,196,320,5178,6826,44720,62720,0.01,0.001,9.28263111056403e-43,0.0,1000
14,196,random,14,pipelined,0,196,320,5178,6826,44720,62720,0.001,0.0001,6.424450634498678e-05,0.0,1000
14,196,random,14,pipelined,0,196,320,5178,6826,44720,62720,0.0001,1e-05,0.3809724836940626,0.481,1000
14,196,random,15,1d,0,196,380,10290,20580,16660,74480,0.01,0.001,7.033739075803187e-53,0.0,1000
14,196,random,15,1d,0,196,380,10290,20580,16660,74480,0.001,0.0001,6.387090346393443e-06,0.0,1000
14,196,random,15,1d,0,196,380,10290,20580,16660,74480,0.0001,1e-05,0.3025065688819029,0.378,1000
14,196,random,15,ancilla,14,210,272,3948,5630,40824,57120,0.01,0.001,1.0696448601230885e-35,0.0,1000
14,196,random,15,ancilla,14,210,272,3948,5630,40824,57120,0.001,0.0001,0.00032470955549633286,0.007,1000
14,196,random,15,ancilla,14,210,272,3948,5630,40824,57120,0.0001,1e-05,0.4479553205177398,0.54,1000
14,196,random,15,primitive,0,196,428,5836,7518,64376,83888,0.01,0.001,3.588109656961395e-54,0.0,1000
14,196,random,15,primitive,0,196,428,5836,7518,64376,83888,0.001,0.0001,4.658384479030975e-06,0.0,1000
14,196,random,15,primitive,0,196,428,5836,7518,64376,83888,0.0001,1e-05,0.29305575417991325,0.403,1000
14,196,random,15,pipelined,0,196,322,5212,6894,44848,63112,0.01,0.001,5.802968342003141e-43,0.0,1000
14,196,random,15,pipelined,0,196,322,5212,6894,44848,63112,0.001,0.0001,6.130605192267352e-05,0.002,1000
14,196,random,15,pipelined,0,196,322,5212,6894,44848,63112,0.0001,1e-05,0.3791936311812864,0.474,1000
14,196,random,16,1d,0,196,360,9844,19688,15592,70560,0.01,0.001,1.8111233834644246e-50,0.0,1000
14,196,random,16,1d,0,196,360,9844,19688,15592,70560,0.001,0.0001,1.1104021155427147e-05,0.0,1000
14,196,random,16,1d,0,196,360,9844,19688,15592,70560,0.0001,1e-05,0.3197007097445011,0.413,1000
14,196,random,16,ancilla,14,210,268,3970,5674,40360,56280,0.01,0.001,1.364040775395458e-35,0.0,1000
14,196,random,16,ancilla,14,210,268,3970,5674,40360,56280,0.001,0.0001,0.00033272702870075624,0.001,1000
14,196,random,16,ancilla,14,210,268,3970,5674,40360,56280,0.0001,1e-05,0.449049627077679,0.542,1000
14,196,random,16,primitive,0,196,424,5858,7562,63940,83104,0.01,0.001,4.4492532029620594e-54,0.0,1000
14,196,random,16,primitive,0,196,424,5858,7562,63940,83104,0.001,0.0001,4.760058140301087e-06,0.0,1000
14,196,random,16,primitive,0,196,424,5858,7562,63940,83104,0.0001,1e-05,0.29368941283636796,0.379,1000
14,196,random,16,pipelined,0,196,318,5234,6938,44412,62328,0.01,0.001,7.195676261524772e-43,0.0,1000
14,196,random,16,pipelined,0,196,318,5234,6938,44412,62328,0.001,0.0001,6.264411467491128e-05,0.0,1000
14,196,random,16,pipelined,0,196,318,5234,6938,44412,62328,0.0001,1e-05,0.3800135411248496,0.495,1000
14,196,random,17,1d,0,196,380,9768,19536,17704,74480,0.01,0.001,4.698772103136543e-51,0.0,1000
14,196,random,17,1d,0,196,380,9768,19536,17704,74480,0.001,0.0001,9.700086215044247e-06,0.0,1000
14,196,random,17,1d,0,196,380,9768,19536,17704,74480,0.0001,1e-05,0.31540753057776594,0.403,1000
14,196,random,17,ancilla,14,210,270,3840,5414,40830,56700,0.01,0.001,3.1479767885441914e-35,0.0,1000
14,196,random,17,ancilla,14,210,270,3840,5414,40830,56700,0.001,0.0001,0.0003615444931914436,0.005,1000
14,196,random,17,ancilla,14,210,270,3840,5414,40830,56700,0.0001,1e-05,0.45279253307322265,0.565,1000
14,196,random,17,primitive,0,196,426,5728,7302,64396,83496,0.01,0.001,1.0412966114373772e-53,0.0,1000
14,196,random,17,primitive,0,196,426,5728,7302,64396,83496,0.001,0.0001,5.17957313099314e-06,0.0,1000
14,196,random,17,primitive,0,196,426,5728,7302,64396,83496,0.0001,1e-05,0.29617882702432885,0.419,1000
14,196,random,17,pipelined,0,196,320,5104,6678,44868,62720,0.01,0.001,1.6840653849814206e-42,0.0,1000
14,196,random,17,pipelined,0,196,320,5104,6678,44868,62720,0.001,0.0001,6.81650861441999e-05,0.001,1000
14,196,random,17,pipelined,0,196,320,5104,6678,44868,62720,0.0001,1e-05,0.3832346688180721,0.454,1000
14,196,random,18,1d,0,196,378,9758,19516,17528,74088,0.01,0.001,6.19593007619474e-51,0.0,1000
14,196,random,18,1d,0,196,378,9758,19516,17528,74088,0.001,0.0001,9.971596055943038e-06,0.0,1000
14,196,random,18,1d,0,196,378,9758,19516,17528,74088,0.0001,1e-05,0.31627927639063563,0.409,1000
14,196,random,18,ancilla,14,210,266,3910,5554,40270,55860,0.01,0.001,2.7278578591102305e-35,0.0,1000
14,196,random,18,ancilla,14,210,266,3910,5554,40270,55860,0.001,0.0001,0.0003565066489204785,0.003,1000
14,196,random,18,ancilla,14,210,266,3910,5554,40270,55860,0.0001,1e-05,0.45215892145092373,0.541,1000
14,196,random,18,primitive,0,196,422,5798,7442,63864,82712,0.01,0.001,8.774014357383466e-54,0.0,1000
14,196,random,18,primitive,0,196,422,5798,7442,63864,82712,0.001,0.0001,5.09311833547561e-06,0.0,1000
14,196,random,18,primitive,0,196,422,5798,7442,63864,82712,0.0001,1e-05,0.2956815686982361,0.42,1000
14,196,random,18,pipelined,0,196,316,5174,6818,44336,61936,0.01,0.001,1.4190014357391502e-42,0.0,1000
14,196,random,18,pipelined,0,196,316,5174,6818,44336,61936,0.001,0.0001,6.702730925892562e-05,0.0,1000
14,196,random,18,pipelined,0,196,316,5174,6818,44336,61936,0.0001,1e-05,0.38259125135359034,0.481,1000
14,196,random,19,1d,0,196,370,9079,18158,18102,72520,0.01,0.001,3.209220944424422e-48,0.0,1000
14,196,random,19,1d,0,196,370,9079,18158,18102,72520,0.001,0.0001,1.857241681918299e-05,0.0,1000
14,196,random,19,1d,0,196,370,9079,18158,18102,72520,0.0001,1e-05,0.3365642193338417,0.412,1000
14,196,random,19,ancilla,14,210,268,3829,5392,40642,56280,0.01,0.001,4.2435819589227597e-35,0.0,1000
14,196,random,19,ancilla,14,210,268,3829,5392,40642,56280,0.001,0.0001,0.00037248305882651436,0.007,1000
14,196,random,19,ancilla,14,210,268,3829,5392,40642,56280,0.0001,1e-05,0.4541438965583169,0.56,1000
14,196,random,19,primitive,0,196,424,5717,7280,64222,83104,0.01,0.001,1.384179341507973e-53,0.0,1000
14,196,random,19,primitive,0,196,424,5717,7280,64222,83104,0.001,0.0001,5.328815705819961e-06,0.0,1000
14,196,random,19,primitive,0,196,424,5717,7280,64222,83104,0.0001,1e-05,0.2970211893759351,0.414,1000
14,196,random,19,pipelined,0,196,318,5093,6656,44694,62328,0.01,0.001,2.2386018450806622e-42,0.0,1000
14,196,random,19,pipelined,0,196,318,5093,6656,44694,62328,0.001,0.0001,7.012917328268996e-05,0.0,1000
14,196,random,19,pipelined,0,196,318,5093,6656,44694,62328,0.0001,1e-05,0.38432462673331524,0.502,1000
16,256,reverse,0,1d,0,256,510,30720,61440,3840,130560,0.01,0.001,1.7565188893991933e-136,0.0,1000
16,256,reverse,0,1d,0,256,510,30720,61440,3840,130560,0.001,0.0001,3.055068006055445e-14,0.0,1000
16,256,reverse,0,1d,0,256,510,30720,61440,3840,130560,0.0001,1e-05,0.04457626206945796,0.077,1000
16,256,reverse,0,ancilla,16,272,284,6814,10654,54916,77248,0.01,0.001,2.4921111355132197e-54,0.0,1000
16,256,reverse,0,ancilla,16,272,284,6814,10654,54916,77248,0.001,0.0001,4.5096822055024014e-06,0.0,1000
16,256,reverse,0,ancilla,16,272,284,6814,10654,54916,77248,0.0001,1e-05,0.2921181842294945,0.386,1000
16,256,reverse,0,primitive,0,256,460,9354,13194,90860,117760,0.01,0.001,4.918928142061045e-81,0.0,1000
16,256,reverse,0,primitive,0,256,460,9354,13194,90860,117760,0.001,0.0001,9.758428628826433e-09,0.0,1000
16,256,reverse,0,primitive,0,256,460,9354,13194,90860,117760,0.0001,1e-05,0.1581753080943411,0.244,1000
16,256,reverse,0,pipelined,0,256,338,8514,12354,61308,86528,0.01,0.001,1.581244260190812e-64,0.0,1000
16,256,reverse,0,pipelined,0,256,338,8514,12354,61308,86528,0.001,0.0001,4.3437118623042875e-07,0.0,1000
16,256,reverse,0,pipelined,0,256,338,8514,12354,61308,86528,0.0001,1e-05,0.2311876320390098,0.335,1000
16,256,transpose,0,1d,0,256,482,16320,32640,29056,123392,0.01,0.001,1.3842091832664076e-84,0.0,1000
16,256,transpose,0,1d,0,256,482,16320,32640,29056,123392,0.001,0.0001,4.4342349726796e-09,0.0,1000
16,256,transpose,0,1d,0,256,482,16320,32640,29056,123392,0.0001,1e-05,0.14621998301923492,0.198,1000
16,256,transpose,0,ancilla,16,272,312,5854,8734,60644,84864,0.01,0.001,1.2528444416114761e-52,0.0,1000
16,256,transpose,0,ancilla,16,272,312,5854,8734,60644,84864,0.001,0.0001,6.645090856281043e-06,0.0,1000
16,256,transpose,0,ancilla,16,272,312,5854,8734,60644,84864,0.0001,1e-05,0.3036522022204049,0.413,1000
16,256,transpose,0,primitive,0,256,488,8394,11274,96364,124928,0.01,0.001,3.0940751685411776e-79,0.0,1000
16,256,transpose,0,primitive,0,256,488,8394,11274,96364,124928,0.001,0.0001,1.4704950190096434e-08,0.0,1000
16,256,transpose,0,primitive,0,256,488,8394,11274,96364,124928,0.0001,1e-05,0.16478943179412497,0.267,1000
16,256,transpose,0,pipelined,0,256,366,7554,10434,66812,93696,0.01,0.001,9.94624938514489e-63,0.0,1000
16,256,transpose,0,pipelined,0,256,366,7554,10434,66812,93696,0.001,0.0001,6.545527871837002e-07,0.0,1000
16,256,transpose,0,pipelined,0,256,366,7554,10434,66812,93696,0.0001,1e-05,0.24085477676967856,0.345,1000
16,256,random,0,1d,0,256,496,16582,33164,30324,126976,0.01,0.001,2.79680238472248e-86,0.0,1000
16,256,random,0,1d,0,256,496,16582,33164,30324,126976,0.001,0.0001,3.0054210521383546e-09,0.0,1000
16,256,random,0,1d,0,256,496,16582,33164,30324,126976,0.0001,1e-05,0.14064385546061975,0.199,1000
16,256,random,0,ancilla,16,272,304,5328,7682,60608,82688,0.01,0.001,2.567007964198399e-50,0.0,1000
16,256,random,0,ancilla,16,272,304,5328,7682,60608,82688,0.001,0.0001,1.1288016998354358e-05,0.0,1000
16,256,random,0,ancilla,16,272,304,5328,7682,60608,82688,0.0001,1e-05,0.32016791956072344,0.45,1000
16,256,random,0,primitive,0,256,480,7868,10222,96392,122880,0.01,0.001,5.946373336277986e-77,0.0,1000
16,256,random,0,primitive,0,256,480,7868,10222,96392,122880,0.001,0.0001,2.4819936470875984e-08,0.0,1000
16,256,random,0,primitive,0,256,480,7868,10222,96392,122880,0.0001,1e-05,0.1736412026869359,0.282,1000
16,256,random,0,pipelined,0,256,358,7028,9382,66840,91648,0.01,0.001,1.9115279661315626e-60,0.0,1000
16,256,random,0,pipelined,0,256,358,7028,9382,66840,91648,0.001,0.0001,1.104795214177309e-06,0.0,1000
16,256,random,0,pipelined,0,256,358,7028,9382,66840,91648,0.0001,1e-05,0.2537924468568469,0.346,1000
16,256,random,1,1d,0,256,474,14790,29580,31092,121344,0.01,0.001,8.603754703959406e-79,0.0,1000
16,256,random,1,1d,0,256,474,14790,29580,31092,121344,0.001,0.0001,1.6718408753485582e-08,0.0,1000
16,256,random,1,1d,0,256,474,14790,29580,31092,121344,0.0001,1e-05,0.16696091939682842,0.248,1000
16,256,random,1,ancilla,16,272,306,5356,7738,60824,83232,0.01,0.001,1.5608390487964687e-50,0.0,1000
16,256,random,1,ancilla,16,272,306,5356,7738,60824,83232,0.001,0.0001,1.0741627683705957e-05,0.0,1000
16,256,random,1,ancilla,16,272,306,5356,7738,60824,83232,0.0001,1e-05,0.31858377045252534,0.44,1000
16,256,random,1,primitive,0,256,482,7896,10278,96592,123392,0.01,0.001,3.673967128870444e-77,0.0,1000
16,256,random,1,primitive,0,256,482,7896,10278,96592,123392,0.001,0.0001,2.3656364972834195e-08,0.0,1000
16,256,random,1,primitive,0,256,482,7896,10278,96592,123392,0.0001,1e-05,0.17280969614089664,0.298,1000
16,256,random,1,pipelined,0,256,360,7056,9438,67040,92160,0.01,0.001,1.1810376705812041e-60,0.0,1000
16,256,random,1,pipelined,0,256,360,7056,9438,67040,92160,0.001,0.0001,1.0530018413820914e-06,0.0,1000
16,256,random,1,pipelined,0,256,360,7056,9438,67040,92160,0.0001,1e-05,0.25257712423968404,0.372,1000
16,256,random,2,1d,0,256,464,17157,34314,25078,118784,0.01,0.001,1.6456877687693667e-86,0.0,1000
16,256,random,2,1d,0,256,464,17157,34314,25078,118784,0.001,0.0001,2.8569545513351824e-09,0.0,1000
16,256,random,2,1d,0,256,464,17157,34314,25078,118784,0.0001,1e-05,0.13993642808239443,0.235,1000
16,256,random,2,ancilla,16,272,314,5467,7960,61690,85408,0.01,0.001,2.1506885632333746e-51,0.0,1000
16,256,random,2,ancilla,16,272,314,5467,7960,61690,85408,0.001,0.0001,8.815105320918658e-06,0.0,1000
16,256,random,2,ancilla,16,272,314,5467,7960,61690,85408,0.0001,1e-05,0.31235015733148186,0.444,1000
16,256,random,2,primitive,0,256,490,8007,10500,97394,125440,0.01,0.001,5.397136771849655e-78,0.0,1000
16,256,random,2,primitive,0,256,490,8007,10500,97394,125440,0.001,0.0001,1.953822227036395e-08,0.0,1000
16,256,random,2,primitive,0,256,490,8007,10500,97394,125440,0.0001,1e-05,0.16953686089503975,0.278,1000
16,256,random,2,pipelined,0,256,368,7167,9660,67842,94208,0.01,0.001,1.7349697526535086e-61,0.0,1000
16,256,random,2,pipelined,0,256,368,7167,9660,67842,94208,0.001,0.0001,8.696933806885274e-07,0.0,1000
16,256,random,2,pipelined,0,256,368,7167,9660,67842,94208,0.0001,1e-05,0.24779357717624362,0.347,1000
16,256,random,3,1d,0,256,488,17008,34016,28448,124928,0.01,0.001,2.5257988889386893e-87,0.0,1000
16,256,random,3,1d,0,256,488,17008,34016,28448,124928,0.001,0.0001,2.3674511537621122e-09,0.0,1000
16,256,random,3,1d,0,256,488,17008,34016,28448,124928,0.0001,1e-05,0.13733027773128,0.196,1000
16,256,random,3,ancilla,16,272,308,5376,7778,61056,83776,0.01,0.001,1.0121742440933566e-50,0.0,1000
16,256,random,3,ancilla,16,272,308,5376,7778,61056,83776,0.001,0.0001,1.0287354929405043e-05,0.0,1000
16,256,random,3,ancilla,16,272,308,5376,7778,61056,83776,0.0001,1e-05,0.31721042165406027,0.449,1000
16,256,random,3,primitive,0,256,484,7916,10318,96808,123904,0.01,0.001,2.4209432832033097e-77,0.0,1000
16,256,random,3,primitive,0,256,484,7916,10318,96808,123904,0.001,0.0001,2.2692197070985307e-08,0.0,1000
16,256,random,3,primitive,0,256,484,7916,10318,96808,123904,0.0001,1e-05,0.17209228195239426,0.286,1000
16,256,random,3,pipelined,0,256,362,7076,9478,67256,92672,0.01,0.001,7.782391936322832e-61,0.0,1000
16,256,random,3,pipelined,0,256,362,7076,9478,67256,92672,0.001,0.0001,1.0100844034234588e-06,0.0,1000
16,256,random,3,pipelined,0,256,362,7076,9478,67256,92672,0.0001,1e-05,0.25152855800371926,0.387,1000
16,256,random,4,1d,0,256,498,16141,32282,31462,127488,0.01,0.001,7.534710404194927e-85,0.0,1000
16,256,random,4,1d,0,256,498,16141,32282,31462,127488,0.001,0.0001,4.1696522209745676e-09,0.0,1000
16,256,random,4,1d,0,256,498,16141,32282,31462,127488,0.0001,1e-05,0.14532214902832524,0.227,1000
16,256,random,4,ancilla,16,272,308,5363,7752,61082,83776,0.01,0.001,1.1238295470330187e-50,0.0,1000
16,256,random,4,ancilla,16,272,308,5363,7752,61082,83776,0.001,0.0001,1.0394967955219503e-05,0.001,1000
16,256,random,4,ancilla,16,272,308,5363,7752,61082,83776,0.0001,1e-05,0.3175405123281654,0.427,1000
16,256,random,4,primitive,0,256,484,7903,10292,96834,123904,0.01,0.001,2.6880031864395696e-77,0.0,1000
16,256,random,4,primitive,0,256,484,7903,10292,96834,123904,0.001,0.0001,2.2929573540052855e-08,0.0,1000
16,256,random,4,primitive,0,256,484,7903,10292,96834,123904,0.0001,1e-05,0.1722713619998333,0.274,1000
16,256,random,4,pipelined,0,256,362,7063,9452,67282,92672,0.01,0.001,8.640885752299804e-61,0.0,1000
16,256,random,4,pipelined,0,256,362,7063,9452,67282,92672,0.001,0.0001,1.0206506023858076e-06,0.0,1000
16,256,random,4,pipelined,0,256,362,7063,9452,67282,92672,0.0001,1e-05,0.25179029981798634,0.336,1000
16,256,random,5,1d,0,256,478,15205,30410,30774,122368,0.01,0.001,1.8258644047439278e-80,0.0,1000
16,256,random,5,1d,0,256,478,15205,30410,30774,122368,0.001,0.0001,1.1394199208650829e-08,0.0,1000
16,256,random,5,1d,0,256,478,15205,30410,30774,122368,0.0001,1e-05,0.16068367972880368,0.234,1000
16,256,random,5,ancilla,16,272,304,5371,7768,60522,82688,0.01,0.001,1.815969693436084e-50,0.0,1000
16,256,random,5,ancilla,16,272,304,5371,7768,60522,82688,0.001,0.0001,1.0906082227279133e-05,0.002,1000
16,256,random,5,ancilla,16,272,304,5371,7768,60522,82688,0.0001,1e-05,0.31906836688435974,0.425,1000
16,256,random,5,primitive,0,256,480,7911,10308,96306,122880,0.01,0.001,4.2066226186833315e-77,0.0,1000
16,256,random,5,primitive,0,256,480,7911,10308,96306,122880,0.001,0.0001,2.3980143551048904e-08,0.0,1000
16,256,random,5,primitive,0,256,480,7911,10308,96306,122880,0.0001,1e-05,0.17304486670985433,0.296,1000
16,256,random,5,pipelined,0,256,358,7071,9468,66754,91648,0.01,0.001,1.3522657128702803e-60,0.0,1000
16,256,random,5,pipelined,0,256,358,7071,9468,66754,91648,0.001,0.0001,1.0674140065415185e-06,0.0,1000
16,256,random,5,pipelined,0,256,358,7071,9468,66754,91648,0.0001,1e-05,0.2529208474643619,0.388,1000
16,256,random,6,1d,0,256,494,15960,31920,31312,126464,0.01,0.001,5.398500039106768e-84,0.0,1000
16,256,random,6,1d,0,256,494,15960,31920,31312,126464,0.001,0.0001,5.072957305461005e-09,0.0,1000
16,256,random,6,1d,0,256,494,15960,31920,31312,126464,0.0001,1e-05,0.14819869513303816,0.222,1000
16,256,random,6,ancilla,16,272,304,5380,7786,60504,82688,0.01,0.001,1.6890657657055537e-50,0.0,1000
16,256,random,6,ancilla,16,272,304,5380,7786,60504,82688,0.001,0.0001,1.0827792660554078e-05,0.0,1000
16,256,random,6,ancilla,16,272,304,5380,7786,60504,82688,0.0001,1e-05,0.3188387062811365,0.417,1000
16,256,random,6,primitive,0,256,480,7920,10326,96288,122880,0.01,0.001,3.912654644041143e-77,0.0,1000
16,256,random,6,primitive,0,256,480,7920,10326,96288,122880,0.001,0.0001,2.38080015288734e-08,0.0,1000
16,256,random,6,primitive,0,256,480,7920,10326,96288,122880,0.0001,1e-05,0.172920311621986,0.266,1000
16,256,random,6,pipelined,0,256,358,7080,9486,66736,91648,0.01,0.001,1.257766431897228e-60,0.0,1000
16,256,random,6,pipelined,0,256,358,7080,9486,66736,91648,0.001,0.0001,1.0597515500931925e-06,0.0,1000
16,256,random,6,pipelined,0,256,358,7080,9486,66736,91648,0.0001,1e-05,0.2527387988490021,0.369,1000
16,256,random,7,1d,0,256,494,17006,34012,29220,126464,0.01,0.001,1.19037908893725e-87,0.0,1000
16,256,random,7,1d,0,256,494,17006,34012,29220,126464,0.001,0.0001,2.1959418740484246e-09,0.0,1000
16,256,random,7,1d,0,256,494,17006,34012,29220,126464,0.0001,1e-05,0.1363014234704314,0.228,1000
16,256,random,7,ancilla,16,272,308,5462,7950,60884,83776,0.01,0.001,5.065450112465816e-51,0.0,1000
16,256,random,7,ancilla,16,272,308,5462,7950,60884,83776,0.001,0.0001,9.602978354667024e-06,0.0,1000
16,256,random,7,ancilla,16,272,308,5462,7950,60884,83776,0.0001,1e-05,0.31503537148303534,0.442,1000
16,256,random,7,primitive,0,256,484,8002,10490,96636,123904,0.01,0.001,1.211566832266134e-77,0.0,1000
16,256,random,7,primitive,0,256,484,8002,10490,96636,123904,0.001,0.0001,2.1182575967087114e-08,0.0,1000
16,256,random,7,primitive,0,256,484,8002,10490,96636,123904,0.0001,1e-05,0.17091227864310565,0.277,1000
16,256,random,7,pipelined,0,256,362,7162,9650,67084,92672,0.01,0.001,3.8947165805834894e-61,0.0,1000
16,256,random,7,pipelined,0,256,362,7162,9650,67084,92672,0.001,0.0001,9.428875283321452e-07,0.0,1000
16,256,random,7,pipelined,0,256,362,7162,9650,67084,92672,0.0001,1e-05,0.2498038755981069,0.369,1000
16,256,random,8,1d,0,256,496,16760,33520,29968,126976,0.01,0.001,6.674405849183642e-87,0.0,1000
16,256,random,8,1d,0,256,496,16760,33520,29968,126976,0.001,0.0001,2.606296885638581e-09,0.0,1000
16,256,random,8,1d,0,256,496,16760,33520,29968,126976,0.0001,1e-05,0.13865515828147776,0.212,1000
16,256,random,8,ancilla,16,272,310,5484,7994,61112,84320,0.01,0.001,3.2323891416117286e-51,0.0,1000
16,256,random,8,ancilla,16,272,310,5484,7994,61112,84320,0.001,0.0001,9.18214785336861e-06,0.0,1000
16,256,random,8,ancilla,16,272,310,5484,7994,61112,84320,0.0001,1e-05,0.3136271316692893,0.437,1000
16,256,random,8,primitive,0,256,486,8024,10534,96848,124416,0.01,0.001,7.856066674859024e-78,0.0,1000
16,256,random,8,primitive,0,256,486,8024,10534,96848,124416,0.001,0.0001,2.0286728179734867e-08,0.0,1000
16,256,random,8,primitive,0,256,486,8024,10534,96848,124416,0.0001,1e-05,0.17017550959753797,0.261,1000
16,256,random,8,pipelined,0,256,364,7184,9694,67296,93184,0.01,0.001,2.5254201684865726e-61,0.0,1000
16,256,random,8,pipelined,0,256,364,7184,9694,67296,93184,0.001,0.0001,9.030111833922841e-07,0.0,1000
16,256,random,8,pipelined,0,256,364,7184,9694,67296,93184,0.0001,1e-05,0.24872702047415265,0.379,1000
16,256,random,9,1d,0,256,502,16628,33256,31000,128512,0.01,0.001,8.956756622602968e-87,0.0,1000
16,256,random,9,1d,0,256,502,16628,33256,31000,128512,0.001,0.0001,2.6826128934107783e-09,0.0,1000
16,256,random,9,1d,0,256,502,16628,33256,31000,128512,0.0001,1e-05,0.13905514532763003,0.224,1000
16,256,random,9,ancilla,16,272,310,5460,7946,61160,84320,0.01,0.001,3.921230786262037e-51,0.0,1000
16,256,random,9,ancilla,16,272,310,5460,7946,61160,84320,0.001,0.0001,9.360258580321716e-06,0.001,1000
16,256,random,9,ancilla,16,272,310,5460,7946,61160,84320,0.0001,1e-05,0.3142299111657157,0.442,1000
16,256,random,9,primitive,0,256,486,8000,10486,96896,124416,0.01,0.001,9.530241921622185e-78,0.0,1000
16,256,random,9,primitive,0,256,486,8000,10486,96896,124416,0.001,0.0001,2.0680240020460353e-08,0.0,1000
16,256,random,9,primitive,0,256,486,8000,10486,96896,124416,0.0001,1e-05,0.17050258049677217,0.262,1000
16,256,random,9,pipelined,0,256,364,7160,9646,67344,93184,0.01,0.001,3.0636024559774736e-61,0.0,1000
16,256,random,9,pipelined,0,256,364,7160,9646,67344,93184,0.001,0.0001,9.205273441957478e-07,0.0,1000
16,256,random,9,pipelined,0,256,364,7160,9646,67344,93184,0.0001,1e-05,0.24920506440916254,0.373,1000
16,256,random,10,1d,0,256,488,17353,34706,27758,124928,0.01,0.001,1.571643454321463e-88,0.0,1000
16,256,random,10,1d,0,256,488,17353,34706,27758,124928,0.001,0.0001,1.7961486774859561e-09,0.0,1000
16,256,random,10,1d,0,256,488,17353,34706,27758,124928,0.0001,1e-05,0.13359156465369681,0.211,1000
16,256,random,10,ancilla,16,272,310,5467,7960,61146,84320,0.01,0.001,3.706396957731815e-51,0.0,1000
16,256,random,10,ancilla,16,272,310,5467,7960,61146,84320,0.001,0.0001,9.307955679506815e-06,0.0,1000
16,256,random,10,ancilla,16,272,310,5467,7960,61146,84320,0.0001,1e-05,0.31405398090473363,0.434,1000
16,256,random,10,primitive,0,256,486,8007,10500,96882,124416,0.01,0.001,9.008105258303512e-78,0.0,1000
16,256,random,10,primitive,0,256,486,8007,10500,96882,124416,0.001,0.0001,2.056468375314821e-08,0.0,1000
16,256,random,10,primitive,0,256,486,8007,10500,96882,124416,0.0001,1e-05,0.17040711993614752,0.276,1000
16,256,random,10,pipelined,0,256,364,7167,9660,67330,93184,0.01,0.001,2.895755807670493e-61,0.0,1000
16,256,random,10,pipelined,0,256,364,7167,9660,67330,93184,0.001,0.0001,9.153836561269062e-07,0.0,1000
16,256,random,10,pipelined,0,256,364,7167,9660,67330,93184,0.0001,1e-05,0.24906554009762608,0.354,1000
16,256,random,11,1d,0,256,494,16437,32874,30358,126464,0.01,0.001,1.1608742134465945e-85,0.0,1000
16,256,random,11,1d,0,256,494,16437,32874,30358,126464,0.001,0.0001,3.4628434354007795e-09,0.0,1000
16,256,random,11,1d,0,256,494,16437,32874,30358,126464,0.0001,1e-05,0.1426496423675776,0.217,1000
16,256,random,11,ancilla,16,272,308,5389,7804,61030,83776,0.01,0.001,9.116121774077695e-51,0.0,1000
16,256,random,11,ancilla,16,272,308,5389,7804,61030,83776,0.001,0.0001,1.0180855958330803e-05,0.0,1000
16,256,random,11,ancilla,16,272,308,5389,7804,61030,83776,0.0001,1e-05,0.31688067411681137,0.445,1000
16,256,random,11,primitive,0,256,484,7929,10344,96782,123904,0.01,0.001,2.180416455625725e-77,0.0,1000
16,256,random,11,primitive,0,256,484,7929,10344,96782,123904,0.001,0.0001,2.2457278021719688e-08,0.0,1000
16,256,random,11,primitive,0,256,484,7929,10344,96782,123904,0.0001,1e-05,0.171913388062788,0.239,1000
16,256,random,11,pipelined,0,256,362,7089,9504,67230,92672,0.01,0.001,7.009191648486139e-61,0.0,1000
16,256,random,11,pipelined,0,256,362,7089,9504,67230,92672,0.001,0.0001,9.99627590141431e-07,0.0,1000
16,256,random,11,pipelined,0,256,362,7089,9504,67230,92672,0.0001,1e-05,0.25126708827609495,0.349,1000
16,256,random,12,1d,0,256,486,16641,33282,28926,124416,0.01,0.001,6.260164170783977e-86,0.0,1000
16,256,random,12,1d,0,256,486,16641,33282,28926,124416,0.001,0.0001,3.258265980816148e-09,0.0,1000
16,256,random,12,1d,0,256,486,16641,33282,28926,124416,0.0001,1e-05,0.14178482935003195,0.233,1000
16,256,random,12,ancilla,16,272,310,5361,7748,61358,84320,0.01,0.001,8.699710628857828e-51,0.0,1000
16,256,random,12,ancilla,16,272,310,5361,7748,61358,84320,0.001,0.0001,1.0132230272884584e-05,0.001,1000
16,256,random,12,ancilla,16,272,310,5361,7748,61358,84320,0.0001,1e-05,0.31672864704263365,0.444,1000
16,256,random,12,primitive,0,256,486,7901,10288,97094,124416,0.01,0.001,2.1143960011636622e-77,0.0,1000
16,256,random,12,primitive,0,256,486,7901,10288,97094,124416,0.001,0.0001,2.238580827524808e-08,0.0,1000
16,256,random,12,primitive,0,256,486,7901,10288,97094,124416,0.0001,1e-05,0.17185840596040758,0.266,1000
16,256,random,12,pipelined,0,256,364,7061,9448,67542,93184,0.01,0.001,6.796961541319776e-61,0.0,1000
16,256,random,12,pipelined,0,256,364,7061,9448,67542,93184,0.001,0.0001,9.964462994095652e-07,0.0,1000
16,256,random,12,pipelined,0,256,364,7061,9448,67542,93184,0.0001,1e-05,0.2511867269212982,0.366,1000
16,256,random,13,1d,0,256,474,16001,32002,28670,121344,0.01,0.001,5.026853103548028e-83,0.0,1000
16,256,random,13,1d,0,256,474,16001,32002,28670,121344,0.001,0.0001,6.341508283233789e-09,0.0,1000
16,256,random,13,1d,0,256,474,16001,32002,28670,121344,0.0001,1e-05,0.1515436701366584,0.241,1000
16,256,random,13,ancilla,16,272,310,5413,7852,61254,84320,0.01,0.001,5.72432325870758e-51,0.0,1000
16,256,random,13,ancilla,16,272,310,5413,7852,61254,84320,0.001,0.0001,9.719128576771081e-06,0.001,1000
16,256,random,13,ancilla,16,272,310,5413,7852,61254,84320,0.0001,1e-05,0.315413712291356,0.434,1000
16,256,random,13,primitive,0,256,486,7953,10392,96990,124416,0.01,0.001,1.3912515857057307e-77,0.0,1000
16,256,random,13,primitive,0,256,486,7953,10392,96990,124416,0.001,0.0001,2.1473115302593805e-08,0.0,1000
16,256,random,13,primitive,0,256,486,7953,10392,96990,124416,0.0001,1e-05,0.17114491637742676,0.295,1000
16,256,random,13,pipelined,0,256,364,7113,9552,67438,93184,0.01,0.001,4.472333241804147e-61,0.0,1000
16,256,random,13,pipelined,0,256,364,7113,9552,67438,93184,0.001,0.0001,9.558201346574956e-07,0.0,1000
16,256,random,13,pipelined,0,256,364,7113,9552,67438,93184,0.0001,1e-05,0.2501438968540702,0.381,1000
16,256,random,14,1d,0,256,498,16359,32718,31026,127488,0.01,0.001,1.303125132001217e-85,0.0,1000
16,256,random,14,1d,0,256,498,16359,32718,31026,127488,0.001,0.0001,3.5019702529031088e-09,0.0,1000
16,256,random,14,1d,0,256,498,16359,32718,31026,127488,0.0001,1e-05,0.14280955039985874,0.208,1000
16,256,random,14,ancilla,16,272,306,5421,7868,60694,83232,0.01,0.001,9.249799118281086e-51,0.0,1000
16,256,random,14,ancilla,16,272,306,5421,7868,60694,83232,0.001,0.0001,1.0197012236342726e-05,0.0,1000
16,256,random,14,ancilla,16,272,306,5421,7868,60694,83232,0.0001,1e-05,0.3169313336930387,0.418,1000
16,256,random,14,primitive,0,256,482,7961,10408,96462,123392,0.01,0.001,2.1772557481454276e-77,0.0,1000
16,256,random,14,primitive,0,256,482,7961,10408,96462,123392,0.001,0.0001,2.2456954401919396e-08,0.0,1000
16,256,random,14,primitive,0,256,482,7961,10408,96462,123392,0.0001,1e-05,0.1719133633054439,0.24,1000
16,256,random,14,pipelined,0,256,360,7121,9568,66910,92160,0.01,0.001,6.999031202110379e-61,0.0,1000
16,256,random,14,pipelined,0,256,360,7121,9568,66910,92160,0.001,0.0001,9.996131850438598e-07,0.001,1000
16,256,random,14,pipelined,0,256,360,7121,9568,66910,92160,0.0001,1e-05,0.25126705209097966,0.354,1000
16,256,random,15,1d,0,256,480,16230,32460,28980,122880,0.01,0.001,3.6902612017173887e-84,0.0,1000
16,256,random,15,1d,0,256,480,16230,32460,28980,122880,0.001,0.0001,4.8890622355509984e-09,0.0,1000
16,256,random,15,1d,0,256,480,16230,32460,28980,122880,0.0001,1e-05,0.1476541440582216,0.224,1000
16,256,random,15,ancilla,16,272,310,5366,7758,61348,84320,0.01,0.001,8.35652848717353e-51,0.0,1000
16,256,random,15,ancilla,16,272,310,5366,7758,61348,84320,0.001,0.0001,1.0091757560031164e-05,0.001,1000
16,256,random,15,ancilla,16,272,310,5366,7758,61348,84320,0.0001,1e-05,0.31660197316145505,0.419,1000
16,256,random,15,primitive,0,256,486,7906,10298,97084,124416,0.01,0.001,2.030988290378306e-77,0.0,1000
16,256,random,15,primitive,0,256,486,7906,10298,97084,124416,0.001,0.0001,2.2296389226735094e-08,0.0,1000
16,256,random,15,primitive,0,256,486,7906,10298,97084,124416,0.0001,1e-05,0.17178967213573004,0.27,1000
16,256,random,15,pipelined,0,256,364,7066,9458,67532,93184,0.01,0.001,6.528838161335335e-61,0.0,1000
16,256,random,15,pipelined,0,256,364,7066,9458,67532,93184,0.001,0.0001,9.924660419673531e-07,0.0,1000
16,256,random,15,pipelined,0,256,364,7066,9458,67532,93184,0.0001,1e-05,0.25108626617075736,0.371,1000
16,256,random,16,1d,0,256,454,15958,31916,26196,116224,0.01,0.001,9.203753010368087e-82,0.0,1000
16,256,random,16,1d,0,256,454,15958,31916,26196,116224,0.001,0.0001,8.47864394515031e-09,0.0,1000
16,256,random,16,1d,0,256,454,15958,31916,26196,116224,0.0001,1e-05,0.15600907425436528,0.246,1000
16,256,random,16,ancilla,16,272,306,5418,7862,60700,83232,0.01,0.001,9.475882058727139e-51,0.0,1000
16,256,random,16,ancilla,16,272,306,5418,7862,60700,83232,0.001,0.0001,1.0221529492459261e-05,0.0,1000
16,256,random,16,ancilla,16,272,306,5418,7862,60700,83232,0.0001,1e-05,0.3170074110018031,0.435,1000
16,256,random,16,primitive,0,256,482,7958,10402,96468,123392,0.01,0.001,2.230472080235379e-77,0.0,1000
16,256,random,16,primitive,0,256,482,7958,10402,96468,123392,0.001,0.0001,2.251094893383796e-08,0.0,1000
16,256,random,16,primitive,0,256,482,7958,10402,96468,123392,0.0001,1e-05,0.17195462999204286,0.275,1000
16,256,random,16,pipelined,0,256,360,7118,9562,66916,92160,0.01,0.001,7.170101031218283e-61,0.0,1000
16,256,random,16,pipelined,0,256,360,7118,9562,66916,92160,0.001,0.0001,1.0020166118425292e-06,0.0,1000
16,256,random,16,pipelined,0,256,360,7118,9562,66916,92160,0.0001,1e-05,0.2513273671153147,0.345,1000
16,256,random,17,1d,0,256,500,16537,33074,30926,128000,0.01,0.001,2.407143251883039e-86,0.0,1000
16,256,random,17,1d,0,256,500,16537,33074,30926,128000,0.001,0.0001,2.9601418224155456e-09,0.0,1000
16,256,random,17,1d,0,256,500,16537,33074,30926,128000,0.0001,1e-05,0.14043026656175214,0.209,1000
16,256,random,17,ancilla,16,272,308,5413,7852,60982,83776,0.01,0.001,7.514694911448617e-51,0.0,1000
16,256,random,17,ancilla,16,272,308,5413,7852,60982,83776,0.001,0.0001,9.987130577756879e-06,0.0,1000
16,256,random,17,ancilla,16,272,308,5413,7852,60982,83776,0.0001,1e-05,0.31627280972712685,0.445,1000
16,256,random,17,primitive,0,256,484,7953,10392,96734,123904,0.01,0.001,1.7973832348885228e-77,0.0,1000
16,256,random,17,primitive,0,256,484,7953,10392,96734,123904,0.001,0.0001,2.202995199439759e-08,0.0,1000
16,256,random,17,primitive,0,256,484,7953,10392,96734,123904,0.0001,1e-05,0.17158361084616014,0.296,1000
16,256,random,17,pipelined,0,256,362,7113,9552,67182,92672,0.01,0.001,5.7778886811300755e-61,0.0,1000
16,256,random,17,pipelined,0,256,362,7113,9552,67182,92672,0.001,0.0001,9.806062783651969e-07,0.0,1000
16,256,random,17,pipelined,0,256,362,7113,9552,67182,92672,0.0001,1e-05,0.25078508881150635,0.355,1000
16,256,random,18,1d,0,256,470,15787,31574,28586,120320,0.01,0.001,4.6974648541878666e-82,0.0,1000
16,256,random,18,1d,0,256,470,15787,31574,28586,120320,0.001,0.0001,7.921844983300712e-09,0.0,1000
16,256,random,18,1d,0,256,470,15787,31574,28586,120320,0.0001,1e-05,0.15495192529322982,0.223,1000
16,256,random,18,ancilla,16,272,306,5333,7692,60870,83232,0.01,0.001,1.8782833307476376e-50,0.0,1000
16,256,random,18,ancilla,16,272,306,5333,7692,60870,83232,0.001,0.0001,1.0941226570519024e-05,0.0,1000
16,256,random,18,ancilla,16,272,306,5333,7692,60870,83232,0.0001,1e-05,0.31917054019264735,0.445,1000
16,256,random,18,primitive,0,256,482,7873,10232,96638,123392,0.01,0.001,4.421180531838399e-77,0.0,1000
16,256,random,18,primitive,0,256,482,7873,10232,96638,123392,0.001,0.0001,2.4095943056683052e-08,0.0,1000
16,256,random,18,primitive,0,256,482,7873,10232,96638,123392,0.0001,1e-05,0.17312797820639897,0.272,1000
16,256,random,18,pipelined,0,256,360,7033,9392,67086,92160,0.01,0.001,1.4212377447554246e-60,0.0,1000
16,256,random,18,pipelined,0,256,360,7033,9392,67086,92160,0.001,0.0001,1.0725685217345298e-06,0.0,1000
16,256,random,18,pipelined,0,256,360,7033,9392,67086,92160,0.0001,1e-05,0.25304232249300485,0.362,1000
16,256,random,19,1d,0,256,486,16414,32828,29380,124416,0.01,0.001,3.8916000790683797e-85,0.0,1000
16,256,random,19,1d,0,256,486,16414,32828,29380,124416,0.001,0.0001,3.9075338719160515e-09,0.0,1000
16,256,random,19,1d,0,256,486,16414,32828,29380,124416,0.0001,1e-05,0.14438332392446063,0.212,1000
16,256,random,19,ancilla,16,272,306,5444,7914,60648,83232,0.01,0.001,7.686512157667683e-51,0.0,1000
16,256,random,19,ancilla,16,272,306,5444,7914,60648,83232,0.001,0.0001,1.0010989921744346e-05,0.0,1000
16,256,random,19,ancilla,16,272,306,5444,7914,60648,83232,0.0001,1e-05,0.3163486805565827,0.432,1000
16,256,random,19,primitive,0,256,482,7984,10454,96416,123392,0.01,0.001,1.8092828357100227e-77,0.0,1000
16,256,random,19,primitive,0,256,482,7984,10454,96416,123392,0.001,0.0001,2.2047276102055593e-08,0.0,1000
16,256,random,19,primitive,0,256,482,7984,10454,96416,123392,0.0001,1e-05,0.17159731421316443,0.252,1000
16,256,random,19,pipelined,0,256,360,7144,9614,66864,92160,0.01,0.001,5.8161412738782094e-61,0.0,1000
16,256,random,19,pipelined,0,256,360,7144,9614,66864,92160,0.001,0.0001,9.813774161661704e-07,0.0,1000
16,256,random,19,pipelined,0,256,360,7144,9614,66864,92160,0.0001,1e-05,0.2508051175315819,0.357,1000
18,324,reverse,0,1d,0,324,646,49572,99144,5508,209304,0.01,0.001,1.7162309848172974e-219,0.0,1000
18,324,reverse,0,1d,0,324,646,49572,99144,5508,209304,0.001,0.0001,1.6640293286427527e-22,0.0,1000
18,324,reverse,0,1d,0,324,646,49572,99144,5508,209304,0.0001,1e-05,0.0066540595499704714,0.015,1000
18,324,reverse,0,ancilla,18,342,320,9286,14794,78556,109440,0.01,0.001,2.1622709474310084e-75,0.0,1000
18,324,reverse,0,ancilla,18,342,320,9286,14794,78556,109440,0.001,0.0001,3.575274084174717e-08,0.0,1000
18,324,reverse,0,ancilla,18,342,320,9286,14794,78556,109440,0.0001,1e-05,0.18010588322146553,0.245,1000
18,324,reverse,0,primitive,0,324,516,12574,18082,130372,167184,0.01,0.001,2.9428482457691874e-112,0.0,1000
18,324,reverse,0,primitive,0,324,516,12574,18082,130372,167184,0.001,0.0001,7.484827847866257e-12,0.0,1000
18,324,reverse,0,primitive,0,324,516,12574,18082,130372,167184,0.0001,1e-05,0.07721284939747451,0.148,1000
18,324,reverse,0,pipelined,0,324,378,11486,16994,87836,122472,0.01,0.001,5.0126682718298484e-89,0.0,1000
18,324,reverse,0,pipelined,0,324,378,11486,16994,87836,122472,0.001,0.0001,1.564364695374009e-09,0.0,1000
18,324,reverse,0,pipelined,0,324,378,11486,16994,87836,122472,0.0001,1e-05,0.13172724424859245,0.249,1000
18,324,transpose,0,1d,0,324,614,26163,52326,47142,198936,0.01,0.001,2.088537151169196e-135,0.0,1000
18,324,transpose,0,1d,0,324,614,26163,52326,47142,198936,0.001,0.0001,3.840741122605706e-14,0.0,1000
18,324,transpose,0,1d,0,324,614,26163,52326,47142,198936,0.0001,1e-05,0.04559974380290461,0.093,1000
18,324,transpose,0,ancilla,18,342,352,7813,11848,86974,120384,0.01,0.001,1.2780515084186775e-72,0.0,1000
18,324,transpose,0,ancilla,18,342,352,7813,11848,86974,120384,0.001,0.0001,6.725704905601831e-08,0.0,1000
18,324,transpose,0,ancilla,18,342,352,7813,11848,86974,120384,0.0001,1e-05,0.1918419512862076,0.309,1000
18,324,transpose,0,primitive,0,324,548,11101,15136,138502,177552,0.01,0.001,2.320307278749631e-109,0.0,1000
18,324,transpose,0,primitive,0,324,548,11101,15136,138502,177552,0.001,0.0001,1.4491675145398778e-11,0.0,1000
18,324,transpose,0,primitive,0,324,548,11101,15136,138502,177552,0.0001,1e-05,0.08248140262004645,0.168,1000
18,324,transpose,0,pipelined,0,324,410,10013,14048,95966,132840,0.01,0.001,3.952269945895254e-86,0.0,1000
18,324,transpose,0,pipelined,0,324,410,10013,14048,95966,132840,0.001,0.0001,3.0288291775145632e-09,0.0,1000
18,324,transpose,0,pipelined,0,324,410,10013,14048,95966,132840,0.0001,1e-05,0.14071554091944607,0.249,1000
18,324,random,0,1d,0,324,626,26170,52340,49072,202824,0.01,0.001,2.8228047742099814e-136,0.0,1000
18,324,random,0,1d,0,324,626,26170,52340,49072,202824,0.001,0.0001,3.144491511987465e-14,0.0,1000
18,324,random,0,1d,0,324,626,26170,52340,49072,202824,0.0001,1e-05,0.044696802500976004,0.078,1000
18,324,random,0,ancilla,18,342,342,7270,10762,86350,116964,0.01,0.001,5.594651486698498e-70,0.0,1000
18,324,random,0,ancilla,18,342,342,7270,10762,86350,116964,0.001,0.0001,1.2324775934606258e-07,0.0,1000
18,324,random,0,ancilla,18,342,342,7270,10762,86350,116964,0.0001,1e-05,0.20381538508506583,0.331,1000
18,324,random,0,primitive,0,324,538,10558,14050,137968,174312,0.01,0.001,9.282482160652508e-107,0.0,1000
18,324,random,0,primitive,0,324,538,10558,14050,137968,174312,0.001,0.0001,2.6317883996680074e-11,0.0,1000
18,324,random,0,primitive,0,324,538,10558,14050,137968,174312,0.0001,1e-05,0.08755048400322231,0.188,1000
18,324,random,0,pipelined,0,324,400,9470,12962,95432,129600,0.01,0.001,1.5811214145147879e-83,0.0,1000
18,324,random,0,pipelined,0,324,400,9470,12962,95432,129600,0.001,0.0001,5.500563195062891e-09,0.0,1000
18,324,random,0,pipelined,0,324,400,9470,12962,95432,129600,0.0001,1e-05,0.1493635331472713,0.229,1000
18,324,random,1,1d,0,324,634,24782,49564,53144,205416,0.01,0.001,5.49159875745111e-132,0.0,1000
18,324,random,1,1d,0,324,634,24782,49564,53144,205416,0.001,0.0001,8.390719698679463e-14,0.0,1000
18,324,random,1,1d,0,324,634,24782,49564,53144,205416,0.0001,1e-05,0.04930318599008127,0.09,1000
18,324,random,1,ancilla,18,342,350,7340,10902,87578,119700,0.01,0.001,8.103193338421774e-71,0.0,1000
18,324,random,1,ancilla,18,342,350,7340,10902,87578,119700,0.001,0.0001,1.0163169744856817e-07,0.0,1000
18,324,random,1,ancilla,18,342,350,7340,10902,87578,119700,0.0001,1e-05,0.19992338089239325,0.326,1000
18,324,random,1,primitive,0,324,546,10628,14190,139124,176904,0.01,0.001,1.4448811800925916e-107,0.0,1000
18,324,random,1,primitive,0,324,546,10628,14190,139124,176904,0.001,0.0001,2.18588943814639e-11,0.0,1000
18,324,random,1,primitive,0,324,546,10628,14190,139124,176904,0.0001,1e-05,0.08594049852670371,0.163,1000
18,324,random,1,pipelined,0,324,408,9540,13102,96588,132192,0.01,0.001,2.4611225055273406e-84,0.0,1000
18,324,random,1,pipelined,0,324,408,9540,13102,96588,132192,0.001,0.0001,4.5686131124605166e-09,0.0,1000
18,324,random,1,pipelined,0,324,408,9540,13102,96588,132192,0.0001,1e-05,0.1466168536534177,0.24,1000
18,324,random,2,1d,0,324,620,27322,54644,45796,200880,0.01,0.001,7.012705344149372e-140,0.0,1000
18,324,random,2,1d,0,324,620,27322,54644,45796,200880,0.001,0.0001,1.3780813318083175e-14,0.0,1000
18,324,random,2,1d,0,324,620,27322,54644,45796,200880,0.0001,1e-05,0.04115956613865296,0.081,1000
18,324,random,2,ancilla,18,342,344,7320,10862,86592,117648,0.01,0.001,2.6569349295635386e-70,0.0,1000
18,324,random,2,ancilla,18,342,344,7320,10862,86592,117648,0.001,0.0001,1.1443081519308128e-07,0.0,1000
18,324,random,2,ancilla,18,342,344,7320,10862,86592,117648,0.0001,1e-05,0.20230861871858138,0.299,1000
18,324,random,2,primitive,0,324,540,10608,14150,138192,174960,0.01,0.001,4.4884171772974203e-107,0.0,1000
18,324,random,2,primitive,0,324,540,10608,14150,138192,174960,0.001,0.0001,2.447917047411038e-11,0.0,1000
18,324,random,2,primitive,0,324,540,10608,14150,138192,174960,0.0001,1e-05,0.08691888485988462,0.16,1000
18,324,random,2,pipelined,0,324,402,9520,13062,95656,130248,0.01,0.001,7.64529615406458e-84,0.0,1000
18,324,random,2,pipelined,0,324,402,9520,13062,95656,130248,0.001,0.0001,5.1162633049278355e-09,0.0,1000
18,324,random,2,pipelined,0,324,402,9520,13062,95656,130248,0.0001,1e-05,0.1482860076412075,0.244,1000
18,324,random,3,1d,0,324,630,24732,49464,52596,204120,0.01,0.001,1.5705491075794725e-131,0.0,1000
18,324,random,3,1d,0,324,630,24732,49464,52596,204120,0.001,0.0001,9.318056288356772e-14,0.0,1000
18,324,random,3,1d,0,324,630,24732,49464,52596,204120,0.0001,1e-05,0.04982261417821875,0.112,1000
18,324,random,3,ancilla,18,342,348,7250,10722,87416,119016,0.01,0.001,2.354396452445294e-70,0.0,1000
18,324,random,3,ancilla,18,342,348,7250,10722,87416,119016,0.001,0.0001,1.1302412701468586e-07,0.0,1000
18,324,random,3,ancilla,18,342,348,7250,10722,87416,119016,0.0001,1e-05,0.20205797390212826,0.31,1000
18,324,random,3,primitive,0,324,544,10538,14010,138980,176256,0.01,0.001,4.123199191065486e-107,0.0,1000
18,324,random,3,primitive,0,324,544,10538,14010,138980,176256,0.001,0.0001,2.4265453066708494e-11,0.0,1000
18,324,random,3,primitive,0,324,544,10538,14010,138980,176256,0.0001,1e-05,0.08684245686159982,0.156,1000
18,324,random,3,pipelined,0,324,406,9450,12922,96444,131544,0.01,0.001,7.02320610422312e-84,0.0,1000
18,324,random,3,pipelined,0,324,406,9450,12922,96444,131544,0.001,0.0001,5.071595348132854e-09,0.0,1000
18,324,random,3,pipelined,0,324,406,9450,12922,96444,131544,0.0001,1e-05,0.1481556193745387,0.256,1000
18,324,random,4,1d,0,324,624,26595,53190,47898,202176,0.01,0.001,1.2757200168684434e-137,0.0,1000
18,324,random,4,1d,0,324,624,26595,53190,47898,202176,0.001,0.0001,2.3113815614270806e-14,0.0,1000
18,324,random,4,1d,0,324,624,26595,53190,47898,202176,0.0001,1e-05,0.04334276969196353,0.082,1000
18,324,random,4,ancilla,18,342,344,7333,10888,86566,117648,0.01,0.001,2.392961736088967e-70,0.0,1000
18,324,random,4,ancilla,18,342,344,7333,10888,86566,117648,0.001,0.0001,1.1324617986545051e-07,0.0,1000
18,324,random,4,ancilla,18,342,344,7333,10888,86566,117648,0.0001,1e-05,0.20209831425115932,0.325,1000
18,324,random,4,primitive,0,324,540,10621,14176,138166,174960,0.01,0.001,4.0424815983888483e-107,0.0,1000
18,324,random,4,primitive,0,324,540,10621,14176,138166,174960,0.001,0.0001,2.4225751933957564e-11,0.0,1000
18,324,random,4,primitive,0,324,540,10621,14176,138166,174960,0.0001,1e-05,0.08682853067771899,0.18,1000
18,324,random,4,pipelined,0,324,402,9533,13088,95630,130248,0.01,0.001,6.88571667833432e-84,0.0,1000
18,324,random,4,pipelined,0,324,402,9533,13088,95630,130248,0.001,0.0001,5.063297622159153e-09,0.0,1000
18,324,random,4,pipelined,0,324,402,9533,13088,95630,130248,0.0001,1e-05,0.14813186092189987,0.238,1000
18,324,random,5,1d,0,324,612,26372,52744,46400,198288,0.01,0.001,5.3703873620220894e-136,0.0,1000
18,324,random,5,1d,0,324,612,26372,52744,46400,198288,0.001,0.0001,3.35604933550708e-14,0.0,1000
18,324,random,5,1d,0,324,612,26372,52744,46400,198288,0.0001,1e-05,0.04498913832938838,0.094,1000
18,324,random,5,ancilla,18,342,350,7390,11002,87478,119700,0.01,0.001,5.418350666031506e-71,0.0,1000
18,324,random,5,ancilla,18,342,350,7390,11002,87478,119700,0.001,0.0001,9.76442676524343e-08,0.0,1000
18,324,random,5,ancilla,18,342,350,7390,11002,87478,119700,0.0001,1e-05,0.19912523583648362,0.334,1000
18,324,random,5,primitive,0,324,546,10678,14290,139024,176904,0.01,0.001,9.661466260924586e-108,0.0,1000
18,324,random,5,primitive,0,324,546,10678,14290,139024,176904,0.001,0.0001,2.1001279986001294e-11,0.0,1000
18,324,random,5,primitive,0,324,546,10678,14290,139024,176904,0.0001,1e-05,0.08559740216801211,0.151,1000
18,324,random,5,pipelined,0,324,408,9590,13202,96488,132192,0.01,0.001,1.6456752554304033e-84,0.0,1000
18,324,random,5,pipelined,0,324,408,9590,13202,96488,132192,0.001,0.0001,4.389367616134414e-09,0.0,1000
18,324,random,5,pipelined,0,324,408,9590,13202,96488,132192,0.0001,1e-05,0.14603152183112583,0.27,1000
18,324,random,6,1d,0,324,620,26393,52786,47654,200880,0.01,0.001,1.2401292017351014e-136,0.0,1000
18,324,random,6,1d,0,324,620,26393,52786,47654,200880,0.001,0.0001,2.8989474178975896e-14,0.0,1000
18,324,random,6,1d,0,324,620,26393,52786,47654,200880,0.0001,1e-05,0.04433528771905272,0.093,1000
18,324,random,6,ancilla,18,342,350,7305,10832,87648,119700,0.01,0.001,1.0740105958557492e-70,0.0,1000
18,324,random,6,ancilla,18,342,350,7305,10832,87648,119700,0.001,0.0001,1.0451939276659514e-07,0.0,1000
18,324,random,6,ancilla,18,342,350,7305,10832,87648,119700,0.0001,1e-05,0.20048398517584592,0.305,1000
18,324,random,6,primitive,0,324,546,10593,14120,139194,176904,0.01,0.001,1.9150693218856896e-107,0.0,1000
18,324,random,6,primitive,0,324,546,10593,14120,139194,176904,0.001,0.0001,2.2479978438379736e-11,0.0,1000
18,324,random,6,primitive,0,324,546,10593,14120,139194,176904,0.0001,1e-05,0.08618148390510753,0.193,1000
18,324,random,6,pipelined,0,324,408,9505,13032,96658,132192,0.01,0.001,3.262012318158797e-84,0.0,1000
18,324,random,6,pipelined,0,324,408,9505,13032,96658,132192,0.001,0.0001,4.698422640648365e-09,0.0,1000
18,324,random,6,pipelined,0,324,408,9505,13032,96658,132192,0.0001,1e-05,0.14702798133552056,0.239,1000
18,324,random,7,1d,0,324,602,26980,53960,43564,195048,0.01,0.001,2.034601304391696e-137,0.0,1000
18,324,random,7,1d,0,324,602,26980,53960,43564,195048,0.001,0.0001,2.4255892081536966e-14,0.0,1000
18,324,random,7,1d,0,324,602,26980,53960,43564,195048,0.0001,1e-05,0.04355298277533142,0.07,1000
18,324,random,7,ancilla,18,342,348,7320,10862,87276,119016,0.01,0.001,1.3402162052054815e-70,0.0,1000
18,324,random,7,ancilla,18,342,348,7320,10862,87276,119016,0.001,0.0001,1.0686506736707015e-07,0.0,1000
18,324,random,7,ancilla,18,342,348,7320,10862,87276,119016,0.0001,1e-05,0.20092954268795,0.3,1000
18,324,random,7,primitive,0,324,544,10608,14150,138840,176256,0.01,0.001,2.347089152048617e-107,0.0,1000
18,324,random,7,primitive,0,324,544,10608,14150,138840,176256,0.001,0.0001,2.2943148026521293e-11,0.0,1000
18,324,random,7,primitive,0,324,544,10608,14150,138840,176256,0.0001,1e-05,0.08635746863200376,0.17,1000
18,324,random,7,pipelined,0,324,406,9520,13062,96304,131544,0.01,0.001,3.997888555940471e-84,0.0,1000
18,324,random,7,pipelined,0,324,406,9520,13062,96304,131544,0.001,0.0001,4.795227292189699e-09,0.0,1000
18,324,random,7,pipelined,0,324,406,9520,13062,96304,131544,0.0001,1e-05,0.14732821611878238,0.241,1000
18,324,random,8,1d,0,324,618,26776,53552,46564,200232,0.01,0.001,7.858945890623449e-138,0.0,1000
18,324,random,8,1d,0,324,618,26776,53552,46564,200232,0.001,0.0001,2.2037523792402936e-14,0.0,1000
18,324,random,8,1d,0,324,618,26776,53552,46564,200232,0.0001,1e-05,0.04313691218736297,0.104,1000
18,324,random,8,ancilla,18,342,350,7284,10790,87690,119700,0.01,0.001,1.2718034095570818e-70,0.0,1000
18,324,random,8,ancilla,18,342,350,7284,10790,87690,119700,0.001,0.0001,1.0629124576300742e-07,0.0,1000
18,324,random,8,ancilla,18,342,350,7284,10790,87690,119700,0.0001,1e-05,0.2008211020183384,0.325,1000
18,324,random,8,primitive,0,324,546,10572,14078,139236,176904,0.01,0.001,2.2677538773923918e-107,0.0,1000
18,324,random,8,primitive,0,324,546,10572,14078,139236,176904,0.001,0.0001,2.2861067689867016e-11,0.0,1000
18,324,random,8,primitive,0,324,546,10572,14078,139236,176904,0.0001,1e-05,0.08632639936910295,0.174,1000
18,324,random,8,pipelined,0,324,408,9484,12990,96700,132192,0.01,0.001,3.8627536862855723e-84,0.0,1000
18,324,random,8,pipelined,0,324,408,9484,12990,96700,132192,0.001,0.0001,4.778072110606871e-09,0.0,1000
18,324,random,8,pipelined,0,324,408,9484,12990,96700,132192,0.0001,1e-05,0.14727521110194003,0.245,1000
18,324,random,9,1d,0,324,630,26174,52348,49712,204120,0.01,0.001,1.4293351906648794e-136,0.0,1000
18,324,random,9,1d,0,324,630,26174,52348,49712,204120,0.001,0.0001,2.937758848216483e-14,0.0,1000
18,324,random,9,1d,0,324,630,26174,52348,49712,204120,0.0001,1e-05,0.04439389298711907,0.093,1000
18,324,random,9,ancilla,18,342,350,7292,10806,87674,119700,0.01,0.001,1.1924872110635359e-70,0.0,1000
18,324,random,9,ancilla,18,342,350,7292,10806,87674,119700,0.001,0.0001,1.0561273971428851e-07,0.0,1000
18,324,random,9,ancilla,18,342,350,7292,10806,87674,119700,0.0001,1e-05,0.20069260976475098,0.316,1000
18,324,random,9,primitive,0,324,546,10580,14094,139220,176904,0.01,0.001,2.1263250879095865e-107,0.0,1000
18,324,random,9,primitive,0,324,546,10580,14094,139220,176904,0.001,0.0001,2.2715134950097156e-11,0.0,1000
18,324,random,9,primitive,0,324,546,10580,14094,139220,176904,0.0001,1e-05,0.08627116476732286,0.161,1000
18,324,random,9,pipelined,0,324,408,9492,13006,96684,132192,0.01,0.001,3.621852509412802e-84,0.0,1000
18,324,random,9,pipelined,0,324,408,9492,13006,96684,132192,0.001,0.0001,4.747571472431171e-09,0.0,1000
18,324,random,9,pipelined,0,324,408,9492,13006,96684,132192,0.0001,1e-05,0.14718097935247818,0.245,1000
18,324,random,10,1d,0,324,626,26564,53128,48284,202824,0.01,0.001,1.1839757099712185e-137,0.0,1000
18,324,random,10,1d,0,324,626,26564,53128,48284,202824,0.001,0.0001,2.293912797085234e-14,0.0,1000
18,324,random,10,1d,0,324,626,26564,53128,48284,202824,0.0001,1e-05,0.04330984757880772,0.105,1000
18,324,random,10,ancilla,18,342,346,7192,10606,87190,118332,0.01,0.001,5.2873488942922294e-70,0.0,1000
18,324,random,10,ancilla,18,342,346,7192,10606,87190,118332,0.001,0.0001,1.2251475341197617e-07,0.0,1000
18,324,random,10,ancilla,18,342,346,7192,10606,87190,118332,0.0001,1e-05,0.20369320342391734,0.321,1000
18,324,random,10,primitive,0,324,542,10480,13894,138772,175608,0.01,0.001,9.09434610795362e-107,0.0,1000
18,324,random,10,primitive,0,324,542,10480,13894,138772,175608,0.001,0.0001,2.625571589497338e-11,0.0,1000
18,324,random,10,primitive,0,324,542,10480,13894,138772,175608,0.0001,1e-05,0.08752950502838489,0.16,1000
18,324,random,10,pipelined,0,324,404,9392,12806,96236,130896,0.01,0.001,1.5490754663926983e-83,0.0,1000
18,324,random,10,pipelined,0,324,404,9392,12806,96236,130896,0.001,0.0001,5.487569765492418e-09,0.0,1000
18,324,random,10,pipelined,0,324,404,9392,12806,96236,130896,0.0001,1e-05,0.14932774243932492,0.235,1000
18,324,random,11,1d,0,324,612,26594,53188,45956,198288,0.01,0.001,8.99377545548056e-137,0.0,1000
18,324,random,11,1d,0,324,612,26594,53188,45956,198288,0.001,0.0001,2.809637960251128e-14,0.0,1000
18,324,random,11,1d,0,324,612,26594,53188,45956,198288,0.0001,1e-05,0.04419713651709259,0.088,1000
18,324,random,11,ancilla,18,342,348,7140,10502,87636,119016,0.01,0.001,5.707101529013237e-70,0.0,1000
18,324,random,11,ancilla,18,342,348,7140,10502,87636,119016,0.001,0.0001,1.2342766129408108e-07,0.0,1000
18,324,random,11,ancilla,18,342,348,7140,10502,87636,119016,0.0001,1e-05,0.20384404063663955,0.317,1000
18,324,random,11,primitive,0,324,544,10428,13790,139200,176256,0.01,0.001,9.994712820483555e-107,0.0,1000
18,324,random,11,primitive,0,324,544,10428,13790,139200,176256,0.001,0.0001,2.6499015753299786e-11,0.0,1000
18,324,random,11,primitive,0,324,544,10428,13790,139200,176256,0.0001,1e-05,0.08761009013213268,0.175,1000
18,324,random,11,pipelined,0,324,406,9340,12702,96664,131544,0.01,0.001,1.7024384425298147e-83,0.0,1000
18,324,random,11,pipelined,0,324,406,9340,12702,96664,131544,0.001,0.0001,5.53842059553039e-09,0.0,1000
18,324,random,11,pipelined,0,324,406,9340,12702,96664,131544,0.0001,1e-05,0.14946522284222444,0.254,1000
18,324,random,12,1d,0,324,612,24564,49128,50016,198288,0.01,0.001,1.1229985744106991e-129,0.0,1000
18,324,random,12,1d,0,324,612,24564,49128,50016,198288,0.001,0.0001,1.4268452924892844e-13,0.0,1000
18,324,random,12,1d,0,324,612,24564,49128,50016,198288,0.0001,1e-05,0.05199096481773269,0.104,1000
18,324,random,12,ancilla,18,342,348,7182,10586,87552,119016,0.01,0.001,4.069984551838321e-70,0.0,1000
18,324,random,12,ancilla,18,342,348,7182,10586,87552,119016,0.001,0.0001,1.1934693264647874e-07,0.0,1000
18,324,random,12,ancilla,18,342,348,7182,10586,87552,119016,0.0001,1e-05,0.2031602322180654,0.276,1000
18,324,random,12,primitive,0,324,544,10470,13874,139116,176256,0.01,0.001,7.127668322112679e-107,0.0,1000
18,324,random,12,primitive,0,324,544,10470,13874,139116,176256,0.001,0.0001,2.5622913171560745e-11,0.0,1000
18,324,random,12,primitive,0,324,544,10470,13874,139116,176256,0.0001,1e-05,0.08731619624640863,0.181,1000
18,324,random,12,pipelined,0,324,406,9382,12786,96580,131544,0.01,0.001,1.214083563491475e-83,0.0,1000
18,324,random,12,pipelined,0,324,406,9382,12786,96580,131544,0.001,0.0001,5.355310980151689e-09,0.0,1000
18,324,random,12,pipelined,0,324,406,9382,12786,96580,131544,0.0001,1e-05,0.14896383179177053,0.24,1000
18,324,random,13,1d,0,324,598,26099,52198,44678,193752,0.01,0.001,4.675486010594185e-134,0.0,1000
18,324,random,13,1d,0,324,598,26099,52198,44678,193752,0.001,0.0001,5.238890246198404e-14,0.0,1000
18,324,random,13,1d,0,324,598,26099,52198,44678,193752,0.0001,1e-05,0.04703737701825057,0.09,1000
18,324,random,13,ancilla,18,342,346,7307,10836,86960,118332,0.01,0.001,2.0951882782532397e-70,0.0,1000
18,324,random,13,ancilla,18,342,346,7307,10836,86960,118332,0.001,0.0001,1.1174003647558909e-07,0.0,1000
18,324,random,13,ancilla,18,342,346,7307,10836,86960,118332,0.0001,1e-05,0.20182770613623263,0.296,1000
18,324,random,13,primitive,0,324,542,10595,14124,138542,175608,0.01,0.001,3.6037658464966946e-107,0.0,1000
18,324,random,13,primitive,0,324,542,10595,14124,138542,175608,0.001,0.0001,2.394662332569525e-11,0.0,1000
18,324,random,13,primitive,0,324,542,10595,14124,138542,175608,0.0001,1e-05,0.08672787762266819,0.155,1000
18,324,random,13,pipelined,0,324,404,9507,13036,96006,130896,0.01,0.001,6.138435015739796e-84,0.0,1000
18,324,random,13,pipelined,0,324,404,9507,13036,96006,130896,0.001,0.0001,5.00495841261288e-09,0.0,1000
18,324,random,13,pipelined,0,324,404,9507,13036,96006,130896,0.0001,1e-05,0.14796014404225472,0.248,1000
18,324,random,14,1d,0,324,626,26226,52452,48960,202824,0.01,0.001,1.7985274036975185e-136,0.0,1000
18,324,random,14,1d,0,324,626,26226,52452,48960,202824,0.001,0.0001,3.0066446929077593e-14,0.0,1000
18,324,random,14,1d,0,324,626,26226,52452,48960,202824,0.0001,1e-05,0.04449699648724513,0.077,1000
18,324,random,14,ancilla,18,342,348,7216,10654,87484,119016,0.01,0.001,3.095538271505505e-70,0.0,1000
18,324,random,14,ancilla,18,342,348,7216,10654,87484,119016,0.001,0.0001,1.1614251105537873e-07,0.0,1000
18,324,random,14,ancilla,18,342,348,7216,10654,87484,119016,0.0001,1e-05,0.202608353478992,0.318,1000
18,324,random,14,primitive,0,324,544,10504,13942,139048,176256,0.01,0.001,5.421143445797951e-107,0.0,1000
18,324,random,14,primitive,0,324,544,10504,13942,139048,176256,0.001,0.0001,2.4934947302869003e-11,0.0,1000
18,324,random,14,primitive,0,324,544,10504,13942,139048,176256,0.0001,1e-05,0.08707900439168861,0.182,1000
18,324,random,14,pipelined,0,324,406,9416,12854,96512,131544,0.01,0.001,9.234045210063834e-84,0.0,1000
18,324,random,14,pipelined,0,324,406,9416,12854,96512,131544,0.001,0.0001,5.211522834521796e-09,0.0,1000
18,324,random,14,pipelined,0,324,406,9416,12854,96512,131544,0.0001,1e-05,0.14855917596538545,0.236,1000
18,324,random,15,1d,0,324,614,26542,53084,46384,198936,0.01,0.001,9.884185380939793e-137,0.0,1000
18,324,random,15,1d,0,324,614,26542,53084,46384,198936,0.001,0.0001,2.835673605990594e-14,0.0,1000
18,324,random,15,1d,0,324,614,26542,53084,46384,198936,0.0001,1e-05,0.04423782714855943,0.086,1000
18,324,random,15,ancilla,18,342,348,7384,10990,87148,119016,0.01,0.001,8.006539051032653e-71,0.0,1000
18,324,random,15,ancilla,18,342,348,7384,10990,87148,119016,0.001,0.0001,1.015280997215793e-07,0.0,1000
18,324,random,15,ancilla,18,342,348,7384,10990,87148,119016,0.0001,1e-05,0.19990334987016142,0.324,1000
18,324,random,15,primitive,0,324,544,10672,14278,138712,176256,0.01,0.001,1.4021663727943937e-107,0.0,1000
18,324,random,15,primitive,0,324,544,10672,14278,138712,176256,0.001,0.0001,2.1797340123900887e-11,0.0,1000
18,324,random,15,primitive,0,324,544,10672,14278,138712,176256,0.0001,1e-05,0.08591642142268326,0.159,1000
18,324,random,15,pipelined,0,324,406,9584,13190,96176,131544,0.01,0.001,2.3883647071635186e-84,0.0,1000
18,324,random,15,pipelined,0,324,406,9584,13190,96176,131544,0.001,0.0001,4.555747979241856e-09,0.0,1000
18,324,random,15,pipelined,0,324,406,9584,13190,96176,131544,0.0001,1e-05,0.14657577745189357,0.235,1000
18,324,random,16,1d,0,324,628,26955,53910,47826,203472,0.01,0.001,3.678834687672625e-139,0.0,1000
18,324,random,16,1d,0,324,628,26955,53910,47826,203472,0.001,0.0001,1.6239568386978337e-14,0.0,1000
18,324,random,16,1d,0,324,628,26955,53910,47826,203472,0.0001,1e-05,0.04184022108006161,0.078,1000
18,324,random,16,ancilla,18,342,352,7433,11088,87734,120384,0.01,0.001,2.7223594166107153e-71,0.0,1000
18,324,random,16,ancilla,18,342,352,7433,11088,87734,120384,0.001,0.0001,9.116838289351366e-08,0.0,1000
18,324,random,16,ancilla,18,342,352,7433,11088,87734,120384,0.0001,1e-05,0.19776386634661017,0.299,1000
18,324,random,16,primitive,0,324,548,10721,14376,139262,177552,0.01,0.001,4.942453671174846e-108,0.0,1000
18,324,random,16,primitive,0,324,548,10721,14376,139262,177552,0.001,0.0001,1.964377871119085e-11,0.0,1000
18,324,random,16,primitive,0,324,548,10721,14376,139262,177552,0.0001,1e-05,0.08502749776296996,0.18,1000
18,324,random,16,pipelined,0,324,410,9633,13288,96726,132840,0.01,0.001,8.418674234427457e-85,0.0,1000
18,324,random,16,pipelined,0,324,410,9633,13288,96726,132840,0.001,0.0001,4.105643379398084e-09,0.0,1000
18,324,random,16,pipelined,0,324,410,9633,13288,96726,132840,0.0001,1e-05,0.14505924924505814,0.244,1000
18,324,random,17,1d,0,324,624,26674,53348,47740,202176,0.01,0.001,6.754428417370972e-138,0.0,1000
18,324,random,17,1d,0,324,624,26674,53348,47740,202176,0.001,0.0001,2.169738575109964e-14,0.0,1000
18,324,random,17,1d,0,324,624,26674,53348,47740,202176,0.0001,1e-05,0.043069690500551615,0.081,1000
18,324,random,17,ancilla,18,342,342,7172,10566,86546,116964,0.01,0.001,1.2312880356877892e-69,0.0,1000
18,324,random,17,ancilla,18,342,342,7172,10566,86546,116964,0.001,0.0001,1.333056598316396e-07,0.0,1000
18,324,random,17,ancilla,18,342,342,7172,10566,86546,116964,0.0001,1e-05,0.20541967657238103,0.308,1000
18,324,random,17,primitive,0,324,538,10460,13854,138164,174312,0.01,0.001,2.0429171062881462e-106,0.0,1000
18,324,random,17,primitive,0,324,538,10460,13854,138164,174312,0.001,0.0001,2.8465611952417753e-11,0.0,1000
18,324,random,17,primitive,0,324,538,10460,13854,138164,174312,0.0001,1e-05,0.08823961989028045,0.17,1000
18,324,random,17,pipelined,0,324,400,9372,12766,95628,129600,0.01,0.001,3.479780439032604e-83,0.0,1000
18,324,random,17,pipelined,0,324,400,9372,12766,95628,129600,0.001,0.0001,5.94944857459525e-09,0.0,1000
18,324,random,17,pipelined,0,324,400,9372,12766,95628,129600,0.0001,1e-05,0.15053921792025093,0.264,1000
18,324,random,18,1d,0,324,598,25385,50770,46106,193752,0.01,0.001,1.4649237024636762e-131,0.0,1000
18,324,random,18,1d,0,324,598,25385,50770,46106,193752,0.001,0.0001,9.278127872130509e-14,0.0,1000
18,324,random,18,1d,0,324,598,25385,50770,46106,193752,0.0001,1e-05,0.04980254266248539,0.113,1000
18,324,random,18,ancilla,18,342,348,7245,10712,87426,119016,0.01,0.001,2.4510857437178922e-70,0.0,1000
18,324,random,18,ancilla,18,342,348,7245,10712,87426,119016,0.001,0.0001,1.1347740713075712e-07,0.0,1000
18,324,random,18,ancilla,18,342,348,7245,10712,87426,119016,0.0001,1e-05,0.20213881821121982,0.318,1000
18,324,random,18,primitive,0,324,544,10533,14000,138990,176256,0.01,0.001,4.2925288751744704e-107,0.0,1000
18,324,random,18,primitive,0,324,544,10533,14000,138990,176256,0.001,0.0001,2.436276899095509e-11,0.0,1000
18,324,random,18,primitive,0,324,544,10533,14000,138990,176256,0.0001,1e-05,0.08687720292130341,0.158,1000
18,324,random,18,pipelined,0,324,406,9445,12912,96454,131544,0.01,0.001,7.311631963841381e-84,0.0,1000
18,324,random,18,pipelined,0,324,406,9445,12912,96454,131544,0.001,0.0001,5.0919348401403364e-09,0.0,1000
18,324,random,18,pipelined,0,324,406,9445,12912,96454,131544,0.0001,1e-05,0.1482148971078301,0.25,1000
18,324,random,19,1d,0,324,638,26857,53714,49642,206712,0.01,0.001,1.6009870558320613e-139,0.0,1000
18,324,random,19,1d,0,324,638,26857,53714,49642,206712,0.001,0.0001,1.4937737203676402e-14,0.0,1000
18,324,random,19,1d,0,324,638,26857,53714,49642,206712,0.0001,1e-05,0.041491911429012436,0.099,1000
18,324,random,19,ancilla,18,342,350,7337,10896,87584,119700,0.01,0.001,8.301251020921337e-71,0.0,1000
18,324,random,19,ancilla,18,342,350,7337,10896,87584,119700,0.001,0.0001,1.018760563154747e-07,0.0,1000
18,324,random,19,ancilla,18,342,350,7337,10896,87584,119700,0.0001,1e-05,0.19997137120184022,0.316,1000
18,324,random,19,primitive,0,324,546,10625,14184,139130,176904,0.01,0.001,1.480196864424037e-107,0.0,1000
18,324,random,19,primitive,0,324,546,10625,14184,139130,176904,0.001,0.0001,2.191145096368164e-11,0.0,1000
18,324,random,19,primitive,0,324,546,10625,14184,139130,176904,0.0001,1e-05,0.08596112798534888,0.183,1000
18,324,random,19,pipelined,0,324,408,9537,13096,96594,132192,0.01,0.001,2.5212770889655785e-84,0.0,1000
18,324,random,19,pipelined,0,324,408,9537,13096,96594,132192,0.001,0.0001,4.579597688646111e-09,0.0,1000
18,324,random,19,pipelined,0,324,408,9537,13096,96594,132192,0.0001,1e-05,0.1466520480771292,0.231,1000
20,400,reverse,0,1d,0,400,798,76000,152000,7600,319200,0.01,0.001,0.0,0.0,1000
20,400,reverse,0,1d,0,400,798,76000,152000,7600,319200,0.001,0.0001,4.4363404202891765e-34,0.0,1000
20,400,reverse,0,1d,0,400,798,76000,152000,7600,319200,0.0001,1e-05,0.00046365009058862056,0.005,1000
20,400,reverse,0,ancilla,20,420,356,12278,19878,108164,149520,0.01,0.001,2.5726916909397247e-101,0.0,1000
20,400,reverse,0,ancilla,20,420,356,12278,19878,108164,149520,0.001,0.0001,9.275273270069011e-11,0.0,1000
20,400,reverse,0,ancilla,20,420,356,12278,19878,108164,149520,0.0001,1e-05,0.09931021905256891,0.188,1000
20,400,reverse,0,primitive,0,400,572,16410,24010,179980,228800,0.01,0.001,1.4794975764706275e-150,0.0,1000
20,400,reverse,0,primitive,0,400,572,16410,24010,179980,228800,0.001,0.0001,1.1293767826573665e-15,0.0,1000
20,400,reverse,0,primitive,0,400,572,16410,24010,179980,228800,0.0001,1e-05,0.032036126670551786,0.09,1000
20,400,reverse,0,pipelined,0,400,418,15042,22642,121116,167200,0.01,0.001,5.227199967354063e-119,0.0,1000
20,400,reverse,0,pipelined,0,400,418,15042,22642,121116,167200,0.001,0.0001,1.598857765585681e-12,0.0,1000
20,400,reverse,0,pipelined,0,400,418,15042,22642,121116,167200,0.0001,1e-05,0.0661757451360121,0.165,1000
20,400,transpose,0,1d,0,400,762,39900,79800,72600,304800,0.01,0.001,1.9893429013884278e-206,0.0,1000
20,400,transpose,0,1d,0,400,762,39900,79800,72600,304800,0.001,0.0001,3.2347790270849517e-21,0.0,1000
20,400,transpose,0,1d,0,400,762,39900,79800,72600,304800,0.0001,1e-05,0.008949092546203727,0.03,1000
20,400,transpose,0,ancilla,20,420,392,10266,15854,119748,164640,0.01,0.001,1.4420882005403103e-97,0.0,1000
20,400,transpose,0,ancilla,20,420,392,10266,15854,119748,164640,0.001,0.0001,2.179980050155304e-10,0.0,1000
20,400,transpose,0,ancilla,20,420,392,10266,15854,119748,164640,0.0001,1e-05,0.10816068636724502,0.191,1000
20,400,transpose,0,primitive,0,400,608,14398,19986,191204,243200,0.01,0.001,1.1888924695649174e-146,0.0,1000
20,400,transpose,0,primitive,0,400,608,14398,19986,191204,243200,0.001,0.0001,2.7516934117133587e-15,0.0,1000
20,400,transpose,0,primitive,0,400,608,14398,19986,191204,243200,0.0001,1e-05,0.035017002313693806,0.08,1000
20,400,transpose,0,pipelined,0,400,454,13030,18618,132340,181600,0.01,0.001,4.200465601925646e-115,0.0,1000
20,400,transpose,0,pipelined,0,400,454,13030,18618,132340,181600,0.001,0.0001,3.89557005898147e-12,0.0,1000
20,400,transpose,0,pipelined,0,400,454,13030,18618,132340,181600,0.0001,1e-05,0.07233322069075945,0.139,1000
20,400,random,0,1d,0,400,774,40223,80446,74354,309600,0.01,0.001,1.3388867754572738e-208,0.0,1000
20,400,random,0,1d,0,400,774,40223,80446,74354,309600,0.001,0.0001,1.9647995704713127e-21,0.0,1000
20,400,random,0,1d,0,400,774,40223,80446,74354,309600,0.0001,1e-05,0.008513987786220655,0.038,1000
20,400,random,0,ancilla,20,420,390,9575,14472,120710,163800,0.01,0.001,5.7157342706052646e-95,0.0,1000
20,400,random,0,ancilla,20,420,390,9575,14472,120710,163800,0.001,0.0001,3.9529282984688487e-10,0.0,1000
20,400,random,0,ancilla,20,420,390,9575,14472,120710,163800,0.0001,1e-05,0.11478965484744307,0.204,1000
20,400,random,0,primitive,0,400,606,13707,18604,192186,242400,0.01,0.001,4.618836054574338e-144,0.0,1000
20,400,random,0,primitive,0,400,606,13707,18604,192186,242400,0.001,0.0001,4.979638651262414e-15,0.0,1000
20,400,random,0,primitive,0,400,606,13707,18604,192186,242400,0.0001,1e-05,0.03715569771979378,0.092,1000
20,400,random,0,pipelined,0,400,452,12339,17236,133322,180800,0.01,0.001,1.631876932930148e-112,0.0,1000
20,400,random,0,pipelined,0,400,452,12339,17236,133322,180800,0.001,0.0001,7.049670269162041e-12,0.0,1000
20,400,random,0,pipelined,0,400,452,12339,17236,133322,180800,0.0001,1e-05,0.07675103822447923,0.157,1000
20,400,random,1,1d,0,400,786,37285,74570,82630,314400,0.01,0.001,2.262156685824538e-199,0.0,1000
20,400,random,1,1d,0,400,786,37285,74570,82630,314400,0.001,0.0001,1.6235802550199705e-20,0.0,1000
20,400,random,1,1d,0,400,786,37285,74570,82630,314400,0.0001,1e-05,0.010514599395330294,0.024,1000
20,400,random,1,ancilla,20,420,386,9435,14192,120150,162120,0.01,0.001,4.0876281343794563e-94,0.0,1000
20,400,random,1,ancilla,20,420,386,9435,14192,120150,162120,0.001,0.0001,4.80919395199963e-10,0.0,1000
20,400,random,1,ancilla,20,420,386,9435,14192,120150,162120,0.0001,1e-05,0.1170618108665766,0.215,1000
20,400,random,1,primitive,0,400,602,13567,18324,191666,240800,0.01,0.001,3.1735944362228675e-143,0.0,1000
20,400,random,1,primitive,0,400,602,13567,18324,191666,240800,0.001,0.0001,6.0341196828897265e-15,0.0,1000
20,400,random,1,primitive,0,400,602,13567,18324,191666,240800,0.0001,1e-05,0.03787600719580413,0.085,1000
20,400,random,1,pipelined,0,400,448,12199,16956,132802,179200,0.01,0.001,1.1212598788429681e-111,0.0,1000
20,400,random,1,pipelined,0,400,448,12199,16956,132802,179200,0.001,0.0001,8.542498182724367e-12,0.0,1000
20,400,random,1,pipelined,0,400,448,12199,16956,132802,179200,0.0001,1e-05,0.07823895269034793,0.151,1000
20,400,random,2,1d,0,400,782,40850,81700,74700,312800,0.01,0.001,1.7364800204970866e-211,0.0,1000
20,400,random,2,1d,0,400,782,40850,81700,74700,312800,0.001,0.0001,1.013565995366595e-21,0.0,1000
20,400,random,2,1d,0,400,782,40850,81700,74700,312800,0.0001,1e-05,0.007968906491727153,0.02,1000
20,400,random,2,ancilla,20,420,390,9508,14338,120844,163800,0.01,0.001,9.801429356782142e-95,0.0,1000
20,400,random,2,ancilla,20,420,390,9508,14338,120844,163800,0.001,0.0001,4.1707233998402003e-10,0.0,1000
20,400,random,2,ancilla,20,420,390,9508,14338,120844,163800,0.0001,1e-05,0.11540661716845962,0.206,1000
20,400,random,2,primitive,0,400,606,13640,18470,192320,242400,0.01,0.001,7.920451363928567e-144,0.0,1000
20,400,random,2,primitive,0,400,606,13640,18470,192320,242400,0.001,0.0001,5.2540025716159635e-15,0.0,1000
20,400,random,2,primitive,0,400,606,13640,18470,192320,242400,0.0001,1e-05,0.03735539921323114,0.092,1000
20,400,random,2,pipelined,0,400,452,12272,17102,133456,180800,0.01,0.001,2.7983677546618007e-112,0.0,1000
20,400,random,2,pipelined,0,400,452,12272,17102,133456,180800,0.001,0.0001,7.438087041482823e-12,0.0,1000
20,400,random,2,pipelined,0,400,452,12272,17102,133456,180800,0.0001,1e-05,0.07716355360965342,0.142,1000
20,400,random,3,1d,0,400,778,39330,78660,76940,311200,0.01,0.001,7.959167210959029e-206,0.0,1000
20,400,random,3,1d,0,400,778,39330,78660,76940,311200,0.001,0.0001,3.707004386192513e-21,0.0,1000
20,400,random,3,1d,0,400,778,39330,78660,76940,311200,0.0001,1e-05,0.009071655468892987,0.03,1000
20,400,random,3,ancilla,20,420,384,9400,14122,119800,161280,0.01,0.001,8.247430977774883e-94,0.0,1000
20,400,random,3,ancilla,20,420,384,9400,14122,119800,161280,0.001,0.0001,5.157999210109467e-10,0.0,1000
20,400,random,3,ancilla,20,420,384,9400,14122,119800,161280,0.0001,1e-05,0.11788414095485204,0.202,1000
20,400,random,3,primitive,0,400,600,13532,18254,191336,240000,0.01,0.001,6.27636946115171e-143,0.0,1000
20,400,random,3,primitive,0,400,600,13532,18254,191336,240000,0.001,0.0001,6.4588361374205374e-15,0.0,1000
20,400,random,3,primitive,0,400,600,13532,18254,191336,240000,0.0001,1e-05,0.038134449029500514,0.106,1000
20,400,random,3,pipelined,0,400,446,12164,16886,132472,178400,0.01,0.001,2.2174986133264268e-111,0.0,1000
20,400,random,3,pipelined,0,400,446,12164,16886,132472,178400,0.001,0.0001,9.143768911790364e-12,0.0,1000
20,400,random,3,pipelined,0,400,446,12164,16886,132472,178400,0.0001,1e-05,0.078772805646264,0.171,1000
20,400,random,4,1d,0,400,792,39808,79616,78784,316800,0.01,0.001,1.0309816488744685e-208,0.0,1000
20,400,random,4,1d,0,400,792,39808,79616,78784,316800,0.001,0.0001,1.9109026600778373e-21,0.0,1000
20,400,random,4,1d,0,400,792,39808,79616,78784,316800,0.0001,1e-05,0.008490197701853863,0.021,1000
20,400,random,4,ancilla,20,420,388,9526,14374,120388,162960,0.01,0.001,1.2908039502868142e-94,0.0,1000
20,400,random,4,ancilla,20,420,388,9526,14374,120388,162960,0.001,0.0001,4.2874097902367405e-10,0.0,1000
20,400,random,4,ancilla,20,420,388,9526,14374,120388,162960,0.0001,1e-05,0.11572557161980523,0.212,1000
20,400,random,4,primitive,0,400,604,13658,18506,191884,241600,0.01,0.001,1.022422898991848e-143,0.0,1000
20,400,random,4,primitive,0,400,604,13658,18506,191884,241600,0.001,0.0001,5.390204661872043e-15,0.0,1000
20,400,random,4,primitive,0,400,604,13658,18506,191884,241600,0.0001,1e-05,0.037451148991520834,0.098,1000
20,400,random,4,pipelined,0,400,450,12290,17138,133020,180000,0.01,0.001,3.6123134158701596e-112,0.0,1000
20,400,random,4,pipelined,0,400,450,12290,17138,133020,180000,0.001,0.0001,7.630908226616929e-12,0.0,1000
20,400,random,4,pipelined,0,400,450,12290,17138,133020,180000,0.0001,1e-05,0.07736134009583163,0.153,1000
20,400,random,5,1d,0,400,712,40074,80148,62252,284800,0.01,0.001,1.0853288464288995e-202,0.0,1000
20,400,random,5,1d,0,400,712,40074,80148,62252,284800,0.001,0.0001,7.650150371854784e-21,0.0,1000
20,400,random,5,1d,0,400,712,40074,80148,62252,284800,0.0001,1e-05,0.00975355450322535,0.03,1000
20,400,random,5,ancilla,20,420,388,9334,13990,120772,162960,0.01,0.001,6.054111314151256e-94,0.0,1000
20,400,random,5,ancilla,20,420,388,9334,13990,120772,162960,0.001,0.0001,4.999695027194338e-10,0.0,1000
20,400,random,5,ancilla,20,420,388,9334,13990,120772,162960,0.0001,1e-05,0.11751694867632992,0.197,1000
20,400,random,5,primitive,0,400,604,13466,18122,192268,241600,0.01,0.001,4.795354119623278e-143,0.0,1000
20,400,random,5,primitive,0,400,604,13466,18122,192268,241600,0.001,0.0001,6.285701801794253e-15,0.0,1000
20,400,random,5,primitive,0,400,604,13466,18122,192268,241600,0.0001,1e-05,0.038030875046055325,0.092,1000
20,400,random,5,pipelined,0,400,450,12098,16754,133404,180000,0.01,0.001,1.6942423763438734e-111,0.0,1000
20,400,random,5,pipelined,0,400,450,12098,16754,133404,180000,0.001,0.0001,8.898662777808873e-12,0.0,1000
20,400,random,5,pipelined,0,400,450,12098,16754,133404,180000,0.0001,1e-05,0.07855885701253322,0.14,1000
20,400,random,6,1d,0,400,754,40425,80850,69950,301600,0.01,0.001,1.4409304313315941e-207,0.0,1000
20,400,random,6,1d,0,400,754,40425,80850,69950,301600,0.001,0.0001,2.4935594667914808e-21,0.0,1000
20,400,random,6,1d,0,400,754,40425,80850,69950,301600,0.0001,1e-05,0.00871939315328857,0.024,1000
20,400,random,6,ancilla,20,420,388,9291,13904,120858,162960,0.01,0.001,8.557935749557651e-94,0.0,1000
20,400,random,6,ancilla,20,420,388,9291,13904,120858,162960,0.001,0.0001,5.174786076011217e-10,0.0,1000
20,400,random,6,ancilla,20,420,388,9291,13904,120858,162960,0.0001,1e-05,0.11792192794988471,0.208,1000
20,400,random,6,primitive,0,400,604,13423,18036,192354,241600,0.01,0.001,6.778589015399676e-143,0.0,1000
20,400,random,6,primitive,0,400,604,13423,18036,192354,241600,0.001,0.0001,6.505829252576765e-15,0.0,1000
20,400,random,6,primitive,0,400,604,13423,18036,192354,241600,0.0001,1e-05,0.038161934576806285,0.109,1000
20,400,random,6,pipelined,0,400,450,12055,16668,133490,180000,0.01,0.001,2.394937365462271e-111,0.0,1000
20,400,random,6,pipelined,0,400,450,12055,16668,133490,180000,0.001,0.0001,9.2102970255699e-12,0.0,1000
20,400,random,6,pipelined,0,400,450,12055,16668,133490,180000,0.0001,1e-05,0.07882958144166945,0.154,1000
20,400,random,7,1d,0,400,774,39317,78634,76166,309600,0.01,0.001,1.9675338464655457e-205,0.0,1000
20,400,random,7,1d,0,400,774,39317,78634,76166,309600,0.001,0.0001,4.0577737345729165e-21,0.0,1000
20,400,random,7,1d,0,400,774,39317,78634,76166,309600,0.0001,1e-05,0.009154035978243304,0.029,1000
20,400,random,7,ancilla,20,420,388,9487,14296,120466,162960,0.01,0.001,1.7668341226399352e-94,0.0,1000
20,400,random,7,ancilla,20,420,388,9487,14296,120466,162960,0.001,0.0001,4.423370203741616e-10,0.0,1000
20,400,random,7,ancilla,20,420,388,9487,14296,120466,162960,0.0001,1e-05,0.11608722143478077,0.202,1000
20,400,random,7,primitive,0,400,604,13619,18428,191962,241600,0.01,0.001,1.3994779496188026e-143,0.0,1000
20,400,random,7,primitive,0,400,604,13619,18428,191962,241600,0.001,0.0001,5.561136411007124e-15,0.0,1000
20,400,random,7,primitive,0,400,604,13619,18428,191962,241600,0.0001,1e-05,0.037568186228095504,0.085,1000
20,400,random,7,pipelined,0,400,450,12251,17060,133098,180000,0.01,0.001,4.944483322514836e-112,0.0,1000
20,400,random,7,pipelined,0,400,450,12251,17060,133098,180000,0.001,0.0001,7.872896160747038e-12,0.0,1000
20,400,random,7,pipelined,0,400,450,12251,17060,133098,180000,0.0001,1e-05,0.0776030992329032,0.154,1000
20,400,random,8,1d,0,400,772,40258,80516,73884,308800,0.01,0.001,1.5072878439457128e-208,0.0,1000
20,400,random,8,1d,0,400,772,40258,80516,73884,308800,0.001,0.0001,1.9884890497074254e-21,0.0,1000
20,400,random,8,1d,0,400,772,40258,80516,73884,308800,0.0001,1e-05,0.008524209412571966,0.03,1000
20,400,random,8,ancilla,20,420,388,9558,14438,120324,162960,0.01,0.001,9.976891896108337e-95,0.0,1000
20,400,random,8,ancilla,20,420,388,9558,14438,120324,162960,0.001,0.0001,4.178979514481775e-10,0.0,1000
20,400,random,8,ancilla,20,420,388,9558,14438,120324,162960,0.0001,1e-05,0.11542967494202282,0.207,1000
20,400,random,8,primitive,0,400,604,13690,18570,191820,241600,0.01,0.001,7.902518994523381e-144,0.0,1000
20,400,random,8,primitive,0,400,604,13690,18570,191820,241600,0.001,0.0001,5.25388427113323e-15,0.0,1000
20,400,random,8,primitive,0,400,604,13690,18570,191820,241600,0.0001,1e-05,0.037355390807650025,0.095,1000
20,400,random,8,pipelined,0,400,450,12322,17202,132956,180000,0.01,0.001,2.7920320848871336e-112,0.0,1000
20,400,random,8,pipelined,0,400,450,12322,17202,132956,180000,0.001,0.0001,7.437919563588472e-12,0.0,1000
20,400,random,8,pipelined,0,400,450,12322,17202,132956,180000,0.0001,1e-05,0.0771635362465808,0.157,1000
20,400,random,9,1d,0,400,782,39374,78748,77652,312800,0.01,0.001,2.5086715687956887e-206,0.0,1000
20,400,random,9,1d,0,400,782,39374,78748,77652,312800,0.001,0.0001,3.303552922441008e-21,0.0,1000
20,400,random,9,1d,0,400,782,39374,78748,77652,312800,0.0001,1e-05,0.008967747352262405,0.023,1000
20,400,random,9,ancilla,20,420,388,9604,14530,120232,162960,0.01,0.001,6.889525329562591e-95,0.0,1000
20,400,random,9,ancilla,20,420,388,9604,14530,120232,162960,0.001,0.0001,4.027897493815306e-10,0.0,1000
20,400,random,9,ancilla,20,420,388,9604,14530,120232,162960,0.0001,1e-05,0.11500564845373654,0.207,1000
20,400,random,9,primitive,0,400,604,13736,18662,191728,241600,0.01,0.001,5.457070733757815e-144,0.0,1000
20,400,random,9,primitive,0,400,604,13736,18662,191728,241600,0.001,0.0001,5.0639413797455424e-15,0.0,1000
20,400,random,9,primitive,0,400,604,13736,18662,191728,241600,0.0001,1e-05,0.03721816721076572,0.093,1000
20,400,random,9,pipelined,0,400,450,12368,17294,132864,180000,0.01,0.001,1.9280328954235347e-112,0.0,1000
20,400,random,9,pipelined,0,400,450,12368,17294,132864,180000,0.001,0.0001,7.169017571289292e-12,0.0,1000
20,400,random,9,pipelined,0,400,450,12368,17294,132864,180000,0.0001,1e-05,0.07688007895264991,0.14,1000
20,400,random,10,1d,0,400,734,38146,76292,70508,293600,0.01,0.001,7.304272309548036e-198,0.0,1000
20,400,random,10,1d,0,400,734,38146,76292,70508,293600,0.001,0.0001,2.3058827420808943e-20,0.0,1000
20,400,random,10,1d,0,400,734,38146,76292,70508,293600,0.0001,1e-05,0.010890392851868864,0.017,1000
20,400,random,10,ancilla,20,420,386,9362,14046,120296,162120,0.01,0.001,7.356368143562605e-94,0.0,1000
20,400,random,10,ancilla,20,420,386,9362,14046,120296,162120,0.001,0.0001,5.09859640339485e-10,0.0,1000
20,400,random,10,ancilla,20,420,386,9362,14046,120296,162120,0.0001,1e-05,0.117747494086495,0.226,1000
20,400,random,10,primitive,0,400,602,13494,18178,191812,240800,0.01,0.001,5.711412154853858e-143,0.0,1000
20,400,random,10,primitive,0,400,602,13494,18178,191812,240800,0.001,0.0001,6.397234384785735e-15,0.0,1000
20,400,random,10,primitive,0,400,602,13494,18178,191812,240800,0.0001,1e-05,0.03809786385750633,0.085,1000
20,400,random,10,pipelined,0,400,448,12126,16810,132948,179200,0.01,0.001,2.0178940408011133e-111,0.0,1000
20,400,random,10,pipelined,0,400,448,12126,16810,132948,179200,0.001,0.0001,9.05655936216416e-12,0.0,1000
20,400,random,10,pipelined,0,400,448,12126,16810,132948,179200,0.0001,1e-05,0.07869723312020485,0.167,1000
20,400,random,11,1d,0,400,744,40312,80624,68176,297600,0.01,0.001,2.646609767758744e-206,0.0,1000
20,400,random,11,1d,0,400,744,40312,80624,68176,297600,0.001,0.0001,3.334012730572012e-21,0.0,1000
20,400,random,11,1d,0,400,744,40312,80624,68176,297600,0.0001,1e-05,0.008976322674547536,0.03,1000
20,400,random,11,ancilla,20,420,390,9582,14486,120696,163800,0.01,0.001,5.402584358460955e-95,0.0,1000
20,400,random,11,ancilla,20,420,390,9582,14486,120696,163800,0.001,0.0001,3.9308402744095694e-10,0.0,1000
20,400,random,11,ancilla,20,420,390,9582,14486,120696,163800,0.0001,1e-05,0.11472538670103896,0.216,1000
20,400,random,11,primitive,0,400,606,13714,18618,192172,242400,0.01,0.001,4.3657822847135916e-144,0.0,1000
20,400,random,11,primitive,0,400,606,13714,18618,192172,242400,0.001,0.0001,4.951813613712857e-15,0.0,1000
20,400,random,11,primitive,0,400,606,13714,18618,192172,242400,0.0001,1e-05,0.0371348950801833,0.096,1000
20,400,random,11,pipelined,0,400,452,12346,17250,133308,180800,0.01,0.001,1.5424707264860393e-112,0.0,1000
20,400,random,11,pipelined,0,400,452,12346,17250,133308,180800,0.001,0.0001,7.0102783868009174e-12,0.0,1000
20,400,random,11,pipelined,0,400,452,12346,17250,133308,180800,0.0001,1e-05,0.07670806704412476,0.162,1000
20,400,random,12,1d,0,400,774,40357,80714,74086,309600,0.01,0.001,4.553119862831993e-209,0.0,1000
20,400,random,12,1d,0,400,774,40357,80714,74086,309600,0.001,0.0001,1.7649538376687283e-21,0.0,1000
20,400,random,12,1d,0,400,774,40357,80714,74086,309600,0.0001,1e-05,0.008423199769604449,0.028,1000
20,400,random,12,ancilla,20,420,392,9455,14232,121370,164640,0.01,0.001,9.864405287362244e-95,0.0,1000
20,400,random,12,ancilla,20,420,392,9455,14232,121370,164640,0.001,0.0001,4.172491692126504e-10,0.0,1000
20,400,random,12,ancilla,20,420,392,9455,14232,121370,164640,0.0001,1e-05,0.11541126107615918,0.205,1000
20,400,random,12,primitive,0,400,608,13587,18364,192826,243200,0.01,0.001,8.132454837704989e-144,0.0,1000
20,400,random,12,primitive,0,400,608,13587,18364,192826,243200,0.001,0.0001,5.2667536562251e-15,0.0,1000
20,400,random,12,primitive,0,400,608,13587,18364,192826,243200,0.0001,1e-05,0.03736437454185808,0.099,1000
20,400,random,12,pipelined,0,400,454,12219,16996,133962,181600,0.01,0.001,2.873270516844531e-112,0.0,1000
20,400,random,12,pipelined,0,400,454,12219,16996,133962,181600,0.001,0.0001,7.45613874128755e-12,0.0,1000
20,400,random,12,pipelined,0,400,454,12219,16996,133962,181600,0.0001,1e-05,0.07718209358690586,0.146,1000
20,400,random,13,1d,0,400,750,40826,81652,68348,300000,0.01,0.001,1.2718734715824568e-208,0.0,1000
20,400,random,13,1d,0,400,750,40826,81652,68348,300000,0.001,0.0001,1.9595572820236986e-21,0.0,1000
20,400,random,13,1d,0,400,750,40826,81652,68348,300000,0.0001,1e-05,0.008511921565294098,0.027,1000
20,400,random,13,ancilla,20,420,386,9532,14386,119956,162120,0.01,0.001,1.872321997579809e-94,0.0,1000
20,400,random,13,ancilla,20,420,386,9532,14386,119956,162120,0.001,0.0001,4.4499013626470587e-10,0.0,1000
20,400,random,13,ancilla,20,420,386,9532,14386,119956,162120,0.0001,1e-05,0.11615687149249772,0.225,1000
20,400,random,13,primitive,0,400,602,13664,18518,191472,240800,0.01,0.001,1.4536524554083543e-143,0.0,1000
20,400,random,13,primitive,0,400,602,13664,18518,191472,240800,0.001,0.0001,5.5833134756608995e-15,0.0,1000
20,400,random,13,primitive,0,400,602,13664,18518,191472,240800,0.0001,1e-05,0.03758320897244977,0.094,1000
20,400,random,13,pipelined,0,400,448,12296,17150,132608,179200,0.01,0.001,5.135886795827785e-112,0.0,1000
20,400,random,13,pipelined,0,400,448,12296,17150,132608,179200,0.001,0.0001,7.904292212608628e-12,0.0,1000
20,400,random,13,pipelined,0,400,448,12296,17150,132608,179200,0.0001,1e-05,0.0776341311148737,0.139,1000
20,400,random,14,1d,0,400,774,40375,80750,74050,309600,0.01,0.001,3.938991195497985e-209,0.0,1000
20,400,random,14,1d,0,400,774,40375,80750,74050,309600,0.001,0.0001,1.7397052629258224e-21,0.0,1000
20,400,random,14,1d,0,400,774,40375,80750,74050,309600,0.0001,1e-05,0.008411078349011801,0.021,1000
20,400,random,14,ancilla,20,420,388,9511,14344,120418,162960,0.01,0.001,1.4564548082859936e-94,0.0,1000
20,400,random,14,ancilla,20,420,388,9511,14344,120418,162960,0.001,0.0001,4.339200554387331e-10,0.0,1000
20,400,random,14,ancilla,20,420,388,9511,14344,120418,162960,0.0001,1e-05,0.1158645341781208,0.23,1000
20,400,random,14,primitive,0,400,604,13643,18476,191914,241600,0.01,0.001,1.1536320035335375e-143,0.0,1000
20,400,random,14,primitive,0,400,604,13643,18476,191914,241600,0.001,0.0001,5.4553168932715555e-15,0.0,1000
20,400,random,14,primitive,0,400,604,13643,18476,191914,241600,0.0001,1e-05,0.03749612010207899,0.095,1000
20,400,random,14,pipelined,0,400,450,12275,17108,133050,180000,0.01,0.001,4.075887157310818e-112,0.0,1000
20,400,random,14,pipelined,0,400,450,12275,17108,133050,180000,0.001,0.0001,7.723087558091024e-12,0.0,1000
20,400,random,14,pipelined,0,400,450,12275,17108,133050,180000,0.0001,1e-05,0.07745423511967095,0.152,1000
20,400,random,15,1d,0,400,762,39428,78856,73544,304800,0.01,0.001,8.886253204339491e-205,0.0,1000
20,400,random,15,1d,0,400,762,39428,78856,73544,304800,0.001,0.0001,4.7199209700682035e-21,0.0,1000
20,400,random,15,1d,0,400,762,39428,78856,73544,304800,0.0001,1e-05,0.009293492728317528,0.029,1000
20,400,random,15,ancilla,20,420,390,9424,14170,121012,163800,0.01,0.001,1.9272368447804218e-94,0.0,1000
20,400,random,15,ancilla,20,420,390,9424,14170,121012,163800,0.001,0.0001,4.460811436462879e-10,0.0,1000
20,400,random,15,ancilla,20,420,390,9424,14170,121012,163800,0.0001,1e-05,0.11618480909661419,0.204,1000
20,400,random,15,primitive,0,400,606,13556,18302,192488,242400,0.01,0.001,1.557383636631741e-143,0.0,1000
20,400,random,15,primitive,0,400,606,13556,18302,192488,242400,0.001,0.0001,5.619436369136312e-15,0.0,1000
20,400,random,15,primitive,0,400,606,13556,18302,192488,242400,0.0001,1e-05,0.037607288323699514,0.092,1000
20,400,random,15,pipelined,0,400,452,12188,16934,133624,180800,0.01,0.001,5.50237852635023e-112,0.0,1000
20,400,random,15,pipelined,0,400,452,12188,16934,133624,180800,0.001,0.0001,7.955431362656224e-12,0.0,1000
20,400,random,15,pipelined,0,400,452,12188,16934,133624,180800,0.0001,1e-05,0.07768387086736404,0.165,1000
20,400,random,16,1d,0,400,774,40561,81122,73678,309600,0.01,0.001,8.813929758780066e-210,0.0,1000
20,400,random,16,1d,0,400,774,40561,81122,73678,309600,0.001,0.0001,1.4990394072978635e-21,0.0,1000
20,400,random,16,1d,0,400,774,40561,81122,73678,309600,0.0001,1e-05,0.008286840515510853,0.032,1000
20,400,random,16,ancilla,20,420,386,9615,14552,119790,162120,0.01,0.001,9.599102869817702e-95,0.0,1000
20,400,random,16,ancilla,20,420,386,9615,14552,119790,162120,0.001,0.0001,4.16385460336347e-10,0.0,1000
20,400,random,16,ancilla,20,420,386,9615,14552,119790,162120,0.0001,1e-05,0.11538809793106486,0.206,1000
20,400,random,16,primitive,0,400,602,13747,18684,191306,240800,0.01,0.001,7.452649423798214e-144,0.0,1000
20,400,random,16,primitive,0,400,602,13747,18684,191306,240800,0.001,0.0001,5.2244091774255905e-15,0.0,1000
20,400,random,16,primitive,0,400,602,13747,18684,191306,240800,0.0001,1e-05,0.03733446796349714,0.109,1000
20,400,random,16,pipelined,0,400,448,12379,17316,132442,179200,0.01,0.001,2.633089059713827e-112,0.0,1000
20,400,random,16,pipelined,0,400,448,12379,17316,132442,179200,0.001,0.0001,7.396191698105934e-12,0.0,1000
20,400,random,16,pipelined,0,400,448,12379,17316,132442,179200,0.0001,1e-05,0.07712031676451232,0.161,1000
20,400,random,17,1d,0,400,776,39725,79450,75750,310400,0.01,0.001,4.9412690971818084e-207,0.0,1000
20,400,random,17,1d,0,400,776,39725,79450,75750,310400,0.001,0.0001,2.8123837293993924e-21,0.0,1000
20,400,random,17,1d,0,400,776,39725,79450,75750,310400,0.0001,1e-05,0.00882468451540824,0.029,1000
20,400,random,17,ancilla,20,420,386,9665,14652,119690,162120,0.01,0.001,6.418618346592694e-95,0.0,1000
20,400,random,17,ancilla,20,420,386,9665,14652,119690,162120,0.001,0.0001,4.000489449292095e-10,0.0,1000
20,400,random,17,ancilla,20,420,386,9665,14652,119690,162120,0.0001,1e-05,0.1149274392554092,0.212,1000
20,400,random,17,primitive,0,400,602,13797,18784,191206,240800,0.01,0.001,4.9833523998084976e-144,0.0,1000
20,400,random,17,primitive,0,400,602,13797,18784,191206,240800,0.001,0.0001,5.019434102284252e-15,0.0,1000
20,400,random,17,primitive,0,400,602,13797,18784,191206,240800,0.0001,1e-05,0.037185419258502904,0.09,1000
20,400,random,17,pipelined,0,400,448,12429,17416,132342,179200,0.01,0.001,1.7606638845420185e-112,0.0,1000
20,400,random,17,pipelined,0,400,448,12429,17416,132342,179200,0.001,0.0001,7.106008655853098e-12,0.0,1000
20,400,random,17,pipelined,0,400,448,12429,17416,132342,179200,0.0001,1e-05,0.07681243281786723,0.158,1000
20,400,random,18,1d,0,400,750,38278,76556,73444,300000,0.01,0.001,1.0272971282252866e-199,0.0,1000
20,400,random,18,1d,0,400,750,38278,76556,73444,300000,0.001,0.0001,1.506490609863821e-20,0.0,1000
20,400,random,18,1d,0,400,750,38278,76556,73444,300000,0.0001,1e-05,0.01043661403814311,0.026,1000
20,400,random,18,ancilla,20,420,388,9452,14226,120536,162960,0.01,0.001,2.341791056418721e-94,0.0,1000
20,400,random,18,ancilla,20,420,388,9452,14226,120536,162960,0.001,0.0001,4.5490528967194523e-10,0.0,1000
20,400,random,18,ancilla,20,420,388,9452,14226,120536,162960,0.0001,1e-05,0.11641274110786735,0.188,1000
20,400,random,18,primitive,0,400,604,13584,18358,192032,241600,0.01,0.001,1.8548911321543464e-143,0.0,1000
20,400,random,18,primitive,0,400,604,13584,18358,192032,241600,0.001,0.0001,5.7191468347246004e-15,0.0,1000
20,400,random,18,primitive,0,400,604,13584,18358,192032,241600,0.0001,1e-05,0.037673531015818724,0.088,1000
20,400,random,18,pipelined,0,400,450,12216,16990,133168,180000,0.01,0.001,6.553499660724205e-112,0.0,1000
20,400,random,18,pipelined,0,400,450,12216,16990,133168,180000,0.001,0.0001,8.096591385302419e-12,0.0,1000
20,400,random,18,pipelined,0,400,450,12216,16990,133168,180000,0.0001,1e-05,0.07782070574618334,0.142,1000
20,400,random,19,1d,0,400,770,40179,80358,73642,308000,0.01,0.001,4.247835330442204e-208,0.0,1000
20,400,random,19,1d,0,400,770,40179,80358,73642,308000,0.001,0.0001,2.2047537293104723e-21,0.0,1000
20,400,random,19,1d,0,400,770,40179,80358,73642,308000,0.0001,1e-05,0.008612638250058573,0.031,1000
20,400,random,19,ancilla,20,420,388,9529,14380,120382,162960,0.01,0.001,1.2600069489299376e-94,0.0,1000
20,400,random,19,ancilla,20,420,388,9529,14380,120382,162960,0.001,0.0001,4.277126052956393e-10,0.0,1000
20,400,random,19,ancilla,20,420,388,9529,14380,120382,162960,0.0001,1e-05,0.11569779911437317,0.196,1000
20,400,random,19,primitive,0,400,604,13661,18512,191878,241600,0.01,0.001,9.980291408223311e-144,0.0,1000
20,400,random,19,primitive,0,400,604,13661,18512,191878,241600,0.001,0.0001,5.377275772089634e-15,0.0,1000
20,400,random,19,primitive,0,400,604,13661,18512,191878,241600,0.0001,1e-05,0.037442161243832525,0.094,1000
20,400,random,19,pipelined,0,400,450,12293,17144,133014,180000,0.01,0.001,3.5261280419058967e-112,0.0,1000
20,400,random,19,pipelined,0,400,450,12293,17144,133014,180000,0.001,0.0001,7.612604808177275e-12,0.0,1000
20,400,random,19,pipelined,0,400,450,12293,17144,133014,180000,0.0001,1e-05,0.07734277446502101,0.148,1000
