L,N,k,instance_idx,n_colors,n_quartets,rng_seed,syk_generator_model,quartet_sampling_model,coupling_model,parent_coloring_model,numpy_version,networkx_version,quartets_sha256,coloring_sha256
4,16,0.5,0,11,23,0,sparse_syk_majorana_v1,enumerate_lt_2m_else_binomial_rejection_v1,gaussian_std_sqrt_6_over_M_cubed_v1,networkx_greedy_largest_first_parent_v1,2.5.2,3.6.1,13002aa1bb5b787254fc9515e54082a70e2dbe58337da20e8695cbb71819465c,509d360380086214e6f3265afc94f019058aa8e492318a735b057ea4b81eaba8
4,16,0.5,1,8,19,1,sparse_syk_majorana_v1,enumerate_lt_2m_else_binomial_rejection_v1,gaussian_std_sqrt_6_over_M_cubed_v1,networkx_greedy_largest_first_parent_v1,2.5.2,3.6.1,8e158e6be35902df960c401b7d611a5811ecb137ff1c90725cc965286b53f37a,58e0b4fb12b2fbd599ca16f2eb04a834b2fc868081edf3e31d93757c5f86675d
4,16,0.5,2,7,15,2,sparse_syk_majorana_v1,enumerate_lt_2m_else_binomial_rejection_v1,gaussian_std_sqrt_6_over_M_cubed_v1,networkx_greedy_largest_first_parent_v1,2.5.2,3.6.1,009b85b9dc07ab8f6ab88eb6c9ac8ff153ae97b339c00bea2da9708997be6874,b3f657d82d4c4e748626b04aa2c49f1cd1a16703776277a1bb2c9437559274df
4,16,0.5,3,10,20,3,sparse_syk_majorana_v1,enumerate_lt_2m_else_binomial_rejection_v1,gaussian_std_sqrt_6_over_M_cubed_v1,networkx_greedy_largest_first_parent_v1,2.5.2,3.6.1,f1ef9c19a99754c80e5490a84f58821009c48915edff3413cb74686cf9957487,a6f4f40b544d0b5b75a8e56ede47d530e0c052e612a249cb23c07e07c98c0e73
4,16,0.5,4,6,11,4,sparse_syk_majorana_v1,enumerate_lt_2m_else_binomial_rejection_v1,gaussian_std_sqrt_6_over_M_cubed_v1,networkx_greedy_largest_first_parent_v1,2.5.2,3.6.1,7313f6849ae3fd155337dd98117d48a401bd052d16f5d643d3feab83473c2a8a,32fc389e8f562464c4264d482e865dd37a60eabd0fc35d18b7bfaee46dc2a2a1
4,16,0.5,5,8,22,5,sparse_syk_majorana_v1,enumerate_lt_2m_else_binomial_rejection_v1,gaussian_std_sqrt_6_over_M_cubed_v1,networkx_greedy_largest_first_parent_v1,2.5.2,3.6.1,813eeb79c29829b98dce680a52956e8f7586ec27ca7cf9a7e0592335df367212,d41b9dbcbc0ee5ada4b930246d43e86fd026aa3843867259b427d4a89b718035
4,16,0.5,6,9,18,6,sparse_syk_majorana_v1,enumerate_lt_2m_else_binomial_rejection_v1,gaussian_std_sqrt_6_over_M_cubed_v1,networkx_greedy_largest_first_parent_v1,2.5.2,3.6.1,a4332a0697d2721b549249d03c7ec216e89386ca45e4b4f79b68c29751685b00,2ba52bdc7ae859c560aff5b580f9cede7c4165e5b9b10d872f593364dde4a909
4,16,0.5,7,8,15,7,sparse_syk_majorana_v1,enumerate_lt_2m_else_binomial_rejection_v1,gaussian_std_sqrt_6_over_M_cubed_v1,networkx_greedy_largest_first_parent_v1,2.5.2,3.6.1,cfdb7c960760ba59283f5a8366088fac0e8fcfcbe6bf671a45f7f55dbd7d997b,fb3b2295e44767b7f3f49e1b017ef274254e0ae9e10f5ec6a372ed05dfab0f4e
4,16,0.5,8,9,17,8,sparse_syk_majorana_v1,enumerate_lt_2m_else_binomial_rejection_v1,gaussian_std_sqrt_6_over_M_cubed_v1,networkx_greedy_largest_first_parent_v1,2.5.2,3.6.1,97e1ce86c4ee03be4c7224810c48d8ef7dca2d0f1f29c4b75a4d22ce0784fe6f,2e611d3d61b73e9a0aa53b2d496e66af2a7f61decfa2c8f2c06e49576bb547d7
4,16,0.5,9,7,13,9,sparse_syk_majorana_v1,enumerate_lt_2m_else_binomial_rejection_v1,gaussian_std_sqrt_6_over_M_cubed_v1,networkx_greedy_largest_first_parent_v1,2.5.2,3.6.1,2a5527fa7d556e9b28b0d04031a821a3cbeb8756eef6e146275e5b2615792163,55ac5e67bada7a08975333456ddeab4fe19b19419dfd604bd42b5dd5f6bf3d03
4,16,1.0,0,15,38,0,sparse_syk_majorana_v1,enumerate_lt_2m_else_binomial_rejection_v1,gaussian_std_sqrt_6_over_M_cubed_v1,networkx_greedy_largest_first_parent_v1,2.5.2,3.6.1,5bbfcb5b809fb7b9375ec4ae7a8584630ce165c9adff4d08afa0cc62056b7ccb,7d7a5c85adfe092b7ca5748a4e12b5110a07f94823768d38f5ab108d483033cd
4,16,1.0,1,15,38,1,sparse_syk_majorana_v1,enumerate_lt_2m_else_binomial_rejection_v1,gaussian_std_sqrt_6_over_M_cubed_v1,networkx_greedy_largest_first_parent_v1,2.5.2,3.6.1,16e9dae353f9dd5e880a37427c50604ee96607cbc0354a4a13e3d0705aa784c1,b001461f3fda5a22d2fc7ee356a18188f233544967c5330cd866fb2e485f34f7
4,16,1.0,2,14,33,2,sparse_syk_majorana_v1,enumerate_lt_2m_else_binomial_rejection_v1,gaussian_std_sqrt_6_over_M_cubed_v1,networkx_greedy_largest_first_parent_v1,2.5.2,3.6.1,3cf6cc9ba13648517189887f0401de16215c1ad6350ff0e019b04e12e49387cf,db58152bf6bb9db685510d9ffa71fd3b14a83495190d5c33c6e75a9fa680f72d
4,16,1.0,3,15,34,3,sparse_syk_majorana_v1,enumerate_lt_2m_else_binomial_rejection_v1,gaussian_std_sqrt_6_over_M_cubed_v1,networkx_greedy_largest_first_parent_v1,2.5.2,3.6.1,ccdc8ebb7e1ebd93812c06833080100edddd75d6b7c5433161a360da679da94f,103945178a0714f2acd04ae9cc83bfa06f44a6674160fa724896cf8fe0300d64
4,16,1.0,4,15,29,4,sparse_syk_majorana_v1,enumerate_lt_2m_else_binomial_rejection_v1,gaussian_std_sqrt_6_over_M_cubed_v1,networkx_greedy_largest_first_parent_v1,2.5.2,3.6.1,74ec1235ce9a76e2ec6fecdd4d1a9edfec8ff47f1377bdbc5cf743f522ee6c4e,3d8ed2ec0cec5c0faea63670facb830f0be66038f0c42978d1656c8ce21f59f1
4,16,1.0,5,16,42,5,sparse_syk_majorana_v1,enumerate_lt_2m_else_binomial_rejection_v1,gaussian_std_sqrt_6_over_M_cubed_v1,networkx_greedy_largest_first_parent_v1,2.5.2,3.6.1,8c4aa813083f5734336a34cbf731de543c2a6f6f337861338fd6d29d4799225c,3c8b43502ff5088210d43d2fac58395b00380190450dc2f652b2bfcfc3339a2f
4,16,1.0,6,17,38,6,sparse_syk_majorana_v1,enumerate_lt_2m_else_binomial_rejection_v1,gaussian_std_sqrt_6_over_M_cubed_v1,networkx_greedy_largest_first_parent_v1,2.5.2,3.6.1,1d1c9dfd331b69052abc4aede172457882122be150590acb7eda76c2b58e79b4,fa81296b727da5a430e18718ed5f7bdb210a6526e74b037cf4f0d19282309ebf
4,16,1.0,7,14,26,7,sparse_syk_majorana_v1,enumerate_lt_2m_else_binomial_rejection_v1,gaussian_std_sqrt_6_over_M_cubed_v1,networkx_greedy_largest_first_parent_v1,2.5.2,3.6.1,9c97bfc4d1262e84392bfb6b7938136295f67ad502b7fedb05f314225d25a408,891136fa37a392ad44b60c5bd56112e35fce974aefc7604c97846874a45eaa37
4,16,1.0,8,12,29,8,sparse_syk_majorana_v1,enumerate_lt_2m_else_binomial_rejection_v1,gaussian_std_sqrt_6_over_M_cubed_v1,networkx_greedy_largest_first_parent_v1,2.5.2,3.6.1,b069dab3c45015862d97fa674f2fc32bc493182da24be130996c086c79933d1c,be5575dea2f9127a7c2accec11cac3cdeeae51864cea9555206a296ee08440be
4,16,1.0,9,9,20,9,sparse_syk_majorana_v1,enumerate_lt_2m_else_binomial_rejection_v1,gaussian_std_sqrt_6_over_M_cubed_v1,networkx_greedy_largest_first_parent_v1,2.5.2,3.6.1,9e3b691648cb8bcf51ebaab1d418a937374f60ae5702753db16ce38034df0558,570177e476d4a57edaa9b8b8e232570193ae876053af9bc4e73307e3c4d40daa
4,16,2.0,0,24,63,0,sparse_syk_majorana_v1,enumerate_lt_2m_else_binomial_rejection_v1,gaussian_std_sqrt_6_over_M_cubed_v1,networkx_greedy_largest_first_parent_v1,2.5.2,3.6.1,f91f22e2c266a3859c53a82219b4a86c1f337344b96c5599198d1b0943980a1e,5f7ea9b7fb3c82feb0c81a9ff4a008d45607c6002a5fad920637d5448f33f5be
4,16,2.0,1,23,57,1,sparse_syk_majorana_v1,enumerate_lt_2m_else_binomial_rejection_v1,gaussian_std_sqrt_6_over_M_cubed_v1,networkx_greedy_largest_first_parent_v1,2.5.2,3.6.1,bcb675200519e33f64abf3b576873c83001fb9d2bf117a4bfc1e15182345b64b,91b545e58ba2b0aa166edf842e2179dfd4419cb9fadde60a9f661e56b08fb7b2
4,16,2.0,2,23,65,2,sparse_syk_majorana_v1,enumerate_lt_2m_else_binomial_rejection_v1,gaussian_std_sqrt_6_over_M_cubed_v1,networkx_greedy_largest_first_parent_v1,2.5.2,3.6.1,3dd8d6a9387559d4a3fb87c85b42bd51942b7568538ad3b54a480001e2d6ec73,70f3e35393c42f5af88b8421522243600c38189fd3c663fb4333ece4ed73f0ea
4,16,2.0,3,25,71,3,sparse_syk_majorana_v1,enumerate_lt_2m_else_binomial_rejection_v1,gaussian_std_sqrt_6_over_M_cubed_v1,networkx_greedy_largest_first_parent_v1,2.5.2,3.6.1,237753d8b9cdd79fc7fe2ab5d095b62df4dcad54b5f17551ebbe545555ccc501,a06b11939c130987de53a337587e4bce273bb7ee0ad16e4e61756a1947551b13
4,16,2.0,4,21,50,4,sparse_syk_majorana_v1,enumerate_lt_2m_else_binomial_rejection_v1,gaussian_std_sqrt_6_over_M_cubed_v1,networkx_greedy_largest_first_parent_v1,2.5.2,3.6.1,cb6add4ad50de1fa97d22bf28e2b5d3ce1143085f8000a92b1f316c497e0d45c,5ba68ff9ec351c59789cd8052180c109526e06d2633e90dac547f2e292f5e1ee
4,16,2.0,5,26,73,5,sparse_syk_majorana_v1,enumerate_lt_2m_else_binomial_rejection_v1,gaussian_std_sqrt_6_over_M_cubed_v1,networkx_greedy_largest_first_parent_v1,2.5.2,3.6.1,6376d0ce27e9c1a276ee17a14df4fe4816560dd5b94c0c6ecced8005da6cf5c0,cdf8449b482b5106d6fa44e18b1fa2d00198f6923e45266112178394496d2c03
4,16,2.0,6,31,81,6,sparse_syk_majorana_v1,enumerate_lt_2m_else_binomial_rejection_v1,gaussian_std_sqrt_6_over_M_cubed_v1,networkx_greedy_largest_first_parent_v1,2.5.2,3.6.1,661642b2c72428f32715e1cfdd64a71467daafa0b78f640f1fee11a4a6d97acf,479496af0ef59cdb2ed0cbbd544dd1f2c172d6aebda61611dd6fc236ecd043f5
4,16,2.0,7,22,51,7,sparse_syk_majorana_v1,enumerate_lt_2m_else_binomial_rejection_v1,gaussian_std_sqrt_6_over_M_cubed_v1,networkx_greedy_largest_first_parent_v1,2.5.2,3.6.1,2da35d5a34eafb58f4cf7bdaf6013d5997759dec0dbfc2a4557c99ead70bcdf4,6bb3a2660b35859aa5367d967ee5b3de86dbe2f8f0e3f9d672510753cd3e0253
4,16,2.0,8,23,62,8,sparse_syk_majorana_v1,enumerate_lt_2m_else_binomial_rejection_v1,gaussian_std_sqrt_6_over_M_cubed_v1,networkx_greedy_largest_first_parent_v1,2.5.2,3.6.1,9449571a8a181c0c0bc18a64b0f4d004cc161e2aeddecc8ea34b64172a0d901d,7963839ece971010363431a1b3359813a211c2965d0360ae90f3b87595cb5d53
4,16,2.0,9,19,44,9,sparse_syk_majorana_v1,enumerate_lt_2m_else_binomial_rejection_v1,gaussian_std_sqrt_6_over_M_cubed_v1,networkx_greedy_largest_first_parent_v1,2.5.2,3.6.1,5362e9551459627f2dd1179095059940860f61ebc6adcfa816c8f4e1c276a2f0,da240d84be82598486131a1a9d7b108c8b926ff31000c81fb9eb151b3e611fa9
4,16,3.0,0,35,101,0,sparse_syk_majorana_v1,enumerate_lt_2m_else_binomial_rejection_v1,gaussian_std_sqrt_6_over_M_cubed_v1,networkx_greedy_largest_first_parent_v1,2.5.2,3.6.1,1a4aab3a4a1fe1c3b0f8a1617e9084d5ce5d5c9a21163444f090f6c4ef770aa1,0425445d27ed1e08b92a44f546ee2e8db30197df0bc06caf19c280b64fa067db
4,16,3.0,1,34,94,1,sparse_syk_majorana_v1,enumerate_lt_2m_else_binomial_rejection_v1,gaussian_std_sqrt_6_over_M_cubed_v1,networkx_greedy_largest_first_parent_v1,2.5.2,3.6.1,63636a78ec687e31734ef1e5b3af36979197497a1924a7eb2f85c2ca47fa5483,41bd2955d6c2f54898ecf83f57ddacdeec24ae464208e1f6ba9def2e42af57b1
4,16,3.0,2,34,95,2,sparse_syk_majorana_v1,enumerate_lt_2m_else_binomial_rejection_v1,gaussian_std_sqrt_6_over_M_cubed_v1,networkx_greedy_largest_first_parent_v1,2.5.2,3.6.1,7afbd029b2f3ce82d14a40c1dc4189b6522a9598f07ea2911571ab69b817b220,c22b24995341e057345f2ca2acbb8e8b9ad45404fe413a9ece4f9a43a705c61a
4,16,3.0,3,37,109,3,sparse_syk_majorana_v1,enumerate_lt_2m_else_binomial_rejection_v1,gaussian_std_sqrt_6_over_M_cubed_v1,networkx_greedy_largest_first_parent_v1,2.5.2,3.6.1,d743fe90c0fcd85e1a8ae94e5dcacc3b2ed9fb15f5a91641563b9d0e6b89795f,75cfc2acbfafd802471b40a1817e5b6fbaf749243bf2f234fc43d973f3d7c5dc
4,16,3.0,4,29,82,4,sparse_syk_majorana_v1,enumerate_lt_2m_else_binomial_rejection_v1,gaussian_std_sqrt_6_over_M_cubed_v1,networkx_greedy_largest_first_parent_v1,2.5.2,3.6.1,cad63a736a4d430590e3b399e4a986e83734169c35548ef6ce902f498a522358,133ce12fdfe8788e108f94c175392060c7fe4389edd15ee39dd95d544759d8e5
4,16,3.0,5,35,105,5,sparse_syk_majorana_v1,enumerate_lt_2m_else_binomial_rejection_v1,gaussian_std_sqrt_6_over_M_cubed_v1,networkx_greedy_largest_first_parent_v1,2.5.2,3.6.1,2f188d36d65014c0d586d944a4ea04324026e66ce54c157d81a80c38cd959224,b81cc1daea281e2512c6e2c911708bad2ad1e4310984625d61d553cf4891d8de
4,16,3.0,6,39,114,6,sparse_syk_majorana_v1,enumerate_lt_2m_else_binomial_rejection_v1,gaussian_std_sqrt_6_over_M_cubed_v1,networkx_greedy_largest_first_parent_v1,2.5.2,3.6.1,409529bd5930c74d3c168ca6dd2a051cd47894ac917a85e052848edc24489f5b,4c34813a891219343c919722cb9a123d58123c349e8cb8b106c0383fc8c25e6f
4,16,3.0,7,32,81,7,sparse_syk_majorana_v1,enumerate_lt_2m_else_binomial_rejection_v1,gaussian_std_sqrt_6_over_M_cubed_v1,networkx_greedy_largest_first_parent_v1,2.5.2,3.6.1,9a12c3f2747f1f72c8b5937173e501e4e5c99998264b1b034d05fb72859d42ee,8179010a81a7727a70207f4c704a7594464d49738fc2656c9774fdb7d69fa98a
4,16,3.0,8,35,98,8,sparse_syk_majorana_v1,enumerate_lt_2m_else_binomial_rejection_v1,gaussian_std_sqrt_6_over_M_cubed_v1,networkx_greedy_largest_first_parent_v1,2.5.2,3.6.1,92e5184d7a0244641076b0f0c0001e6aa2f7e6a18c49ceb36204bfb568b89b4d,e415bd12a0545df1a2b7cfb89d35c0ea1a5f7dbdc67d607b1920649e8a657e01
4,16,3.0,9,25,68,9,sparse_syk_majorana_v1,enumerate_lt_2m_else_binomial_rejection_v1,gaussian_std_sqrt_6_over_M_cubed_v1,networkx_greedy_largest_first_parent_v1,2.5.2,3.6.1,796b93451c1f8c3b928a7ed6114e44b85406acff1e71bbeae805b315bde64853,66896961d57ca9abc0e0d2bdac4ca2cfcc37d01987e68e9b8739df88eb0509e6
5,25,0.5,0,11,32,0,sparse_syk_majorana_v1,enumerate_lt_2m_else_binomial_rejection_v1,gaussian_std_sqrt_6_over_M_cubed_v1,networkx_greedy_largest_first_parent_v1,2.5.2,3.6.1,02bd2a39d3bd74beb5815c3059910dd54c01c657a0b952439ed9d8ba093373c2,21428e5b1da309ef11bd51378ef9bc22ad15be8b83ed3b7dfeee7c17a9ec06b4
5,25,0.5,1,10,31,1,sparse_syk_majorana_v1,enumerate_lt_2m_else_binomial_rejection_v1,gaussian_std_sqrt_6_over_M_cubed_v1,networkx_greedy_largest_first_parent_v1,2.5.2,3.6.1,33a0b15855acc2afc020961f008be952c50555d137d1842c3cbd2aaf10577653,cb3e4057a23df10994419a2d1e4634dc5eddce6894dc4bfa73ca130327bb2c03
5,25,0.5,2,8,24,2,sparse_syk_majorana_v1,enumerate_lt_2m_else_binomial_rejection_v1,gaussian_std_sqrt_6_over_M_cubed_v1,networkx_greedy_largest_first_parent_v1,2.5.2,3.6.1,46a6fc9af70d255dd5f37d37d9951339344d24fa46ae4c65ef2ef4f718841696,90aded7227bd56a312f14f53fc6503a2414a1e5ce10c65511a4ea66634891b9d
5,25,0.5,3,11,34,3,sparse_syk_majorana_v1,enumerate_lt_2m_else_binomial_rejection_v1,gaussian_std_sqrt_6_over_M_cubed_v1,networkx_greedy_largest_first_parent_v1,2.5.2,3.6.1,0707b86895ad74ed1d9068a454301fc40718dc533ccc5e13cf4f50190141f3ad,dcb4d0094a0fdc82655aa822f88679b146c8945f7e6962d03e03576a53961835
5,25,0.5,4,8,26,4,sparse_syk_majorana_v1,enumerate_lt_2m_else_binomial_rejection_v1,gaussian_std_sqrt_6_over_M_cubed_v1,networkx_greedy_largest_first_parent_v1,2.5.2,3.6.1,28b27bfad9eec9fcc405491091ef76c9d9db1eebbc52cc50f600d43e45d5a7b6,2059929c244b1b7c319b601bc27cda57edcfe5d245bb479d2010f88b5eb6d694
5,25,0.5,5,9,25,5,sparse_syk_majorana_v1,enumerate_lt_2m_else_binomial_rejection_v1,gaussian_std_sqrt_6_over_M_cubed_v1,networkx_greedy_largest_first_parent_v1,2.5.2,3.6.1,d8a767221783aa53f4c40da8238a6111ea29b641b9409188e2c789abc68e31c4,8aaf4de7b7936af3644b153d0489169518bcde576ea09839f4c94b45a3e8b7bf
5,25,0.5,6,10,31,6,sparse_syk_majorana_v1,enumerate_lt_2m_else_binomial_rejection_v1,gaussian_std_sqrt_6_over_M_cubed_v1,networkx_greedy_largest_first_parent_v1,2.5.2,3.6.1,87ed78f5577c0aec2f9aa77af681c9f661a178bcc87f3f636e317f769e8d53b4,8d05aa4a13d3949935afde0b21c21170d24b8b6a5db214960a93bf53fb492438
5,25,0.5,7,9,24,7,sparse_syk_majorana_v1,enumerate_lt_2m_else_binomial_rejection_v1,gaussian_std_sqrt_6_over_M_cubed_v1,networkx_greedy_largest_first_parent_v1,2.5.2,3.6.1,5cb95af39139a586c4de9143ffe5c4169120e6d90e764c143c93036961bcee9b,35941b724a6ef361a93163cfa00ab91c07d2b943288c061aee8a0ae19e7a097c
5,25,0.5,8,7,20,8,sparse_syk_majorana_v1,enumerate_lt_2m_else_binomial_rejection_v1,gaussian_std_sqrt_6_over_M_cubed_v1,networkx_greedy_largest_first_parent_v1,2.5.2,3.6.1,50eed214cf51c92a08f10dfa6af184a381586a38c4b5a7bfa65389ee647150c9,9a88d7ff926e02ca91e7efbfa040db326a1d260dbdbf14fd3f306509146fdecc
5,25,0.5,9,6,15,9,sparse_syk_majorana_v1,enumerate_lt_2m_else_binomial_rejection_v1,gaussian_std_sqrt_6_over_M_cubed_v1,networkx_greedy_largest_first_parent_v1,2.5.2,3.6.1,dde9bc2299a01243d45ddf06298b5f0def49c81860f3bc32aae32edc316da9dc,695e432d6044bb5263b441689848c62fe311a6d1b6e2fcb8ef02de7fc0aeccb3
5,25,1.0,0,17,58,0,sparse_syk_majorana_v1,enumerate_lt_2m_else_binomial_rejection_v1,gaussian_std_sqrt_6_over_M_cubed_v1,networkx_greedy_largest_first_parent_v1,2.5.2,3.6.1,010324318f305fe26fccf7d92f19ef80332a9e71920679db11455b980151251b,88f07037249682a74cb7af0fced8375cc750250bad18ba725d23e16a6d930d22
5,25,1.0,1,14,52,1,sparse_syk_majorana_v1,enumerate_lt_2m_else_binomial_rejection_v1,gaussian_std_sqrt_6_over_M_cubed_v1,networkx_greedy_largest_first_parent_v1,2.5.2,3.6.1,ce30fba055b23c5c5feee521d692402881c4d7957e73eb3d2f0a24cc2bf29a11,091dd5f1253f18111b1434ffe451fc3b6f84023d3fb418c9c50abbef87e2e93f
5,25,1.0,2,15,56,2,sparse_syk_majorana_v1,enumerate_lt_2m_else_binomial_rejection_v1,gaussian_std_sqrt_6_over_M_cubed_v1,networkx_greedy_largest_first_parent_v1,2.5.2,3.6.1,e74717a6d76b7e6c1982242631a9b95e7fc89cccf4b4ae2a961bd43c3b09ea1a,e5c41cdaf96ff72f7ffc4c3ef9fad5b2d0cdbedadd3a71cc7eb070b071660013
5,25,1.0,3,15,57,3,sparse_syk_majorana_v1,enumerate_lt_2m_else_binomial_rejection_v1,gaussian_std_sqrt_6_over_M_cubed_v1,networkx_greedy_largest_first_parent_v1,2.5.2,3.6.1,02239bb9a13d9208a7a09bc441a26121372150f9863bc1b1d693ac7104e9da13,19fc45842aa58f05f680a59f3ee84eae423d6802cd5f7063959fce1ffb85074c
5,25,1.0,4,14,44,4,sparse_syk_majorana_v1,enumerate_lt_2m_else_binomial_rejection_v1,gaussian_std_sqrt_6_over_M_cubed_v1,networkx_greedy_largest_first_parent_v1,2.5.2,3.6.1,8fec810a64c20c37342487fc98a6e5b97f61935c03b42277bb7951e0e93cc532,9d8289c0e7e71f9b3b954ba921a63875d15c7456cd5ff67c49e6f2ee6e2dd60d
5,25,1.0,5,13,41,5,sparse_syk_majorana_v1,enumerate_lt_2m_else_binomial_rejection_v1,gaussian_std_sqrt_6_over_M_cubed_v1,networkx_greedy_largest_first_parent_v1,2.5.2,3.6.1,c5a26c366d22a5e5449d5b8e0f21f3b810a85c15e37d32dbbcdf18f64ecbb44c,dfba061a291e202f5c32aff4f7b9234cbc1971539f6d4d66f456dadd7863b6d1
5,25,1.0,6,19,64,6,sparse_syk_majorana_v1,enumerate_lt_2m_else_binomial_rejection_v1,gaussian_std_sqrt_6_over_M_cubed_v1,networkx_greedy_largest_first_parent_v1,2.5.2,3.6.1,339a26700697fdd5c0e1b210b90ad9907d5fbdfb398c5d04450c0986ef13ea6d,f670b36eddebb46bc9cd683fb0b8a84b40c9d94105860c0ded174b5aade7e157
5,25,1.0,7,14,53,7,sparse_syk_majorana_v1,enumerate_lt_2m_else_binomial_rejection_v1,gaussian_std_sqrt_6_over_M_cubed_v1,networkx_greedy_largest_first_parent_v1,2.5.2,3.6.1,6ae7f4d100c89eaf47f3c2bf56c029ac21ca3fc8c973d528d4ca531912237970,31feb1fee64dde1b466de6e0ca2da4150fa649cedd35a863e21e89006b2ad26c
5,25,1.0,8,13,45,8,sparse_syk_majorana_v1,enumerate_lt_2m_else_binomial_rejection_v1,gaussian_std_sqrt_6_over_M_cubed_v1,networkx_greedy_largest_first_parent_v1,2.5.2,3.6.1,ac193d8c824a09fea41d0dde7e3ac8911e8b7bca579c5103999c362e3dd2435f,8d2d280bcf3fc14dbe0d632df41a637cdcc8a4b923aca41aa4913d8611ec4784
5,25,1.0,9,15,51,9,sparse_syk_majorana_v1,enumerate_lt_2m_else_binomial_rejection_v1,gaussian_std_sqrt_6_over_M_cubed_v1,networkx_greedy_largest_first_parent_v1,2.5.2,3.6.1,5e3a8f64fc80b77dfd1c0961ea0797a9f5d6f5f186b692f073c112d2f6cbaf61,cdaf60f9ac30b4a377f4ee2e4dd4455c5abc1d6f435a5e7d8a9ba72471d36463
5,25,2.0,0,26,111,0,sparse_syk_majorana_v1,enumerate_lt_2m_else_binomial_rejection_v1,gaussian_std_sqrt_6_over_M_cubed_v1,networkx_greedy_largest_first_parent_v1,2.5.2,3.6.1,77dee84458b2f815062a408b3e18c7f0beb24293148e02ff65c4da837905db01,ca5323b89cdb9cbadc7c88401faaed3351b22d2d5f45fec5f939ffdfddf01401
5,25,2.0,1,24,94,1,sparse_syk_majorana_v1,enumerate_lt_2m_else_binomial_rejection_v1,gaussian_std_sqrt_6_over_M_cubed_v1,networkx_greedy_largest_first_parent_v1,2.5.2,3.6.1,a9c72e9890b8bad11a419821f063131bd2eb10ba296b5963aac6a78406961e82,6b4dd9a000c47d7f6400cc1739c436d474994562fbdc35adf75118a62978146f
5,25,2.0,2,25,104,2,sparse_syk_majorana_v1,enumerate_lt_2m_else_binomial_rejection_v1,gaussian_std_sqrt_6_over_M_cubed_v1,networkx_greedy_largest_first_parent_v1,2.5.2,3.6.1,4575a079a52962a68b0f6d4ab6e0c6979453ae5b3a4a8d21d999f6ae358fedcb,f6326081aee33d6574380385c02bdc410c5edbe432cfdc7e4c20bb6b2d6b8060
5,25,2.0,3,29,107,3,sparse_syk_majorana_v1,enumerate_lt_2m_else_binomial_rejection_v1,gaussian_std_sqrt_6_over_M_cubed_v1,networkx_greedy_largest_first_parent_v1,2.5.2,3.6.1,a0140cc9ec704885c80259f0a464aee7da72b27f168c82734d16f75a086b05f5,a02b687211c0590912ef1e604976762c3ae1d29a1cf988f181f6de40e0cf0080
5,25,2.0,4,24,93,4,sparse_syk_majorana_v1,enumerate_lt_2m_else_binomial_rejection_v1,gaussian_std_sqrt_6_over_M_cubed_v1,networkx_greedy_largest_first_parent_v1,2.5.2,3.6.1,75cd1b3e9dce3b93aee828567e66fbf31e81f5e438cb66e2d719e6a9d42e373e,dd7d0a48759d175307118942a475fdbb149443222594abfe355fb8324fd8b21b
5,25,2.0,5,24,88,5,sparse_syk_majorana_v1,enumerate_lt_2m_else_binomial_rejection_v1,gaussian_std_sqrt_6_over_M_cubed_v1,networkx_greedy_largest_first_parent_v1,2.5.2,3.6.1,85c390d0c980fd1e767972361470f3cfb8842629379b265a7d86e9c33b10d2c0,8df59cb7876dc897256b6d98d7f9d0365458d642caa2c8426bc48b7ecc4e19f1
5,25,2.0,6,30,117,6,sparse_syk_majorana_v1,enumerate_lt_2m_else_binomial_rejection_v1,gaussian_std_sqrt_6_over_M_cubed_v1,networkx_greedy_largest_first_parent_v1,2.5.2,3.6.1,d671f3261a3950823572f8be3fe679ad258829a471e23ada479b0d5dccc2c14d,2e23f55780ddcdf0b54178fe23b97e5e7f5baaaa1b959a0c666f6d822ccedeee
5,25,2.0,7,26,110,7,sparse_syk_majorana_v1,enumerate_lt_2m_else_binomial_rejection_v1,gaussian_std_sqrt_6_over_M_cubed_v1,networkx_greedy_largest_first_parent_v1,2.5.2,3.6.1,1d9858fe70a582fb5c12f2927b56a633ce42f6ba22aaa4011c6ba57156d2ea5f,a832700472735d08133bcc284968cd6c375a1bd57f04074bf1c5a6541e8ef25d
5,25,2.0,8,26,97,8,sparse_syk_majorana_v1,enumerate_lt_2m_else_binomial_rejection_v1,gaussian_std_sqrt_6_over_M_cubed_v1,networkx_greedy_largest_first_parent_v1,2.5.2,3.6.1,b26dd3d6199bff728387d2554f5cbbb035484c31c4a80e78d463939166e0f371,069a82e96550349cba5de7956a4bb838358fbdd9fdf4ac61e589faff2316a7c1
5,25,2.0,9,24,100,9,sparse_syk_majorana_v1,enumerate_lt_2m_else_binomial_rejection_v1,gaussian_std_sqrt_6_over_M_cubed_v1,networkx_greedy_largest_first_parent_v1,2.5.2,3.6.1,463ba1bea087b0ae37acedeb3627243cb359045718e7d9a5411340205a8f9e34,0f52895fab5f2ec0e652c199055df85822bd016ce72464a68da9cc2ec4670ad7
5,25,3.0,0,37,165,0,sparse_syk_majorana_v1,enumerate_lt_2m_else_binomial_rejection_v1,gaussian_std_sqrt_6_over_M_cubed_v1,networkx_greedy_largest_first_parent_v1,2.5.2,3.6.1,4876a62db9cf56e9a6016120523fbdbc39e649a3b9dd16324c1cf58f5030b667,615e897d18eff5f7a4ed7e0221a1fd5dde28450a0ca5d46b69c6db54181bbdc0
5,25,3.0,1,32,142,1,sparse_syk_majorana_v1,enumerate_lt_2m_else_binomial_rejection_v1,gaussian_std_sqrt_6_over_M_cubed_v1,networkx_greedy_largest_first_parent_v1,2.5.2,3.6.1,0f27f91c85e74099d7c822c9c09925b8fecbc462f533cdf03e83a6a9582c16f9,140428eb9d7b2b6350600135dc34cf27e70440ec2176ac5999ad347b10121c4d
5,25,3.0,2,38,162,2,sparse_syk_majorana_v1,enumerate_lt_2m_else_binomial_rejection_v1,gaussian_std_sqrt_6_over_M_cubed_v1,networkx_greedy_largest_first_parent_v1,2.5.2,3.6.1,0e415edfdafa1bfabfa1da911e576ac4f820f19f382474774dc32655a584fab8,5bfd642d6d24811c31ba052aa0384d7d4c7dd7db68d0a104e6052fc776092d42
5,25,3.0,3,36,152,3,sparse_syk_majorana_v1,enumerate_lt_2m_else_binomial_rejection_v1,gaussian_std_sqrt_6_over_M_cubed_v1,networkx_greedy_largest_first_parent_v1,2.5.2,3.6.1,2c8bed1e1afa09bc07b49b9f8eac7e67059229641823267b86a3bbfe3d0d2931,18358e97d74c5474236a7c2f091458ff994608e96a5c7417c32ede69be5624f9
5,25,3.0,4,35,149,4,sparse_syk_majorana_v1,enumerate_lt_2m_else_binomial_rejection_v1,gaussian_std_sqrt_6_over_M_cubed_v1,networkx_greedy_largest_first_parent_v1,2.5.2,3.6.1,0ed156fae49bd2d45e65231abdc8b9bc3f9ad315de505bd1e91172374e92713e,28bb19fdda18f083efed479657587eac43cf1726ee4f6b220db02705b0b5318f
5,25,3.0,5,32,130,5,sparse_syk_majorana_v1,enumerate_lt_2m_else_binomial_rejection_v1,gaussian_std_sqrt_6_over_M_cubed_v1,networkx_greedy_largest_first_parent_v1,2.5.2,3.6.1,ce84856d8ec425f28dc651c70c5d695d3f6e82fec27e757c4d4f17200b5757a4,026a0290b453331d32b822c7a3b6d7af54f33c2580218e8c4785099d15b54deb
5,25,3.0,6,38,166,6,sparse_syk_majorana_v1,enumerate_lt_2m_else_binomial_rejection_v1,gaussian_std_sqrt_6_over_M_cubed_v1,networkx_greedy_largest_first_parent_v1,2.5.2,3.6.1,dd97f9ca8d82673345c42233f38121e394f2475fe30004e799c0a4b4c4cb75d5,d6393f5ae4d4bbe420995ee6c4942e4ac5c8e714d6ebb0e4a0bcc5295e521e94
5,25,3.0,7,35,152,7,sparse_syk_majorana_v1,enumerate_lt_2m_else_binomial_rejection_v1,gaussian_std_sqrt_6_over_M_cubed_v1,networkx_greedy_largest_first_parent_v1,2.5.2,3.6.1,78b9c1e15306c63d7df0c6b8ab6f020b91f611a99820b9c37aeaa44278f4d27a,101b30ee58cb6ca0c28719de09f6d9baaaef828a42b03cb04ae13c03e7ddfb2c
5,25,3.0,8,37,150,8,sparse_syk_majorana_v1,enumerate_lt_2m_else_binomial_rejection_v1,gaussian_std_sqrt_6_over_M_cubed_v1,networkx_greedy_largest_first_parent_v1,2.5.2,3.6.1,e0cab03d2aed6bbee043104db1384281a8579e229891f1417e3aa7ee84f37fea,7eff610dff229c3a5c7b756155da983b4cd7a0e43959c798f667b50f8c835be3
5,25,3.0,9,33,146,9,sparse_syk_majorana_v1,enumerate_lt_2m_else_binomial_rejection_v1,gaussian_std_sqrt_6_over_M_cubed_v1,networkx_greedy_largest_first_parent_v1,2.5.2,3.6.1,58d62c82769a95788a6a848bf6a70f3127c6c3cc87ab191cc624f5bd0b4ac3cf,5d739c85e23a2eaf264aa4a9149e5c0c8e47844e1e047bc61b874c79c76e5c5d
6,36,0.5,0,10,40,0,sparse_syk_majorana_v1,enumerate_lt_2m_else_binomial_rejection_v1,gaussian_std_sqrt_6_over_M_cubed_v1,networkx_greedy_largest_first_parent_v1,2.5.2,3.6.1,099f1867350b1b513ddcb8e7262611ad930d653c26126e9e6aba8d1ef76ce791,1f2c36b51bbe01feb118010f5c2fb6332cd5e4c0e1081ecce3dda3679f2d7363
6,36,0.5,1,10,37,1,sparse_syk_majorana_v1,enumerate_lt_2m_else_binomial_rejection_v1,gaussian_std_sqrt_6_over_M_cubed_v1,networkx_greedy_largest_first_parent_v1,2.5.2,3.6.1,6a640e21a2201ad422c6ec5b9b5408f784ac20121ee8e5c5a26a5ccd2d45fb1e,d152c4c488ddd52aa1afa189fa51fb916536ac9413201e05d5b4c25406568f0b
6,36,0.5,2,8,32,2,sparse_syk_majorana_v1,enumerate_lt_2m_else_binomial_rejection_v1,gaussian_std_sqrt_6_over_M_cubed_v1,networkx_greedy_largest_first_parent_v1,2.5.2,3.6.1,d52cfc0f77df719a437c66708e5d9df88a0688270ee5fb2cc9ddeb1fd0c97709,d62fce1b9a463bc88d30c7a275ad5f17545fc0d5047ebc591c7871c6a178b196
6,36,0.5,3,10,35,3,sparse_syk_majorana_v1,enumerate_lt_2m_else_binomial_rejection_v1,gaussian_std_sqrt_6_over_M_cubed_v1,networkx_greedy_largest_first_parent_v1,2.5.2,3.6.1,87e77a65e4bb8008861900c29c00210afc8097adcb630eb8426cc7351585e83e,4539afa5a11b9bf994d8f402a4ad881243e17d24bdeb4476de77161518efd4a1
6,36,0.5,4,8,39,4,sparse_syk_majorana_v1,enumerate_lt_2m_else_binomial_rejection_v1,gaussian_std_sqrt_6_over_M_cubed_v1,networkx_greedy_largest_first_parent_v1,2.5.2,3.6.1,160e8a253f04e4222d2fd37c9e8d4c94937a29642243b1892488511c3e8e0f71,b47203df6fe8c727d90df3cba71924d9f71ce64b4d2068a1b985753f34dbde73
6,36,0.5,5,8,34,5,sparse_syk_majorana_v1,enumerate_lt_2m_else_binomial_rejection_v1,gaussian_std_sqrt_6_over_M_cubed_v1,networkx_greedy_largest_first_parent_v1,2.5.2,3.6.1,5ec1a0ca67967b223fdf80458b422821bc4b41240ecb2dcbde4c1181aecdc30c,bc4066b1f896b854e018ca9ed3c3bbecc0a2fe374c577f56330d7d3347ccce9a
6,36,0.5,6,9,40,6,sparse_syk_majorana_v1,enumerate_lt_2m_else_binomial_rejection_v1,gaussian_std_sqrt_6_over_M_cubed_v1,networkx_greedy_largest_first_parent_v1,2.5.2,3.6.1,5e69be5ab011fc76dbfcada4107cd5bbe7e9b6dc45784ad4bfdaa13663035e85,ccec030977bc818a8b237b6400c81427841b516a0e1c9eea61608ccc53aea007
6,36,0.5,7,9,35,7,sparse_syk_majorana_v1,enumerate_lt_2m_else_binomial_rejection_v1,gaussian_std_sqrt_6_over_M_cubed_v1,networkx_greedy_largest_first_parent_v1,2.5.2,3.6.1,3f040e67d52869214fcc65d736b15e35c958869fd614e315d23eb8c81c5a7ff9,aa3d171a6f8c76e6b7d9c13d8d05130ac2ce42805e10e480abc8dff0a7cce7e1
6,36,0.5,8,8,31,8,sparse_syk_majorana_v1,enumerate_lt_2m_else_binomial_rejection_v1,gaussian_std_sqrt_6_over_M_cubed_v1,networkx_greedy_largest_first_parent_v1,2.5.2,3.6.1,3108d44b5954a7505a715c591fe60332cf7611c89330cc29405ddc416563b050,ec3f3c7d96a6eb4465a88495f886aaf55fefbf9db25cc710816684f1fa591341
6,36,0.5,9,6,24,9,sparse_syk_majorana_v1,enumerate_lt_2m_else_binomial_rejection_v1,gaussian_std_sqrt_6_over_M_cubed_v1,networkx_greedy_largest_first_parent_v1,2.5.2,3.6.1,8df407b133377b76a92f307a67f3f41fca45f2dfd5b2a18fcbe3897fecce7df6,b658c753e5ba129cb767e8548cb44b7eeaa298e58b418840c4f58fcbc4c44cdb
6,36,1.0,0,15,77,0,sparse_syk_majorana_v1,enumerate_lt_2m_else_binomial_rejection_v1,gaussian_std_sqrt_6_over_M_cubed_v1,networkx_greedy_largest_first_parent_v1,2.5.2,3.6.1,6224012cd120de8b8b6de4abc3f95088bf63cb1bbfeb480b21995b70210511a1,d2740a473684e1f1e7a96be627d246738a419fb1bec58af160475bf805b912dc
6,36,1.0,1,15,70,1,sparse_syk_majorana_v1,enumerate_lt_2m_else_binomial_rejection_v1,gaussian_std_sqrt_6_over_M_cubed_v1,networkx_greedy_largest_first_parent_v1,2.5.2,3.6.1,d9bd26b566dfbbb5e1de6ccb35139ffb4aecbbe49e79421e84126d9e9903d075,8a85efb4c71ca066a1e25166afcbedcbcf6cd2fa5efeef54b04a0754901ef6e4
6,36,1.0,2,13,62,2,sparse_syk_majorana_v1,enumerate_lt_2m_else_binomial_rejection_v1,gaussian_std_sqrt_6_over_M_cubed_v1,networkx_greedy_largest_first_parent_v1,2.5.2,3.6.1,5c776851c9e7a0432c9fc7139e5f07ae4fc36c94127949d16aacfe950de59442,0b2eb184162f4fd066742c1612d45608cfcdbfbc9638206b1eac5c1e69ccad01
6,36,1.0,3,15,74,3,sparse_syk_majorana_v1,enumerate_lt_2m_else_binomial_rejection_v1,gaussian_std_sqrt_6_over_M_cubed_v1,networkx_greedy_largest_first_parent_v1,2.5.2,3.6.1,b85ceea75ba7616eeac422b415f9ce1c5b33a39e9947d7bbc732acf38ac9f294,ab6ae212019b36a9cf6480bad269000c172dbc82b07f8cc3497e1fa64618bf04
6,36,1.0,4,15,75,4,sparse_syk_majorana_v1,enumerate_lt_2m_else_binomial_rejection_v1,gaussian_std_sqrt_6_over_M_cubed_v1,networkx_greedy_largest_first_parent_v1,2.5.2,3.6.1,1e0fa897bdbd216dd7f29550d24291ae65fcb4cf3c195bd971a79326c7dc435c,c71880992348c0a41c39472fca323a499c61a12f493c30074a4beb91cb83d5f2
6,36,1.0,5,13,64,5,sparse_syk_majorana_v1,enumerate_lt_2m_else_binomial_rejection_v1,gaussian_std_sqrt_6_over_M_cubed_v1,networkx_greedy_largest_first_parent_v1,2.5.2,3.6.1,3085f38201ce0125095845363d8d2162dcbffaa3cec140142a344284b1f0d248,0f3e2f92825360f186e7a8fb1e1ad8d36cff4c1887a332fa1023566666ad8cc4
6,36,1.0,6,17,81,6,sparse_syk_majorana_v1,enumerate_lt_2m_else_binomial_rejection_v1,gaussian_std_sqrt_6_over_M_cubed_v1,networkx_greedy_largest_first_parent_v1,2.5.2,3.6.1,fde557db93ed7821ee4c21e285c259b5e6cd5ef9cc80639b71ad4352bf398cb7,4bd14a57b2e9eeff78a9351a30cba5d5a2b7a01b5eb86a4a6fcd3ad8e7da7242
6,36,1.0,7,14,68,7,sparse_syk_majorana_v1,enumerate_lt_2m_else_binomial_rejection_v1,gaussian_std_sqrt_6_over_M_cubed_v1,networkx_greedy_largest_first_parent_v1,2.5.2,3.6.1,09597397cf2b56ca0b9c020d55ab8a96a941b8c96d712ba76ff268c12301acbc,6e486a3ecbcee6c12b5923f435e673f90a95bd31078c4e118e74e17c46f899b2
6,36,1.0,8,16,79,8,sparse_syk_majorana_v1,enumerate_lt_2m_else_binomial_rejection_v1,gaussian_std_sqrt_6_over_M_cubed_v1,networkx_greedy_largest_first_parent_v1,2.5.2,3.6.1,b0b186ada2ccc943e28570c6d5b4b7c8a678eebd493d9798c824773460bbf75b,ee75466ad1b74ba7e4a23e32b30484d7cd54c193bfb8e121e2d0d144f1dc4cfb
6,36,1.0,9,10,53,9,sparse_syk_majorana_v1,enumerate_lt_2m_else_binomial_rejection_v1,gaussian_std_sqrt_6_over_M_cubed_v1,networkx_greedy_largest_first_parent_v1,2.5.2,3.6.1,f6fd19ad9de534210f22fd50d833b6c37c5bf3829d2757d662e888214685a87f,3eaa5cb4a281df94fef89e6e48ee8db409a2ec67ca24baea26171895ff6b2fce
6,36,2.0,0,28,158,0,sparse_syk_majorana_v1,enumerate_lt_2m_else_binomial_rejection_v1,gaussian_std_sqrt_6_over_M_cubed_v1,networkx_greedy_largest_first_parent_v1,2.5.2,3.6.1,d63964b8b2f37dd87a24f8b0233bf55dcd3881b0bc30cec085867982b2ecefa9,5c4534f60c931f8d98a6a8b42c20dad658bd134dbffd0941e48e1798ca857a28
6,36,2.0,1,28,153,1,sparse_syk_majorana_v1,enumerate_lt_2m_else_binomial_rejection_v1,gaussian_std_sqrt_6_over_M_cubed_v1,networkx_greedy_largest_first_parent_v1,2.5.2,3.6.1,cae4999012b2537b401a84d959154412642c79cbeede5efcd2503f343909e297,1fdab93116cd295f32cd7a0aa25990958b4d3c2dd27bd0184048507c005218a6
6,36,2.0,2,24,126,2,sparse_syk_majorana_v1,enumerate_lt_2m_else_binomial_rejection_v1,gaussian_std_sqrt_6_over_M_cubed_v1,networkx_greedy_largest_first_parent_v1,2.5.2,3.6.1,701c6550338bc1db4ea37e7957f139fe3556d5b97d50886c28285c158bdbd8da,3009b7ba629395dfcd1187a450bde4292e4e21459650f1b803677a6f3758e673
6,36,2.0,3,29,150,3,sparse_syk_majorana_v1,enumerate_lt_2m_else_binomial_rejection_v1,gaussian_std_sqrt_6_over_M_cubed_v1,networkx_greedy_largest_first_parent_v1,2.5.2,3.6.1,6d090c9d46a0d379ab17de28f6b87925430d22caea7ed24af0c724fc22bfd314,ebf7b83a05a701b918d6f4bf658eb66872282308e16908177837430284da233e
6,36,2.0,4,25,141,4,sparse_syk_majorana_v1,enumerate_lt_2m_else_binomial_rejection_v1,gaussian_std_sqrt_6_over_M_cubed_v1,networkx_greedy_largest_first_parent_v1,2.5.2,3.6.1,3459baf23f2479b086cb23970f9a49b8c3b148059f54df09108c962871435984,9ae5cc5a975929e064177761d73af68d617f34cb520e6244c0ec0ceab19b5bfd
6,36,2.0,5,25,137,5,sparse_syk_majorana_v1,enumerate_lt_2m_else_binomial_rejection_v1,gaussian_std_sqrt_6_over_M_cubed_v1,networkx_greedy_largest_first_parent_v1,2.5.2,3.6.1,45c1e3cb15f7095765d1910e6bfc8998a4903a370c113434d16e48c0c7898012,cf50fec598471291a8af8105a453029d14508405b99092c5e76c158fbc2b7925
6,36,2.0,6,29,167,6,sparse_syk_majorana_v1,enumerate_lt_2m_else_binomial_rejection_v1,gaussian_std_sqrt_6_over_M_cubed_v1,networkx_greedy_largest_first_parent_v1,2.5.2,3.6.1,e8fef1df450ed6521e1197a33dda7c940582520b59210dd33de2c3c351d497bf,f6cecb881fc43179bc1af36502f1e9c382f1c9920db5995b79ab8851ea655de8
6,36,2.0,7,24,141,7,sparse_syk_majorana_v1,enumerate_lt_2m_else_binomial_rejection_v1,gaussian_std_sqrt_6_over_M_cubed_v1,networkx_greedy_largest_first_parent_v1,2.5.2,3.6.1,94d7b9b57d3ac5a99138ea90729e37626a38f46265c307d01515b4a0e7e7cc44,95f31578a837081c3294aabf081ae4808683b79379681f9982b41e37af53b78a
6,36,2.0,8,27,145,8,sparse_syk_majorana_v1,enumerate_lt_2m_else_binomial_rejection_v1,gaussian_std_sqrt_6_over_M_cubed_v1,networkx_greedy_largest_first_parent_v1,2.5.2,3.6.1,4da223c943a9d7d1152b5a0d53517d70a5610f4a6a3b2d4916ab7cf6d3c962b8,61ef29463bcf4a2eba8e48cf8ccfe7224c7d15241d357fa6d6b11ae5e4bc18cf
6,36,2.0,9,22,131,9,sparse_syk_majorana_v1,enumerate_lt_2m_else_binomial_rejection_v1,gaussian_std_sqrt_6_over_M_cubed_v1,networkx_greedy_largest_first_parent_v1,2.5.2,3.6.1,445ac015b14d65019295b694d1926f1f5f82a3b55c65ca66273ba271a8a89728,ed3d69b1326b2b307384fb5faf5781849382ad9ebe73c5bfa039f8fb9d26392a
6,36,3.0,0,39,231,0,sparse_syk_majorana_v1,enumerate_lt_2m_else_binomial_rejection_v1,gaussian_std_sqrt_6_over_M_cubed_v1,networkx_greedy_largest_first_parent_v1,2.5.2,3.6.1,f81c9dd3c640d0767cdca1faea34da5430b1f7f633924ec5d7f8f6baba2f0bb3,d46a708d05d9fc2639d6904d57e2d5dd81f6634b9164bb38ed9c362dd544b347
6,36,3.0,1,36,214,1,sparse_syk_majorana_v1,enumerate_lt_2m_else_binomial_rejection_v1,gaussian_std_sqrt_6_over_M_cubed_v1,networkx_greedy_largest_first_parent_v1,2.5.2,3.6.1,1024ce2c7cb7f82556a704dcb396cb097d6c33d57395880011d0f6e62114af9d,6e0ff3a20ca8a7fd2dc147f161b2f28df7a23fd0ab25561bd00feafbe653fcc8
6,36,3.0,2,33,193,2,sparse_syk_majorana_v1,enumerate_lt_2m_else_binomial_rejection_v1,gaussian_std_sqrt_6_over_M_cubed_v1,networkx_greedy_largest_first_parent_v1,2.5.2,3.6.1,83d8807f7249d1577ce9053edb3532ac0a34df4147e17d48b61db0702c72e432,cc877bd769db58ef0e220492e7f804b8e8ca676cea8fe47c00f55de5a0862b0e
6,36,3.0,3,38,220,3,sparse_syk_majorana_v1,enumerate_lt_2m_else_binomial_rejection_v1,gaussian_std_sqrt_6_over_M_cubed_v1,networkx_greedy_largest_first_parent_v1,2.5.2,3.6.1,d1c9936c8d3c9fd370ccc4dba7847b001033f80163b55e139e82e56e5cf9b1ff,3f2f937e68267d25cf5ccb005e81f71619daa18d115f117a3850c16c96eb84cd
6,36,3.0,4,33,206,4,sparse_syk_majorana_v1,enumerate_lt_2m_else_binomial_rejection_v1,gaussian_std_sqrt_6_over_M_cubed_v1,networkx_greedy_largest_first_parent_v1,2.5.2,3.6.1,d6b9150c807373f67e23676264bb0c9d9cdaa75b852b6110ff5fd32a285409b8,306ddc837ec152673e408452bd948568af1dc6cb933eb16ff85dc7d80d280071
6,36,3.0,5,34,199,5,sparse_syk_majorana_v1,enumerate_lt_2m_else_binomial_rejection_v1,gaussian_std_sqrt_6_over_M_cubed_v1,networkx_greedy_largest_first_parent_v1,2.5.2,3.6.1,d8cd001876e3529a4df873a84797f8cc81fc21bc080e3740108493818e8fc4cd,9dd9f14d49590f94b3d29bc0d990e4e5cda3203e394f451ef3d3bb0088c919cf
6,36,3.0,6,40,244,6,sparse_syk_majorana_v1,enumerate_lt_2m_else_binomial_rejection_v1,gaussian_std_sqrt_6_over_M_cubed_v1,networkx_greedy_largest_first_parent_v1,2.5.2,3.6.1,4a3904e06fe3cf9baef47d89fbf4c5d60e1c246c9b42d5c0b1509a2ab7c35f66,468c406bd01a3e2e4f055c119f0e859ffe860da88922cd8e15cda49ebd23e707
6,36,3.0,7,36,212,7,sparse_syk_majorana_v1,enumerate_lt_2m_else_binomial_rejection_v1,gaussian_std_sqrt_6_over_M_cubed_v1,networkx_greedy_largest_first_parent_v1,2.5.2,3.6.1,5ec6eedd898c6e50269b126fcdccad7784b3e0d10af9c2c478c56969df38be61,93e84ed071ae5107c393acfac979f6bc0425878738d0d347626e9170882c19b0
6,36,3.0,8,35,215,8,sparse_syk_majorana_v1,enumerate_lt_2m_else_binomial_rejection_v1,gaussian_std_sqrt_6_over_M_cubed_v1,networkx_greedy_largest_first_parent_v1,2.5.2,3.6.1,b7c12192cc377e94bb86ee97a60804140add0deba05bb2f3e60db2c393854c26,12cd8b1ad518a386d5e073b166f00aff318747bbc3175c0760faa4fbc469374c
6,36,3.0,9,36,212,9,sparse_syk_majorana_v1,enumerate_lt_2m_else_binomial_rejection_v1,gaussian_std_sqrt_6_over_M_cubed_v1,networkx_greedy_largest_first_parent_v1,2.5.2,3.6.1,fd6fd0ac953a3451033b95c8d18277ccc624764f60d8a311531e433af5ac0450,e8585ec9bc7866af44cf20de4c1ceef226f308f21f4531e2854aa1064a2d9cea
7,49,0.5,0,9,50,0,sparse_syk_majorana_v1,enumerate_lt_2m_else_binomial_rejection_v1,gaussian_std_sqrt_6_over_M_cubed_v1,networkx_greedy_largest_first_parent_v1,2.5.2,3.6.1,bca3bb5919b0223755cffbfe5ee2be61879efcf45bf6f886f65f6a93d83a9051,5497d7b5386188e22d3996e56becc9aef92d359647efbd54b314fff4f32cbc72
7,49,0.5,1,8,43,1,sparse_syk_majorana_v1,enumerate_lt_2m_else_binomial_rejection_v1,gaussian_std_sqrt_6_over_M_cubed_v1,networkx_greedy_largest_first_parent_v1,2.5.2,3.6.1,19fafdd04326151052e17a5c404007df20a66b84555bbf6ed9a4d3831418c97b,375fded90442b1242773ed1b57e8e5784d8e8605730269637247264e232e8d2d
7,49,0.5,2,10,52,2,sparse_syk_majorana_v1,enumerate_lt_2m_else_binomial_rejection_v1,gaussian_std_sqrt_6_over_M_cubed_v1,networkx_greedy_largest_first_parent_v1,2.5.2,3.6.1,4d6e9ed1446c524ba40764ca137b6ac3950366cec575a7b818d76856d8dceedd,cd9a95d0ab6ed6efc7b2e93f00de89128258c40378a73122bba0127ea6826a7f
7,49,0.5,3,8,49,3,sparse_syk_majorana_v1,enumerate_lt_2m_else_binomial_rejection_v1,gaussian_std_sqrt_6_over_M_cubed_v1,networkx_greedy_largest_first_parent_v1,2.5.2,3.6.1,6e0b0a59c1030f2d7460f690f6dcb7ad2952cd533399a41b9e414d0c33ca55a5,f04db5fb9593eaf599d1270b76fa093cee567f5078086ce6229a0f6b442e745b
7,49,0.5,4,11,63,4,sparse_syk_majorana_v1,enumerate_lt_2m_else_binomial_rejection_v1,gaussian_std_sqrt_6_over_M_cubed_v1,networkx_greedy_largest_first_parent_v1,2.5.2,3.6.1,2456ff2c0bce2aa6f9b2fdb66a75bc97c8a90ea0363c5bf869f9c1f46705d07a,6de1256c20a73b80381a7955471ebbd6be765d51310a52d4f43e8b83f8dbbcb0
7,49,0.5,5,8,43,5,sparse_syk_majorana_v1,enumerate_lt_2m_else_binomial_rejection_v1,gaussian_std_sqrt_6_over_M_cubed_v1,networkx_greedy_largest_first_parent_v1,2.5.2,3.6.1,9c24537092c56ee51d59d99073ba5546a34cf65b5bd256f8309fc148c8c46a05,6d289a81f6dcc8f5337ddcc4b66d00caa0129d6594572bbcf3759aae566e9a5b
7,49,0.5,6,8,44,6,sparse_syk_majorana_v1,enumerate_lt_2m_else_binomial_rejection_v1,gaussian_std_sqrt_6_over_M_cubed_v1,networkx_greedy_largest_first_parent_v1,2.5.2,3.6.1,037e40add3cc61fb1d48cd91a618d6f82ff9980f0493e4d4ce532281586778a4,16473fd1be45eed8f3e312d15626fe692674ad77708d595c2f022288009bbac2
7,49,0.5,7,9,57,7,sparse_syk_majorana_v1,enumerate_lt_2m_else_binomial_rejection_v1,gaussian_std_sqrt_6_over_M_cubed_v1,networkx_greedy_largest_first_parent_v1,2.5.2,3.6.1,9606545a1c486cdbfac28e920d2b55d7359fdb010c38d1e07dbe9c0d5d94953b,52c96fc5aa2a86ace601f7716d69cbe82634ddfb023e896e1d9459a23de9ccac
7,49,0.5,8,13,47,8,sparse_syk_majorana_v1,enumerate_lt_2m_else_binomial_rejection_v1,gaussian_std_sqrt_6_over_M_cubed_v1,networkx_greedy_largest_first_parent_v1,2.5.2,3.6.1,d7791a65dad8dce6804e5685d968f60a7d664046170740fc0de9e0a6df873283,31b90163756de7864e7006ca21980428de682df3ad3d89a7466ceb19d1754c24
7,49,0.5,9,7,38,9,sparse_syk_majorana_v1,enumerate_lt_2m_else_binomial_rejection_v1,gaussian_std_sqrt_6_over_M_cubed_v1,networkx_greedy_largest_first_parent_v1,2.5.2,3.6.1,a48d30d5dd79be463889d54236e9268185d4bd6353e0c40436d8b1c1b6fcd5be,72aac149e5f7f142c9dbd8e7c566a19461a1abcaed81d902124db12b3936feca
7,49,1.0,0,15,90,0,sparse_syk_majorana_v1,enumerate_lt_2m_else_binomial_rejection_v1,gaussian_std_sqrt_6_over_M_cubed_v1,networkx_greedy_largest_first_parent_v1,2.5.2,3.6.1,83e368fd684a135daf137ca725fd58ae7731a15824a23da7962f608e19575a95,6ae84a175ada861ee13bc1f54b1a1f51752970598424ee8aba487f2731972ef1
7,49,1.0,1,15,98,1,sparse_syk_majorana_v1,enumerate_lt_2m_else_binomial_rejection_v1,gaussian_std_sqrt_6_over_M_cubed_v1,networkx_greedy_largest_first_parent_v1,2.5.2,3.6.1,3b43517658cb097062a3f6fd7e7e7e8fe36174eefaa02869057e3e77a2499cfb,4af252ee6a86b9d99419bf21fe86ea9ec00df31d8aa3556cefe7ac426acf7f37
7,49,1.0,2,15,101,2,sparse_syk_majorana_v1,enumerate_lt_2m_else_binomial_rejection_v1,gaussian_std_sqrt_6_over_M_cubed_v1,networkx_greedy_largest_first_parent_v1,2.5.2,3.6.1,21806cc7c785a74c624b5ac34d67eb8869d83cd6adb5e67317e57e9598d92e48,afa5a3a07efad4671fb33a3c8fe50347f2bda74768a3de5661df4f7cbda66c58
7,49,1.0,3,14,97,3,sparse_syk_majorana_v1,enumerate_lt_2m_else_binomial_rejection_v1,gaussian_std_sqrt_6_over_M_cubed_v1,networkx_greedy_largest_first_parent_v1,2.5.2,3.6.1,1623e73e459f8524dba08529844735043d9f67315adfe4927c12552355d43c40,b0ddec77e8c627ba8fb4350cf4e33394abcc4342d9f3a3c94b419932bd74feaa
7,49,1.0,4,18,120,4,sparse_syk_majorana_v1,enumerate_lt_2m_else_binomial_rejection_v1,gaussian_std_sqrt_6_over_M_cubed_v1,networkx_greedy_largest_first_parent_v1,2.5.2,3.6.1,4941b7cbaf0d04a1eae7dd87d994da6d718ac51ab499f0e401caf8a1e8e4d8b0,89b9e5f7e183699aa5d8bb654c025cef5dee53bc694c89af109008e63ce17ad8
7,49,1.0,5,16,110,5,sparse_syk_majorana_v1,enumerate_lt_2m_else_binomial_rejection_v1,gaussian_std_sqrt_6_over_M_cubed_v1,networkx_greedy_largest_first_parent_v1,2.5.2,3.6.1,7aced69d2704e63e9cfdf0bb76d72ceb1a6dbbc85dc5c333cdf0d5d74f951119,a1d01137bace5e53e7b61d72bab114f48badd1fb3da8543bc6c18dc737e5a280
7,49,1.0,6,18,109,6,sparse_syk_majorana_v1,enumerate_lt_2m_else_binomial_rejection_v1,gaussian_std_sqrt_6_over_M_cubed_v1,networkx_greedy_largest_first_parent_v1,2.5.2,3.6.1,ce13c7b354c46292dce46ee9426fa06f63e91866d04b913c7dd073ce6bb0659f,4176cbea71a0a81949a70850a279cfaf79302d181ee724df0258ebf318ef8ddd
7,49,1.0,7,16,104,7,sparse_syk_majorana_v1,enumerate_lt_2m_else_binomial_rejection_v1,gaussian_std_sqrt_6_over_M_cubed_v1,networkx_greedy_largest_first_parent_v1,2.5.2,3.6.1,2ec56c23d563b937647cbc5e7051a588829f686b92c46bf672f2ef84e73d0f01,61bf65b058bd1444d7f5c3f43a4378b676c1e55dddb4ae228459c7c79dc46d03
7,49,1.0,8,14,91,8,sparse_syk_majorana_v1,enumerate_lt_2m_else_binomial_rejection_v1,gaussian_std_sqrt_6_over_M_cubed_v1,networkx_greedy_largest_first_parent_v1,2.5.2,3.6.1,b9dccc9aa9070e04217fb94fa872b5eb3fc2dba68a6e3b2eea0df978a9eec70d,5a98bfca4926481a2f8e52a2dd3d31c6633c3734998d3c69661f513f67fd6820
7,49,1.0,9,17,114,9,sparse_syk_majorana_v1,enumerate_lt_2m_else_binomial_rejection_v1,gaussian_std_sqrt_6_over_M_cubed_v1,networkx_greedy_largest_first_parent_v1,2.5.2,3.6.1,edf93610c1fa112943cf1785cb4efcac273c42dc15022433019419b31ba15ccf,99d1fac6d1cbddbcf0ad6bf5cf3bea4ff68c6555b223f7e9455b12c5c7ba10cc
7,49,2.0,0,25,171,0,sparse_syk_majorana_v1,enumerate_lt_2m_else_binomial_rejection_v1,gaussian_std_sqrt_6_over_M_cubed_v1,networkx_greedy_largest_first_parent_v1,2.5.2,3.6.1,5d1ec14d31fcf3ce680fb6cee2a1c584f93f185229a3f7ef7a25393fa94f7766,bc28fd6eccdad334d74d3e67a3f5f36486bebf4b6d57e68b43040e314a23326a
7,49,2.0,1,26,192,1,sparse_syk_majorana_v1,enumerate_lt_2m_else_binomial_rejection_v1,gaussian_std_sqrt_6_over_M_cubed_v1,networkx_greedy_largest_first_parent_v1,2.5.2,3.6.1,d14b5aaf1324aa8ecb5c2f07845e25061c907b722fcc610141fae16d7b3c09e0,2be22d3c61695264e5b2a39b4f07717ff099503011d7c4f33450643abbb22b33
7,49,2.0,2,29,199,2,sparse_syk_majorana_v1,enumerate_lt_2m_else_binomial_rejection_v1,gaussian_std_sqrt_6_over_M_cubed_v1,networkx_greedy_largest_first_parent_v1,2.5.2,3.6.1,24822c40a6e65622f4a1fbeea98248eeb537cfcc5db79264da0787b3ff5a8a99,5f3d3dc6d54ca29a20208f59b5c3e3fa1085b4de16544dbbe3ea2f63b2143e55
7,49,2.0,3,27,193,3,sparse_syk_majorana_v1,enumerate_lt_2m_else_binomial_rejection_v1,gaussian_std_sqrt_6_over_M_cubed_v1,networkx_greedy_largest_first_parent_v1,2.5.2,3.6.1,81601a4484ea35f1991fd306cf76166e227628135bd2046481b30a81d33dd186,a737edfea0ae7ac1ff05b65190f72081c71e7603f2046032d00649a20058393e
7,49,2.0,4,23,165,4,sparse_syk_majorana_v1,enumerate_lt_2m_else_binomial_rejection_v1,gaussian_std_sqrt_6_over_M_cubed_v1,networkx_greedy_largest_first_parent_v1,2.5.2,3.6.1,52b09a6e7a7714c505ed63e0415ba811c6f275f75319a75b81c9931a93a037e1,4ca101c92c76037dbab92848774a7d0376b5965e90ad75a215d0605e73112101
7,49,2.0,5,27,210,5,sparse_syk_majorana_v1,enumerate_lt_2m_else_binomial_rejection_v1,gaussian_std_sqrt_6_over_M_cubed_v1,networkx_greedy_largest_first_parent_v1,2.5.2,3.6.1,95cecc56063b296d65efb264304f5caa7ee2afb99e1dbd2b1c725bef8be27bbe,afa35a896198023d042c2ed7054d28cd7125e458d4f1beb817722472acf13a70
7,49,2.0,6,29,210,6,sparse_syk_majorana_v1,enumerate_lt_2m_else_binomial_rejection_v1,gaussian_std_sqrt_6_over_M_cubed_v1,networkx_greedy_largest_first_parent_v1,2.5.2,3.6.1,f4bdd214ecae633d66d682966c294d9f2a020b69a8c57a8f43f845ca10f9e1a6,03e6f7c4812b4979f0a1c65c8fb34b67bcb45b2bd7fd736d7c9f5ef0c8e8f8a3
7,49,2.0,7,31,199,7,sparse_syk_majorana_v1,enumerate_lt_2m_else_binomial_rejection_v1,gaussian_std_sqrt_6_over_M_cubed_v1,networkx_greedy_largest_first_parent_v1,2.5.2,3.6.1,25e1b1574e121bcc669d7f86eed21d8338ef6efbd9a480501cf2b2e1892b502d,47ece0a8e24caff36b26bd91892470fd9c05e4a17c2b71cf236f6875763d7a33
7,49,2.0,8,25,184,8,sparse_syk_majorana_v1,enumerate_lt_2m_else_binomial_rejection_v1,gaussian_std_sqrt_6_over_M_cubed_v1,networkx_greedy_largest_first_parent_v1,2.5.2,3.6.1,db8188d1957680b27ae5bd2d5e02bcf3456dac04941f66c2228d69470867f076,3e12ee61f1c28420d055377b512adb94ecf19d2c5468813c477cd93fcb620570
7,49,2.0,9,29,214,9,sparse_syk_majorana_v1,enumerate_lt_2m_else_binomial_rejection_v1,gaussian_std_sqrt_6_over_M_cubed_v1,networkx_greedy_largest_first_parent_v1,2.5.2,3.6.1,9318df5c4ba3407eb0196774fc264ac8cdcb2a9aaf776cb5ba8b37192fad35e1,ec4366b65569e50e653375f945fa61bcd95c124f126692d6ea39940c314ff9c3
7,49,3.0,0,40,317,0,sparse_syk_majorana_v1,enumerate_lt_2m_else_binomial_rejection_v1,gaussian_std_sqrt_6_over_M_cubed_v1,networkx_greedy_largest_first_parent_v1,2.5.2,3.6.1,a2e38abd3e58fffc2f147032d309844345b52f2f7de82dcbfe6f2f3d926fcc89,0abfaae5413e45501a30e2eba0c2c4626c21db247d1053437592505c4e01709a
7,49,3.0,1,36,288,1,sparse_syk_majorana_v1,enumerate_lt_2m_else_binomial_rejection_v1,gaussian_std_sqrt_6_over_M_cubed_v1,networkx_greedy_largest_first_parent_v1,2.5.2,3.6.1,f3454f5eb6e165d599e6e6eba06884f45ba77e5640ecca3a2ccdb6e09c524628,54b550cbe94e11cf841eae322f8b299f676e4209732c491ab3c5636704e8a040
7,49,3.0,2,39,297,2,sparse_syk_majorana_v1,enumerate_lt_2m_else_binomial_rejection_v1,gaussian_std_sqrt_6_over_M_cubed_v1,networkx_greedy_largest_first_parent_v1,2.5.2,3.6.1,33e18da24815d3d0f4e13e87a7ff70818d980eabec738a6f2acdd4dd7badacef,b228e68af5bf4c0b8934fffe1e013eafd78d183df0f77a1a1528c39724cd4cdf
7,49,3.0,3,36,290,3,sparse_syk_majorana_v1,enumerate_lt_2m_else_binomial_rejection_v1,gaussian_std_sqrt_6_over_M_cubed_v1,networkx_greedy_largest_first_parent_v1,2.5.2,3.6.1,0c984505a72384982fafd36d17a750e2cb95bf4eddd30931caf62ff8ec9c6cf9,b0e9438c3641526ca5c1c69d7a5dbb632550b6e23268ed15e871d6d9a839c387
7,49,3.0,4,33,255,4,sparse_syk_majorana_v1,enumerate_lt_2m_else_binomial_rejection_v1,gaussian_std_sqrt_6_over_M_cubed_v1,networkx_greedy_largest_first_parent_v1,2.5.2,3.6.1,f24d86783e04a31013f3603d1267974b0f5af5bc118316e6b95ef7582a64118f,33f908f3ecb6f3b189eae9944ecfc378da7e00c37bc1f32c821933889acd57f8
7,49,3.0,5,38,310,5,sparse_syk_majorana_v1,enumerate_lt_2m_else_binomial_rejection_v1,gaussian_std_sqrt_6_over_M_cubed_v1,networkx_greedy_largest_first_parent_v1,2.5.2,3.6.1,2a14e0776e88db1c22698b9fe3d63a5af790e162c9b88ad58e386d3d444a0fc2,6f04765921ce443d746f1fb918af11da15839dddaf80756248794046043dcf18
7,49,3.0,6,38,310,6,sparse_syk_majorana_v1,enumerate_lt_2m_else_binomial_rejection_v1,gaussian_std_sqrt_6_over_M_cubed_v1,networkx_greedy_largest_first_parent_v1,2.5.2,3.6.1,bf088ffaeb6e6b31778f34435d6f3d85f241ffbed87c52a2bc553c94606ef6a8,4837b5f1e5d1020c40eb8e5700a4fcdcb2e2d72b165405973e2471fc352c4760
7,49,3.0,7,38,295,7,sparse_syk_majorana_v1,enumerate_lt_2m_else_binomial_rejection_v1,gaussian_std_sqrt_6_over_M_cubed_v1,networkx_greedy_largest_first_parent_v1,2.5.2,3.6.1,d3183164039b11bb63e47891df007d64b05b4a14d902532367e7ddb9bee51ef0,a33de2cd9d7c46f958872dbfee69fe608d3d5e690c30df934cc46b7b6b501e32
7,49,3.0,8,36,277,8,sparse_syk_majorana_v1,enumerate_lt_2m_else_binomial_rejection_v1,gaussian_std_sqrt_6_over_M_cubed_v1,networkx_greedy_largest_first_parent_v1,2.5.2,3.6.1,1b84ce0c69148e5c6b567cdc4f3c609503d62fa8679a75c077c40ccfce519543,d281d2c82011b96d43a260a66d668a24d812c062b776eee76d9de0dc6cb7249a
7,49,3.0,9,41,312,9,sparse_syk_majorana_v1,enumerate_lt_2m_else_binomial_rejection_v1,gaussian_std_sqrt_6_over_M_cubed_v1,networkx_greedy_largest_first_parent_v1,2.5.2,3.6.1,7c392dc1c0a01921826e5304c9bd837aac2632a445936359226cf336292600a9,3fd244e5a35b18991f757bd750b1475b6d85c6d5699f5e5c4c9e4bb41732d8e2
8,64,0.5,0,10,62,0,sparse_syk_majorana_v1,enumerate_lt_2m_else_binomial_rejection_v1,gaussian_std_sqrt_6_over_M_cubed_v1,networkx_greedy_largest_first_parent_v1,2.5.2,3.6.1,f177ed721d3be4c95c955a710d5b172c4acb4ae51aac692d90a77ccf76feef3c,fbf9d1591ec94b4cb0a6c85858a03689e4266c3a8ccec0e0b0c008a09aeb7812
8,64,0.5,1,8,56,1,sparse_syk_majorana_v1,enumerate_lt_2m_else_binomial_rejection_v1,gaussian_std_sqrt_6_over_M_cubed_v1,networkx_greedy_largest_first_parent_v1,2.5.2,3.6.1,10b4087b9b9ec6a8984af1842f999eb66cf907d2a2b606ce6746487fd429b86c,1b08b5ea407e0a52242c76294ee71628efecd7cd103cb32413fa1ab51583d2a9
8,64,0.5,2,10,67,2,sparse_syk_majorana_v1,enumerate_lt_2m_else_binomial_rejection_v1,gaussian_std_sqrt_6_over_M_cubed_v1,networkx_greedy_largest_first_parent_v1,2.5.2,3.6.1,4a82199e30e79d24c60e431306aca3907f54c7013c9e3555a380ba55db72b204,083d8f709ff318f615001890bbbfc1934db8cc0f7d80a5969b1218dbbbe79550
8,64,0.5,3,8,63,3,sparse_syk_majorana_v1,enumerate_lt_2m_else_binomial_rejection_v1,gaussian_std_sqrt_6_over_M_cubed_v1,networkx_greedy_largest_first_parent_v1,2.5.2,3.6.1,0db68900eaa5376f95b41c1c0e8a1e8b3e2efe5fb298887935140e2dca797dda,5d9edd759a7c07c68e569528303cfceb48e2d80b17a493a4d757cbdfaa006fa1
8,64,0.5,4,11,80,4,sparse_syk_majorana_v1,enumerate_lt_2m_else_binomial_rejection_v1,gaussian_std_sqrt_6_over_M_cubed_v1,networkx_greedy_largest_first_parent_v1,2.5.2,3.6.1,2c0b238ca8bd67184bd4a3e72e3c43ac5c109d85f097fc357991daac0e666385,e789d612b0af5a911b5b3c8867b174d1a74d5886f3b5dd74ffe349cc37ecbfec
8,64,0.5,5,9,54,5,sparse_syk_majorana_v1,enumerate_lt_2m_else_binomial_rejection_v1,gaussian_std_sqrt_6_over_M_cubed_v1,networkx_greedy_largest_first_parent_v1,2.5.2,3.6.1,5a8a11c2a73563dc92c678502f76ef6293ac77a5e78b535c986d05b98921bb7a,61813e033f5268f9504a02de34672288b2e0d2f03c007f7e8ddff092553fc6ca
8,64,0.5,6,8,56,6,sparse_syk_majorana_v1,enumerate_lt_2m_else_binomial_rejection_v1,gaussian_std_sqrt_6_over_M_cubed_v1,networkx_greedy_largest_first_parent_v1,2.5.2,3.6.1,ade43d0d7f5c923a239189da07d7b05162855e032d1b62b8131471b6839f5dd1,49248246709cfa75dae198184c19e3e953c8334024875d44008bb98827c67b15
8,64,0.5,7,11,72,7,sparse_syk_majorana_v1,enumerate_lt_2m_else_binomial_rejection_v1,gaussian_std_sqrt_6_over_M_cubed_v1,networkx_greedy_largest_first_parent_v1,2.5.2,3.6.1,407196d8c4a45d3e80d22c168ba48cd4595cacc8fcb5711223192ba2db37f01c,340f7b63f69bd0a1d2fefaac0ca5c6b0acf5829371f4bee0e20c7eada8e9a778
8,64,0.5,8,9,60,8,sparse_syk_majorana_v1,enumerate_lt_2m_else_binomial_rejection_v1,gaussian_std_sqrt_6_over_M_cubed_v1,networkx_greedy_largest_first_parent_v1,2.5.2,3.6.1,1795bd7519d9e7cb5946a75e3f48308bf266236fa2ec3a4044b556897c5ed81c,f108dfc373a687efe02fa91b85399455ad5d319fc1ff84ff9ee3c5932f177d5a
8,64,0.5,9,8,45,9,sparse_syk_majorana_v1,enumerate_lt_2m_else_binomial_rejection_v1,gaussian_std_sqrt_6_over_M_cubed_v1,networkx_greedy_largest_first_parent_v1,2.5.2,3.6.1,2e99a04ef51ee8f9d19b4d3d6b997f46061721ca0a8b06b7968a110a3df79c95,0b7aec2f8f1649c326a70231f0408abc7b27ad6c3b04d600c1f85a35aed9eb7e
8,64,1.0,0,17,115,0,sparse_syk_majorana_v1,enumerate_lt_2m_else_binomial_rejection_v1,gaussian_std_sqrt_6_over_M_cubed_v1,networkx_greedy_largest_first_parent_v1,2.5.2,3.6.1,a515dafaa08f96cbd14938a917da370cb0ffeea957d9b4a1723c6ef6f8a99e2d,47bfe9c79907af41e551bcf730992b05e767f1d2aad319e66209d9a4fff6db80
8,64,1.0,1,16,127,1,sparse_syk_majorana_v1,enumerate_lt_2m_else_binomial_rejection_v1,gaussian_std_sqrt_6_over_M_cubed_v1,networkx_greedy_largest_first_parent_v1,2.5.2,3.6.1,12bcbee118bb8e590465ac76324dff2f7d1366e33d8d5a8c4dc68cf2d66c3793,2490c874b09ce123c89c6fec1141726eb18dea60e055a55fc61add4a7e12d634
8,64,1.0,2,15,131,2,sparse_syk_majorana_v1,enumerate_lt_2m_else_binomial_rejection_v1,gaussian_std_sqrt_6_over_M_cubed_v1,networkx_greedy_largest_first_parent_v1,2.5.2,3.6.1,f7b92b28e3c5ff6bc0f9e7f1cbea4cc9bdd502234578419e6508690ddc053f67,04879a274cf805aed2b05c5871d610ffc6079e3592b83735f4bdc13fffbdb3be
8,64,1.0,3,14,126,3,sparse_syk_majorana_v1,enumerate_lt_2m_else_binomial_rejection_v1,gaussian_std_sqrt_6_over_M_cubed_v1,networkx_greedy_largest_first_parent_v1,2.5.2,3.6.1,e46fba6c25b6650ae85b410d9bf6fcb706ce64c37be1c241abd309575d106930,0b7c0a994b1c0976b72d5f7e4da3c051aeb29094d19682d8c661cc3c3a1d32f2
8,64,1.0,4,14,111,4,sparse_syk_majorana_v1,enumerate_lt_2m_else_binomial_rejection_v1,gaussian_std_sqrt_6_over_M_cubed_v1,networkx_greedy_largest_first_parent_v1,2.5.2,3.6.1,a0a53d91ae356375cda1d63ebdb2e7380763e9732ba3b0e1686f19582d2603c1,a34a3e5fc486840016bf73bb8fa7e60f4b4e00321917001dd2d01fe582669b26
8,64,1.0,5,16,140,5,sparse_syk_majorana_v1,enumerate_lt_2m_else_binomial_rejection_v1,gaussian_std_sqrt_6_over_M_cubed_v1,networkx_greedy_largest_first_parent_v1,2.5.2,3.6.1,149f30f576c287301fd60f7a6565f52cbfb7aa05963d70e31a9b7bd854177684,00ae341be774c672979493fad991ea1c175e3df7935b0028fcea33a77e9a0b05
8,64,1.0,6,19,140,6,sparse_syk_majorana_v1,enumerate_lt_2m_else_binomial_rejection_v1,gaussian_std_sqrt_6_over_M_cubed_v1,networkx_greedy_largest_first_parent_v1,2.5.2,3.6.1,73f62c674365a090cc042959253010990327ce555305f87734383afcc82f065b,5c1a40fdf8535cd6ee65b815c9d7faf67fe77ca5c8ad0dd3b3d6616b45488cef
8,64,1.0,7,16,132,7,sparse_syk_majorana_v1,enumerate_lt_2m_else_binomial_rejection_v1,gaussian_std_sqrt_6_over_M_cubed_v1,networkx_greedy_largest_first_parent_v1,2.5.2,3.6.1,f5d97f89dd8b5fa849c3da8d958d19c016ccb24eb5a56a03a426053a5856cbde,7cd7009fa6449a324a1fff3c1ec7233ac7c0692182effcc8da4fc22818e207d1
8,64,1.0,8,14,119,8,sparse_syk_majorana_v1,enumerate_lt_2m_else_binomial_rejection_v1,gaussian_std_sqrt_6_over_M_cubed_v1,networkx_greedy_largest_first_parent_v1,2.5.2,3.6.1,4632744a81aa950696f3b4ab7a225f0afb48db1630ea362a52f58e98c26bb7fc,c3f3dd06c262d2a7782d37d5c565dc7e46f042aec13c0951113d1896595ea210
8,64,1.0,9,19,145,9,sparse_syk_majorana_v1,enumerate_lt_2m_else_binomial_rejection_v1,gaussian_std_sqrt_6_over_M_cubed_v1,networkx_greedy_largest_first_parent_v1,2.5.2,3.6.1,96d185605d1e8774de1859d64cacc1968d57e3f35532a61370e30cb7655c361e,299d1de90405a9acf5189a628fa834da994fc7797b715cfbf808652fac9f84e2
8,64,2.0,0,28,278,0,sparse_syk_majorana_v1,enumerate_lt_2m_else_binomial_rejection_v1,gaussian_std_sqrt_6_over_M_cubed_v1,networkx_greedy_largest_first_parent_v1,2.5.2,3.6.1,3b2a8697c96c8ad98702df5d438bea140357139bc759b26c1460fb18b1cb1b26,d0702e2b78ae74093d3bfceb1036e221d53b2c780b8c0180afd819af02d671ca
8,64,2.0,1,26,251,1,sparse_syk_majorana_v1,enumerate_lt_2m_else_binomial_rejection_v1,gaussian_std_sqrt_6_over_M_cubed_v1,networkx_greedy_largest_first_parent_v1,2.5.2,3.6.1,2f93dbfc337aaf131e8bafb6cf7baab7c15b6378a201ee32a65d9c7153bebe5d,2613de8ac3b2100a967ac314dddf0d06f3468226f2b6d5357734a64be28cfa47
8,64,2.0,2,27,259,2,sparse_syk_majorana_v1,enumerate_lt_2m_else_binomial_rejection_v1,gaussian_std_sqrt_6_over_M_cubed_v1,networkx_greedy_largest_first_parent_v1,2.5.2,3.6.1,db396097c36b7eb19235c4c5e758289f49cb539d942a84e549f72c3151150ca9,0757b66210dcdb453bb7a39486ab45e44410ef958c8cafb5b5fa0f7692c39691
8,64,2.0,3,27,253,3,sparse_syk_majorana_v1,enumerate_lt_2m_else_binomial_rejection_v1,gaussian_std_sqrt_6_over_M_cubed_v1,networkx_greedy_largest_first_parent_v1,2.5.2,3.6.1,0048b2e4f9aa76019972c50ccef931d010a73eed24518886707bc8cf64226382,29bc1cd02d2abd0fe72341ec3d3f95b8a822ae180020f1041eac9b924d6acf86
8,64,2.0,4,23,220,4,sparse_syk_majorana_v1,enumerate_lt_2m_else_binomial_rejection_v1,gaussian_std_sqrt_6_over_M_cubed_v1,networkx_greedy_largest_first_parent_v1,2.5.2,3.6.1,0247363e96b5321bf5dd4c6eeedc154b5fc15a91637ba7446b6951f676cbf23f,ea83ac3bf9526d816b57accf0caddfc15785291b31b1e3ec6a795170fa9dc059
8,64,2.0,5,27,271,5,sparse_syk_majorana_v1,enumerate_lt_2m_else_binomial_rejection_v1,gaussian_std_sqrt_6_over_M_cubed_v1,networkx_greedy_largest_first_parent_v1,2.5.2,3.6.1,01d5c99d288b3990fc4927fc3b5d1153741dad1d4b7c13d4d12a244220b51182,fd6ece4e1ecb2335110ad5dd6bf722ed09caa503649f1337d2d93fa2170d6ac2
8,64,2.0,6,28,271,6,sparse_syk_majorana_v1,enumerate_lt_2m_else_binomial_rejection_v1,gaussian_std_sqrt_6_over_M_cubed_v1,networkx_greedy_largest_first_parent_v1,2.5.2,3.6.1,4fe4f6171fd9869fde84d6e9ee6a85c82ab78d28362cd63c55d806b4800d68c4,f9ed885e58676231d33addee5335eaab0682ae33f5f09be79f32dada6b7dffc9
8,64,2.0,7,33,258,7,sparse_syk_majorana_v1,enumerate_lt_2m_else_binomial_rejection_v1,gaussian_std_sqrt_6_over_M_cubed_v1,networkx_greedy_largest_first_parent_v1,2.5.2,3.6.1,51ffdafa182146f9c390b2ffb15bb6c36940a2e49b5039562b423e7b2f941052,399aad668307a70666d1f869930527c434859dcf559c070e716657b9c6f77cdd
8,64,2.0,8,25,241,8,sparse_syk_majorana_v1,enumerate_lt_2m_else_binomial_rejection_v1,gaussian_std_sqrt_6_over_M_cubed_v1,networkx_greedy_largest_first_parent_v1,2.5.2,3.6.1,131faa5252540df67fa082ac60646b68bdc67aa87243c122de83abed3f15a741,bb6f869fb6b6a4b8415983f26445ab0e9348bfca6db88bedb06c7865e80229bc
8,64,2.0,9,29,274,9,sparse_syk_majorana_v1,enumerate_lt_2m_else_binomial_rejection_v1,gaussian_std_sqrt_6_over_M_cubed_v1,networkx_greedy_largest_first_parent_v1,2.5.2,3.6.1,b3db264ce95d0bee9df029b4c3ce1dc673526337c4efc752cb8c7a54ed1ed972,2c3009eaf5cf4e5f1c079261dc01b8d89b19a5785f4ac4588a3576071d9f57ee
8,64,3.0,0,40,410,0,sparse_syk_majorana_v1,enumerate_lt_2m_else_binomial_rejection_v1,gaussian_std_sqrt_6_over_M_cubed_v1,networkx_greedy_largest_first_parent_v1,2.5.2,3.6.1,42890dfe31da36b17e492ff2914e04890ddc512a83cc297d55bb1f6bdbc74c8c,c0b92ff5a738eb699e44ac0d212931ff0348fabe612c8a481005e2d9e293cbee
8,64,3.0,1,36,376,1,sparse_syk_majorana_v1,enumerate_lt_2m_else_binomial_rejection_v1,gaussian_std_sqrt_6_over_M_cubed_v1,networkx_greedy_largest_first_parent_v1,2.5.2,3.6.1,a41d7ed3874dbdd4004c59fd73213b9fb728ec9c909b5812beff278933eb4aa6,07a07d838d9d00456231875a50fa5fb1ee7838bd4fe5287a3ffcb8042a84d522
8,64,3.0,2,39,387,2,sparse_syk_majorana_v1,enumerate_lt_2m_else_binomial_rejection_v1,gaussian_std_sqrt_6_over_M_cubed_v1,networkx_greedy_largest_first_parent_v1,2.5.2,3.6.1,ae92b65429589263e1caf900fc8c64fd40d2a6d7d0c85fec2121776c04f0abe4,34c4c09fbc1df68fc8b1b1474f8577ad839b5ac0cfaeb18b182abf8661a7c171
8,64,3.0,3,37,380,3,sparse_syk_majorana_v1,enumerate_lt_2m_else_binomial_rejection_v1,gaussian_std_sqrt_6_over_M_cubed_v1,networkx_greedy_largest_first_parent_v1,2.5.2,3.6.1,e0f46223cd58d3bd6829ecfd64b56f8bfe5a944fe187498a16b3f4ec72795f91,f1ee8d17af9c30e6fe28ece907d62456eff4c4a80788e162b11c1a7ff24ad5a7
8,64,3.0,4,34,339,4,sparse_syk_majorana_v1,enumerate_lt_2m_else_binomial_rejection_v1,gaussian_std_sqrt_6_over_M_cubed_v1,networkx_greedy_largest_first_parent_v1,2.5.2,3.6.1,decc9b34eabe5a27bf7d9f419273787615f5f21eb3813eb8d7722236dc8a41e9,4666ffab9f6f065558854bb5f3996ff308a53fd2800b66a8efa6c6cbbde3eddb
8,64,3.0,5,41,402,5,sparse_syk_majorana_v1,enumerate_lt_2m_else_binomial_rejection_v1,gaussian_std_sqrt_6_over_M_cubed_v1,networkx_greedy_largest_first_parent_v1,2.5.2,3.6.1,eca093627c38b7fcbcd43d3d9cdb362cd9e8ada207c266ccf7b374ee0419de61,6babd6c37946320b1f984697f6f155a6839f837c14825e57e8bc0dee0dcf5087
8,64,3.0,6,38,401,6,sparse_syk_majorana_v1,enumerate_lt_2m_else_binomial_rejection_v1,gaussian_std_sqrt_6_over_M_cubed_v1,networkx_greedy_largest_first_parent_v1,2.5.2,3.6.1,b4c4dac580dcb90f25bd25d1dcdb5479922ae53bc4f9991af7ac723cf253d0b9,6ca4832da87ed83b94c0fb37befa7b995c35798c2ff60494be22f5135687f926
8,64,3.0,7,42,385,7,sparse_syk_majorana_v1,enumerate_lt_2m_else_binomial_rejection_v1,gaussian_std_sqrt_6_over_M_cubed_v1,networkx_greedy_largest_first_parent_v1,2.5.2,3.6.1,2b02bb5fcad43905e4d5af36e84e8081f171b9cb870b94bf5a91619836ab818a,ed13e1a7455d9fded3b8411efd851acabe926f7a229c3b16c514a4f76b58efd2
8,64,3.0,8,37,364,8,sparse_syk_majorana_v1,enumerate_lt_2m_else_binomial_rejection_v1,gaussian_std_sqrt_6_over_M_cubed_v1,networkx_greedy_largest_first_parent_v1,2.5.2,3.6.1,dfb53ef4713f09acf4aed4ec5b9349f68b6509d9e9c0b7d8f4986e8687eb7e16,513197ab43fa00f1754a045a70c874c3ccb80f043cb3c77e9bb7f46dbc7ef341
8,64,3.0,9,40,403,9,sparse_syk_majorana_v1,enumerate_lt_2m_else_binomial_rejection_v1,gaussian_std_sqrt_6_over_M_cubed_v1,networkx_greedy_largest_first_parent_v1,2.5.2,3.6.1,082847eeab36586d96d5dd0286b2a827b1f3918bcc2bb6bba30acc90b67a46be,7c471a6c3f8135f1fc01a50ead7f5d8543d79494e6e49d2fd19ef395228d28e7
9,81,0.5,0,10,76,0,sparse_syk_majorana_v1,enumerate_lt_2m_else_binomial_rejection_v1,gaussian_std_sqrt_6_over_M_cubed_v1,networkx_greedy_largest_first_parent_v1,2.5.2,3.6.1,01f0794c912164cc6dc3a0721df3925a033a00b4ac5de1c650a1d7089e6950fd,9dbbd3c7190d1e7470edb56d8fdab31e75898be39646f9451dc4462f09f3b5c9
9,81,0.5,1,9,82,1,sparse_syk_majorana_v1,enumerate_lt_2m_else_binomial_rejection_v1,gaussian_std_sqrt_6_over_M_cubed_v1,networkx_greedy_largest_first_parent_v1,2.5.2,3.6.1,b0387586969203eac8411165d529368f57654160ec55bab094d4c1540fbc6219,bed5ee6bb390f3379320c32d6f532d4778645546823f707ca6403779bd11bdc1
9,81,0.5,2,10,84,2,sparse_syk_majorana_v1,enumerate_lt_2m_else_binomial_rejection_v1,gaussian_std_sqrt_6_over_M_cubed_v1,networkx_greedy_largest_first_parent_v1,2.5.2,3.6.1,914f80e6c36286586930abd1a2a46252e82e67057c7e878fee2df2d4695c8a3a,b5771599c06088f4de72618ad13b92920a20eddaf5c13589d8f2eb9116d3d801
9,81,0.5,3,10,80,3,sparse_syk_majorana_v1,enumerate_lt_2m_else_binomial_rejection_v1,gaussian_std_sqrt_6_over_M_cubed_v1,networkx_greedy_largest_first_parent_v1,2.5.2,3.6.1,0161dec66ea450da49ac734928c9eb689a3a3c641d544eff5a8e9837b6a4d8e9,ebfc82bb89fa73d8b83f7f1f97b6c10fec3375f24cf97cfecfcb5535acee8bff
9,81,0.5,4,10,100,4,sparse_syk_majorana_v1,enumerate_lt_2m_else_binomial_rejection_v1,gaussian_std_sqrt_6_over_M_cubed_v1,networkx_greedy_largest_first_parent_v1,2.5.2,3.6.1,5b39d28415438f71a9d6149b30146f94816556a2a36440f587e3ede80acc9861,9674abac5f419e42e7b1a05523bfc38a9329be86da179627d4c224ca2bfc11ea
9,81,0.5,5,10,92,5,sparse_syk_majorana_v1,enumerate_lt_2m_else_binomial_rejection_v1,gaussian_std_sqrt_6_over_M_cubed_v1,networkx_greedy_largest_first_parent_v1,2.5.2,3.6.1,c8dfee6c5e8212a1985e68ecaf9106ece125916e15b280a1eeb64f76e56e863f,41dceb955b9561d58cea080cba29c039e28f71484245191a77ecde1eff60dd86
9,81,0.5,6,8,67,6,sparse_syk_majorana_v1,enumerate_lt_2m_else_binomial_rejection_v1,gaussian_std_sqrt_6_over_M_cubed_v1,networkx_greedy_largest_first_parent_v1,2.5.2,3.6.1,969dfea27a6a9f53a89317b1cf13c9d64ed47f42c6514c0bb92aede81749da7c,01c92251919e5264865a38ba2595b83454480d1e3f2ecfc771f026d6968d841a
9,81,0.5,7,10,88,7,sparse_syk_majorana_v1,enumerate_lt_2m_else_binomial_rejection_v1,gaussian_std_sqrt_6_over_M_cubed_v1,networkx_greedy_largest_first_parent_v1,2.5.2,3.6.1,364fb91b1f1b55ebf74cbec3f4fa3f20a460628ccaa02980e9b33daf10b9f595,b0ab8a79e7c804c0798c8a4121f5a668947baa5848424b83392f3797b660369b
9,81,0.5,8,10,75,8,sparse_syk_majorana_v1,enumerate_lt_2m_else_binomial_rejection_v1,gaussian_std_sqrt_6_over_M_cubed_v1,networkx_greedy_largest_first_parent_v1,2.5.2,3.6.1,fc6b58d2558c46010223221107a61b8beaa472bac972c6940bf8b0caae6874ba,7439c43fb66206a89f27f4dc47e3b3efeee71201a19c8760c1f1ff2c390d1e50
9,81,0.5,9,11,96,9,sparse_syk_majorana_v1,enumerate_lt_2m_else_binomial_rejection_v1,gaussian_std_sqrt_6_over_M_cubed_v1,networkx_greedy_largest_first_parent_v1,2.5.2,3.6.1,5609e69585de3abfee8b093549bf2e170d99187c53ed8d4be0e0e291d01aa154,dd1c9f45da485993c3396386ea260da83619b7b1534f740452fa39c1b7944257
9,81,1.0,0,15,143,0,sparse_syk_majorana_v1,enumerate_lt_2m_else_binomial_rejection_v1,gaussian_std_sqrt_6_over_M_cubed_v1,networkx_greedy_largest_first_parent_v1,2.5.2,3.6.1,809edc2fd8a0aa344573247c4eeb2611be693fe47afe25bb940faabfe85a670d,c73a9e7e10f796bf31ed759b1fa35e67a4d9f39eff013af32720ad7b92495601
9,81,1.0,1,16,159,1,sparse_syk_majorana_v1,enumerate_lt_2m_else_binomial_rejection_v1,gaussian_std_sqrt_6_over_M_cubed_v1,networkx_greedy_largest_first_parent_v1,2.5.2,3.6.1,18ba0e1612fb6dd6e94dc92c1e8a3e32b862a066f8b97b9882428cc35d45ca7c,fe58c052290fd0b53fc69dea840adef7bc7a932ce7ead16c27ebcac7a9429790
9,81,1.0,2,18,165,2,sparse_syk_majorana_v1,enumerate_lt_2m_else_binomial_rejection_v1,gaussian_std_sqrt_6_over_M_cubed_v1,networkx_greedy_largest_first_parent_v1,2.5.2,3.6.1,2b7641e88f871c2162ea0964fca3a3f3a3215cea427cb3468f600c0925150a3c,aad88176975434cc1a12c33cdc083372c75ace9a2e05a44016e5edc5ab4b2f78
9,81,1.0,3,16,160,3,sparse_syk_majorana_v1,enumerate_lt_2m_else_binomial_rejection_v1,gaussian_std_sqrt_6_over_M_cubed_v1,networkx_greedy_largest_first_parent_v1,2.5.2,3.6.1,34d850723dec7eb3dd1cdaa70a5dd72a75d07c740471aac4dd576ed5d4fe3ca3,c6f035c8bbfb5a3613c07351ba9b2da2b7a393da415ec4d955166a4a0972ff47
9,81,1.0,4,17,177,4,sparse_syk_majorana_v1,enumerate_lt_2m_else_binomial_rejection_v1,gaussian_std_sqrt_6_over_M_cubed_v1,networkx_greedy_largest_first_parent_v1,2.5.2,3.6.1,506a62be4c6b865da53612dc5b85af359f9f01f8bc85c4ea20ebfd866792667a,991e2893e5fffd79517c002222a6cb44c181a432a12098bdc848ae8e86ef8433
9,81,1.0,5,16,175,5,sparse_syk_majorana_v1,enumerate_lt_2m_else_binomial_rejection_v1,gaussian_std_sqrt_6_over_M_cubed_v1,networkx_greedy_largest_first_parent_v1,2.5.2,3.6.1,fc06a652c0950c688c149e564e8031fdde78208d67b9431ebf5ac4cdc929857d,14446bc26730408f7b0c0e3652cc1af4ce28a079bb2781bd843c3dbf1459472d
9,81,1.0,6,17,175,6,sparse_syk_majorana_v1,enumerate_lt_2m_else_binomial_rejection_v1,gaussian_std_sqrt_6_over_M_cubed_v1,networkx_greedy_largest_first_parent_v1,2.5.2,3.6.1,ec1c9a35220576699849a3ee20c600b90329c54a3da539cf7af1aca2ca41c4bf,af6529b68027df8cf98a639315deb83097f4cf8460dfc7971146924f331b11db
9,81,1.0,7,16,165,7,sparse_syk_majorana_v1,enumerate_lt_2m_else_binomial_rejection_v1,gaussian_std_sqrt_6_over_M_cubed_v1,networkx_greedy_largest_first_parent_v1,2.5.2,3.6.1,44adf97e63942973194af0c0fc2f54a1ce943368d5778e14f83bdf534e940af5,a66a8af68ad92940420a6cd3913f84d1b3db3dfd577ed0e7b447c5c02686af56
9,81,1.0,8,14,151,8,sparse_syk_majorana_v1,enumerate_lt_2m_else_binomial_rejection_v1,gaussian_std_sqrt_6_over_M_cubed_v1,networkx_greedy_largest_first_parent_v1,2.5.2,3.6.1,dc533030c029700ad4168b538757365f054f4972769a290a83da1e8ded44923e,9a8bfb4d68f446b30193186435e2db7952986d7d51938ea474dd8a850193a0b3
9,81,1.0,9,18,179,9,sparse_syk_majorana_v1,enumerate_lt_2m_else_binomial_rejection_v1,gaussian_std_sqrt_6_over_M_cubed_v1,networkx_greedy_largest_first_parent_v1,2.5.2,3.6.1,fb286530b794c1a82c7171c57ba542efb5d2321e1511dc3a815853c73c41838c,a74586a12d6970f04c545834ca1b4191f52291fcb447a438b4c46937ea4b8498
9,81,2.0,0,28,348,0,sparse_syk_majorana_v1,enumerate_lt_2m_else_binomial_rejection_v1,gaussian_std_sqrt_6_over_M_cubed_v1,networkx_greedy_largest_first_parent_v1,2.5.2,3.6.1,a6537e5e10685861e4f3959fa578add6c7d008eb42aef84ad28dc24e787a1846,c9ac0540aac390908943fcf4885748e4b0b60c8c98c6bdb4ffcf08f7a7102502
9,81,2.0,1,27,318,1,sparse_syk_majorana_v1,enumerate_lt_2m_else_binomial_rejection_v1,gaussian_std_sqrt_6_over_M_cubed_v1,networkx_greedy_largest_first_parent_v1,2.5.2,3.6.1,a943b231d8e229d0f05f0bd20b9ea877ab7fa56daeacf7754cb887c5f25f3c2d,b53fe64891868d694066c049730a1ac217d1a42ec90b2d429a2f9ff161e2383f
9,81,2.0,2,30,327,2,sparse_syk_majorana_v1,enumerate_lt_2m_else_binomial_rejection_v1,gaussian_std_sqrt_6_over_M_cubed_v1,networkx_greedy_largest_first_parent_v1,2.5.2,3.6.1,6b8e9274fc1c6e2ff5abd0b628a386483174b48e6bead897fed08001d6e36acc,d13866bbece09462834111ad18f11cd2243d4f2fd7052f808d917c62e38e70f2
9,81,2.0,3,27,320,3,sparse_syk_majorana_v1,enumerate_lt_2m_else_binomial_rejection_v1,gaussian_std_sqrt_6_over_M_cubed_v1,networkx_greedy_largest_first_parent_v1,2.5.2,3.6.1,5a5bd04516ccc05a960eab65ab6a036dc8ba565cb96ee287c60b5a71fdf39bdd,7bc28c4d04cc76cfde5b877d519122924811d4a6671bad0c9502f4d9540c4951
9,81,2.0,4,26,283,4,sparse_syk_majorana_v1,enumerate_lt_2m_else_binomial_rejection_v1,gaussian_std_sqrt_6_over_M_cubed_v1,networkx_greedy_largest_first_parent_v1,2.5.2,3.6.1,45ac62fad302de5b916e65e9524a3f31671c5a3a60c9ac53b62d81f8a449c962,740470a07c433e37edc6f24b15708b7a4179c890284e687705f79d333212afd7
9,81,2.0,5,29,341,5,sparse_syk_majorana_v1,enumerate_lt_2m_else_binomial_rejection_v1,gaussian_std_sqrt_6_over_M_cubed_v1,networkx_greedy_largest_first_parent_v1,2.5.2,3.6.1,493faa3a6f04f37b41a66eebd93216fe5883e8a39d5e613d4a74c922e2bd783b,0dcc886d5d61c2f44af31d6a3b5af17369a942873810cf9da91c961cb1316561
9,81,2.0,6,29,340,6,sparse_syk_majorana_v1,enumerate_lt_2m_else_binomial_rejection_v1,gaussian_std_sqrt_6_over_M_cubed_v1,networkx_greedy_largest_first_parent_v1,2.5.2,3.6.1,034bb1f38a5030d165cb20ccbe2223b8e831fe022755e8b6046b84bb5aacce1f,548e440741f888b0b74a163369152e4db0e28297ba6511c2c10291b06d6c4037
9,81,2.0,7,29,325,7,sparse_syk_majorana_v1,enumerate_lt_2m_else_binomial_rejection_v1,gaussian_std_sqrt_6_over_M_cubed_v1,networkx_greedy_largest_first_parent_v1,2.5.2,3.6.1,be4e5ccab452f3f0f3fe1dc72953b6715a26cec3656abe7ee1672d00dad76a24,a85d8297cb3b0b0b57bd2380e784982bfb745b9a7e6a8d53252c58f0f6e9c02d
9,81,2.0,8,26,307,8,sparse_syk_majorana_v1,enumerate_lt_2m_else_binomial_rejection_v1,gaussian_std_sqrt_6_over_M_cubed_v1,networkx_greedy_largest_first_parent_v1,2.5.2,3.6.1,9d50de9fd66c2e41de5b167835504b34e265296fbcb7f272f2cc48086fd50eb3,f5f5d21766199b336136d8bf672d44d096a38716b071930c71629d015f0c3e36
9,81,2.0,9,29,343,9,sparse_syk_majorana_v1,enumerate_lt_2m_else_binomial_rejection_v1,gaussian_std_sqrt_6_over_M_cubed_v1,networkx_greedy_largest_first_parent_v1,2.5.2,3.6.1,57481b3b25c1919ff4443a3ddc6eb4d5c475a00af50f902015d5bcdf3de93425,d1dc95a74659242a96c5efcfa956d0e5770c4a1d01f31be9ea2619919f210e99
9,81,3.0,0,41,514,0,sparse_syk_majorana_v1,enumerate_lt_2m_else_binomial_rejection_v1,gaussian_std_sqrt_6_over_M_cubed_v1,networkx_greedy_largest_first_parent_v1,2.5.2,3.6.1,957f2b2d421263d418e9d51fc669b03fcd7342179e70459c3edf5fc02143196e,892648b243ff0332efbc1a3f1a6257323d14804541382e468a03a99b5f310a8d
9,81,3.0,1,36,477,1,sparse_syk_majorana_v1,enumerate_lt_2m_else_binomial_rejection_v1,gaussian_std_sqrt_6_over_M_cubed_v1,networkx_greedy_largest_first_parent_v1,2.5.2,3.6.1,e88ea2041200fc4ccbff3f7af645803ec902a9da0da109ef908065955bea0d15,78ec70fb020f5854eb5c44249ef470af03772c42fbcd7d7da145866e0f0d5dcc
9,81,3.0,2,39,489,2,sparse_syk_majorana_v1,enumerate_lt_2m_else_binomial_rejection_v1,gaussian_std_sqrt_6_over_M_cubed_v1,networkx_greedy_largest_first_parent_v1,2.5.2,3.6.1,8bd49eb802b0c1778265595736c1975df0117e2ad5ada63740d646b2d8df8e45,0ef31bdccbdc5914e7e29d220fda0bd10cd6c504154eb25eed024f9c05e35dcc
9,81,3.0,3,39,481,3,sparse_syk_majorana_v1,enumerate_lt_2m_else_binomial_rejection_v1,gaussian_std_sqrt_6_over_M_cubed_v1,networkx_greedy_largest_first_parent_v1,2.5.2,3.6.1,147a483125a4872cfcc6cbdcc7c6c4db08d19bd762dab6f79dbe398f896a4bc2,e73b17a8e7f447f85f0eb756efe3749ec6be405592aa90083fb633b02caedfe7
9,81,3.0,4,35,435,4,sparse_syk_majorana_v1,enumerate_lt_2m_else_binomial_rejection_v1,gaussian_std_sqrt_6_over_M_cubed_v1,networkx_greedy_largest_first_parent_v1,2.5.2,3.6.1,a43e5818bf59f82ab100965e8cf6874bbe44f16ac147c2f7435a9d2b3b0b21d3,468d525a60831f61fca7d69316d6b26ea1a78941bd1a84ce31a370763a3cb33c
9,81,3.0,5,40,506,5,sparse_syk_majorana_v1,enumerate_lt_2m_else_binomial_rejection_v1,gaussian_std_sqrt_6_over_M_cubed_v1,networkx_greedy_largest_first_parent_v1,2.5.2,3.6.1,b5cca43deaf066d0e1054d60c22904171482cf0541758f82855c4231cca6cf43,6003b7b43434aa5a64487f06971a9044f6b3f7b092442e9dbaca0df196b8ab11
9,81,3.0,6,39,505,6,sparse_syk_majorana_v1,enumerate_lt_2m_else_binomial_rejection_v1,gaussian_std_sqrt_6_over_M_cubed_v1,networkx_greedy_largest_first_parent_v1,2.5.2,3.6.1,cb778bd48e9d6389d187c798e3762ce61bf79322a597ae305694e5b932fc1ac4,43d7dfec5502ecaae7b4446100ca030e0e9ca6c5c887355923d81dec299b4145
9,81,3.0,7,38,486,7,sparse_syk_majorana_v1,enumerate_lt_2m_else_binomial_rejection_v1,gaussian_std_sqrt_6_over_M_cubed_v1,networkx_greedy_largest_first_parent_v1,2.5.2,3.6.1,da254b8d24fa4eac7cee6ac80cf14888da37b972ad750941ce1c8a091de4a18d,4e65895e661b3e186b6af9ecbaec0b960de858344698327359a0269b66c0723d
9,81,3.0,8,37,464,8,sparse_syk_majorana_v1,enumerate_lt_2m_else_binomial_rejection_v1,gaussian_std_sqrt_6_over_M_cubed_v1,networkx_greedy_largest_first_parent_v1,2.5.2,3.6.1,30bc1989338f6ebeb2b5a71c410c815529adcb00a97c789ffe8be1d7a5717365,8bfc4678ba2f9aac3974c619f654594c3193017f19942239859fbe157973a385
9,81,3.0,9,41,505,9,sparse_syk_majorana_v1,enumerate_lt_2m_else_binomial_rejection_v1,gaussian_std_sqrt_6_over_M_cubed_v1,networkx_greedy_largest_first_parent_v1,2.5.2,3.6.1,708150410356dc6cbfca6567ab20d06075146ed00c76b74039aae3349360be1a,0791a35e9c673e2e2a2a23406cbb36b8baa4a1d07d851bb162f223ef23b4a1a4
10,100,0.5,0,12,92,0,sparse_syk_majorana_v1,enumerate_lt_2m_else_binomial_rejection_v1,gaussian_std_sqrt_6_over_M_cubed_v1,networkx_greedy_largest_first_parent_v1,2.5.2,3.6.1,dc674901b1a317c82fc98d0275e27158a09de9acbd4560268bad904de23a9c38,9cdc7a8164b05376567d2ca82fbf05271da7e57bbc85c8a91f0c38808158d7c7
10,100,0.5,1,9,100,1,sparse_syk_majorana_v1,enumerate_lt_2m_else_binomial_rejection_v1,gaussian_std_sqrt_6_over_M_cubed_v1,networkx_greedy_largest_first_parent_v1,2.5.2,3.6.1,40e1ffa365b02d5717ee3d45b997d2d6d033be1f4fa775b48c617bce9b1e655a,44d3d6e3277ce99c7926db28673ee26d502789baeb6ee247c227e6db9284546b
10,100,0.5,2,10,103,2,sparse_syk_majorana_v1,enumerate_lt_2m_else_binomial_rejection_v1,gaussian_std_sqrt_6_over_M_cubed_v1,networkx_greedy_largest_first_parent_v1,2.5.2,3.6.1,87ae32cea7132d19d17e31acd6d101e17886ddf0ad7ab97d924e223302d9e354,2e5cff1ad8f84a610fdbba4e9b730e7ce38c814b83c81cec3de0c83efa0f37a5
10,100,0.5,3,9,99,3,sparse_syk_majorana_v1,enumerate_lt_2m_else_binomial_rejection_v1,gaussian_std_sqrt_6_over_M_cubed_v1,networkx_greedy_largest_first_parent_v1,2.5.2,3.6.1,9ce8bc583f571341e6d8302b0380fcb8a6c7d8e729f667a091b629c3b70940b8,82285bb0cb89ba353628f1fa0aa33c5d7b0a420453a9dbc9138bb44756d4fb85
10,100,0.5,4,11,122,4,sparse_syk_majorana_v1,enumerate_lt_2m_else_binomial_rejection_v1,gaussian_std_sqrt_6_over_M_cubed_v1,networkx_greedy_largest_first_parent_v1,2.5.2,3.6.1,b0dee264004083753609a4dc736581a513a64f8ad13f36a7353a549fd7e9232d,32750ec03dee57f70d0e82013b4b0f3d6058c59ef7e9febf334ec9ed18c7f96c
10,100,0.5,5,11,111,5,sparse_syk_majorana_v1,enumerate_lt_2m_else_binomial_rejection_v1,gaussian_std_sqrt_6_over_M_cubed_v1,networkx_greedy_largest_first_parent_v1,2.5.2,3.6.1,93a1f14a73651f54385270b96146411b68129d2d5d5bcb481569879b9f93acea,32ae3302730114f9b593ad1f5f5252fc6d0e8e639abe5d028724f597333615e5
10,100,0.5,6,11,111,6,sparse_syk_majorana_v1,enumerate_lt_2m_else_binomial_rejection_v1,gaussian_std_sqrt_6_over_M_cubed_v1,networkx_greedy_largest_first_parent_v1,2.5.2,3.6.1,7948c99c61cd5751016df93a663441f64d127c63587c726d8504270cbe5e1fd0,1212f5d26304aafdf9fc127976eee7a50be746891b2cf61fbbede80f310122ec
10,100,0.5,7,10,106,7,sparse_syk_majorana_v1,enumerate_lt_2m_else_binomial_rejection_v1,gaussian_std_sqrt_6_over_M_cubed_v1,networkx_greedy_largest_first_parent_v1,2.5.2,3.6.1,aa920674f6be5480d992a17e0c110261fdd7ab3effd4ab41d666362c5ac58a97,27bbaedda954cd6fb09ef856433a1dba098635a24b2b396f95bcaa58fa84c6aa
10,100,0.5,8,10,93,8,sparse_syk_majorana_v1,enumerate_lt_2m_else_binomial_rejection_v1,gaussian_std_sqrt_6_over_M_cubed_v1,networkx_greedy_largest_first_parent_v1,2.5.2,3.6.1,7bee44e844623b2d36a6db86e376d7f8f13ca658cefc06b660d22efcc6e9c583,3626fb2e39b257df4237929fdce659f6b2aece261f595b5b04e1b223b71dfe07
10,100,0.5,9,12,116,9,sparse_syk_majorana_v1,enumerate_lt_2m_else_binomial_rejection_v1,gaussian_std_sqrt_6_over_M_cubed_v1,networkx_greedy_largest_first_parent_v1,2.5.2,3.6.1,747378af04bf6f9e8bc1167ad403d5b7d0a08003d5d172e7f9ca5115d6cf36a7,6db701007d8faf5e616790293042d7e211875571a2cfd6d6d07052f8ae1eebd9
10,100,1.0,0,15,175,0,sparse_syk_majorana_v1,enumerate_lt_2m_else_binomial_rejection_v1,gaussian_std_sqrt_6_over_M_cubed_v1,networkx_greedy_largest_first_parent_v1,2.5.2,3.6.1,ea03b8e148b669d25caa4a0aa4ffb08dee0ac45acfd034a8093c00c2f4c854ff,3eb085f8b83129643159078e083c166fcebc443ee224dbeb419a9266ba09128e
10,100,1.0,1,16,196,1,sparse_syk_majorana_v1,enumerate_lt_2m_else_binomial_rejection_v1,gaussian_std_sqrt_6_over_M_cubed_v1,networkx_greedy_largest_first_parent_v1,2.5.2,3.6.1,34c3d7f01b4e6d39f46cf8f43d6bc3952182c5c23a200cf0d89758234585839c,ed5c7c8f5c3b1d4c37a10d4924efab72f5cccb5378a5e80e630769f3f1104224
10,100,1.0,2,20,203,2,sparse_syk_majorana_v1,enumerate_lt_2m_else_binomial_rejection_v1,gaussian_std_sqrt_6_over_M_cubed_v1,networkx_greedy_largest_first_parent_v1,2.5.2,3.6.1,5aa33e85b019ce9bc0ddb0bcea2f448ea75862f0a9e3039977971c791c393743,46dca7626dd2963f80b9fed61accf8ae46efe797715e1c34d886e5cbf0729e91
10,100,1.0,3,16,197,3,sparse_syk_majorana_v1,enumerate_lt_2m_else_binomial_rejection_v1,gaussian_std_sqrt_6_over_M_cubed_v1,networkx_greedy_largest_first_parent_v1,2.5.2,3.6.1,56e9f77a232856abf9bce7cbe5b3e6ab53125d3267a3cdc4fb0465ddc09d60ef,092a15627a9668f8d2b64b888a73a81e5c1fe4ad687a2ddb386cc72ed46e2ad5
10,100,1.0,4,14,169,4,sparse_syk_majorana_v1,enumerate_lt_2m_else_binomial_rejection_v1,gaussian_std_sqrt_6_over_M_cubed_v1,networkx_greedy_largest_first_parent_v1,2.5.2,3.6.1,5f4690e419b2c351f0de3f00ddab1acac170e65a6e821fc0296327e24ba861ec,a94736bf4f4aefd95d7bb160d0652df2952b1b5e655f0f3c65bde8993f9d4711
10,100,1.0,5,16,214,5,sparse_syk_majorana_v1,enumerate_lt_2m_else_binomial_rejection_v1,gaussian_std_sqrt_6_over_M_cubed_v1,networkx_greedy_largest_first_parent_v1,2.5.2,3.6.1,82202dcfaae00e69553ffb75a142a16cb94a9f29788d84fa16e14af4a33b20b6,bbb473ab9b661daa5019ef8d6be49db642bb67c3ebee68a190c0f151637b7fab
10,100,1.0,6,17,214,6,sparse_syk_majorana_v1,enumerate_lt_2m_else_binomial_rejection_v1,gaussian_std_sqrt_6_over_M_cubed_v1,networkx_greedy_largest_first_parent_v1,2.5.2,3.6.1,62bbaef70ca442b4df56383d1b2e03852acdd48fdffa47cda5cc7c728a918ebf,f6885f4105b805c219c140b0b58b275573051e3371f2573c1c862702647f62da
10,100,1.0,7,18,203,7,sparse_syk_majorana_v1,enumerate_lt_2m_else_binomial_rejection_v1,gaussian_std_sqrt_6_over_M_cubed_v1,networkx_greedy_largest_first_parent_v1,2.5.2,3.6.1,82330c649b7e79a9d99a34fb5e7410e190ba64e419609acbbdb8f9a15de41fb2,fbd09199478a16a216f9e50018e7488e40f8d353e9ae904205fb78d567e9db72
10,100,1.0,8,15,188,8,sparse_syk_majorana_v1,enumerate_lt_2m_else_binomial_rejection_v1,gaussian_std_sqrt_6_over_M_cubed_v1,networkx_greedy_largest_first_parent_v1,2.5.2,3.6.1,8d956e4d25e8410e8467b1d7093c83c7e9bcd0956c17b4f2fbd1a26f45af023c,f46f7dcabe3437f1934ed639f10dcf3119ffdd69efefb39f6eb8e4425b1ba867
10,100,1.0,9,17,218,9,sparse_syk_majorana_v1,enumerate_lt_2m_else_binomial_rejection_v1,gaussian_std_sqrt_6_over_M_cubed_v1,networkx_greedy_largest_first_parent_v1,2.5.2,3.6.1,001ce1e64106be998d7b64ba1708663c39bbd8cc31580b8f497438d095173475,0eccf1d378da09280d6b2ec8c29e4f98e136c4c86bd9b05d38ca2e09cec3e066
10,100,2.0,0,29,426,0,sparse_syk_majorana_v1,enumerate_lt_2m_else_binomial_rejection_v1,gaussian_std_sqrt_6_over_M_cubed_v1,networkx_greedy_largest_first_parent_v1,2.5.2,3.6.1,4f28dbdcc2eed0295b3bacc1ed5e675e7793b4bb59d3040b8ce8fcfbe8280557,d16aad27038d6e2cf7a08af09ac992218680bd8100b3d51e604c6eefb59eabbb
10,100,2.0,1,27,392,1,sparse_syk_majorana_v1,enumerate_lt_2m_else_binomial_rejection_v1,gaussian_std_sqrt_6_over_M_cubed_v1,networkx_greedy_largest_first_parent_v1,2.5.2,3.6.1,82acb9b7c767de90cf8778a709cf307f699a1eec01d397a63daf84b6379bc5df,2778459d77fb29df888b2e6a92fb263b8d609f7316d24acb2db979f3ab53723f
10,100,2.0,2,29,403,2,sparse_syk_majorana_v1,enumerate_lt_2m_else_binomial_rejection_v1,gaussian_std_sqrt_6_over_M_cubed_v1,networkx_greedy_largest_first_parent_v1,2.5.2,3.6.1,f0d09db5365ea22c086cdd857d772dc2a5acb4d3694a9cc4129a540a9e686550,4efd734a1c6a24f6406282c8dcc4fb0a4b806dcbe2b57661c1f9dd6ee48920d2
10,100,2.0,3,28,396,3,sparse_syk_majorana_v1,enumerate_lt_2m_else_binomial_rejection_v1,gaussian_std_sqrt_6_over_M_cubed_v1,networkx_greedy_largest_first_parent_v1,2.5.2,3.6.1,6f885b08d0a08cf1447baf83a1c7ae3afc1ed0ec79844c92d9659470bda1c21b,1609549af7e303a5714dede4765283b6f8b81b3e08dc8bc607b2952166155e1e
10,100,2.0,4,25,354,4,sparse_syk_majorana_v1,enumerate_lt_2m_else_binomial_rejection_v1,gaussian_std_sqrt_6_over_M_cubed_v1,networkx_greedy_largest_first_parent_v1,2.5.2,3.6.1,c3cbacb8249aef42a167f23ad6a7e33c7e5fca322e12f8aaa69a4c44dc6330de,791897b8b14e8b56f60abc0339d8b58982d49cb8a218351bea52a57b3e2c8214
10,100,2.0,5,29,418,5,sparse_syk_majorana_v1,enumerate_lt_2m_else_binomial_rejection_v1,gaussian_std_sqrt_6_over_M_cubed_v1,networkx_greedy_largest_first_parent_v1,2.5.2,3.6.1,997dd3a03b043de3ea101f8d996d552900b35c76f49cb270d98ad9326754c4e6,4a17e78bcc026e9c1f64f79bb17c07b5617fdb52245357de74fe6b948952bf92
10,100,2.0,6,29,417,6,sparse_syk_majorana_v1,enumerate_lt_2m_else_binomial_rejection_v1,gaussian_std_sqrt_6_over_M_cubed_v1,networkx_greedy_largest_first_parent_v1,2.5.2,3.6.1,30197167d01021e52628e3485c4992900544bcf9417f6b74f69b533dc78b5119,6359268b878c6b28fd30bd160299f69410096587eeaa79761b7d76afc292456f
10,100,2.0,7,28,401,7,sparse_syk_majorana_v1,enumerate_lt_2m_else_binomial_rejection_v1,gaussian_std_sqrt_6_over_M_cubed_v1,networkx_greedy_largest_first_parent_v1,2.5.2,3.6.1,f37c7e6e23b59247a78ec377e5f7340a9cf9dd897241515192a4ebe2f27ebf4a,cf3179f124e7af0c211ec5ad5ebd14ab0a82a1190c6771b05c66569dfc676f44
10,100,2.0,8,26,380,8,sparse_syk_majorana_v1,enumerate_lt_2m_else_binomial_rejection_v1,gaussian_std_sqrt_6_over_M_cubed_v1,networkx_greedy_largest_first_parent_v1,2.5.2,3.6.1,6174a807cfb7cec3f73a2547ee1d819d13d88e603b3764b391f9daae3945d2d6,eea651dbd663e5c47f9d9d2cc2b113c781418b477732d595a9a872d65388b305
10,100,2.0,9,29,419,9,sparse_syk_majorana_v1,enumerate_lt_2m_else_binomial_rejection_v1,gaussian_std_sqrt_6_over_M_cubed_v1,networkx_greedy_largest_first_parent_v1,2.5.2,3.6.1,89775df2e3e6aae192c036d6844063fe57ebfa2c180dfaa0317ebce5a2ed7c85,3b5287637c8ede85d5cc0d0f480ef324e6e22dac9d06f59f8874496b61f64a91
10,100,3.0,0,40,631,0,sparse_syk_majorana_v1,enumerate_lt_2m_else_binomial_rejection_v1,gaussian_std_sqrt_6_over_M_cubed_v1,networkx_greedy_largest_first_parent_v1,2.5.2,3.6.1,4f376e2e67b845ce00620e83f6e5c602e34c897a8fa99edac5ce512c61fa9565,b986aa2ac00138204346d8faa7b5afccb91d4f70c1eba2c93bc0c78bacf5b6d6
10,100,3.0,1,38,589,1,sparse_syk_majorana_v1,enumerate_lt_2m_else_binomial_rejection_v1,gaussian_std_sqrt_6_over_M_cubed_v1,networkx_greedy_largest_first_parent_v1,2.5.2,3.6.1,24c9c2e7976306898fdd1146cf3731b44e4d369b940d79ab078642347fa86988,14769520f639da06a49c4a1eb0826d877e8c65158de6abf5eab3ec6f3cf8a93b
10,100,3.0,2,39,604,2,sparse_syk_majorana_v1,enumerate_lt_2m_else_binomial_rejection_v1,gaussian_std_sqrt_6_over_M_cubed_v1,networkx_greedy_largest_first_parent_v1,2.5.2,3.6.1,de283b8b9810e8ae624fca5ff4407f494f895ef3247bf0d04df9a51e0040dfb7,6ad94a6bb033cfe83200998e8920ec503e5957631f758297b3ec01b5fddf9f33
10,100,3.0,3,39,594,3,sparse_syk_majorana_v1,enumerate_lt_2m_else_binomial_rejection_v1,gaussian_std_sqrt_6_over_M_cubed_v1,networkx_greedy_largest_first_parent_v1,2.5.2,3.6.1,b8db22887f381ce801866ac8b7b9b1fe59a136d9221d3d37b00b0cb451b28fd1,c71c1a154a257b1ac4cecc689158ba573df77d9df1a95e40ede06a282a7ae9fa
10,100,3.0,4,35,543,4,sparse_syk_majorana_v1,enumerate_lt_2m_else_binomial_rejection_v1,gaussian_std_sqrt_6_over_M_cubed_v1,networkx_greedy_largest_first_parent_v1,2.5.2,3.6.1,0f5848d65094eb703d35476621a8d1c3df6313272a65208f4ed0d476a9dff146,f2f854d3373eb0a664f13e38221bbceb8138567276b4752bd5783d779dd3333e
10,100,3.0,5,39,622,5,sparse_syk_majorana_v1,enumerate_lt_2m_else_binomial_rejection_v1,gaussian_std_sqrt_6_over_M_cubed_v1,networkx_greedy_largest_first_parent_v1,2.5.2,3.6.1,4a33abd71fd8dd0db6bdd3426a0002e33aeec83d07aecce3dcc7482189d56b50,aef2a216c2a086625ce10501c0ead07a5abdc74b4be687f57ef7656cf3ab7e6e
10,100,3.0,6,41,621,6,sparse_syk_majorana_v1,enumerate_lt_2m_else_binomial_rejection_v1,gaussian_std_sqrt_6_over_M_cubed_v1,networkx_greedy_largest_first_parent_v1,2.5.2,3.6.1,cdac7e5d2c85a54878831d3d457558f54bb537ddd6abdc069a48ffda706e5613,312d853af58b84d0aa4bc446067bf8862d49c76ce2dd874729924a96c12677e4
10,100,3.0,7,40,599,7,sparse_syk_majorana_v1,enumerate_lt_2m_else_binomial_rejection_v1,gaussian_std_sqrt_6_over_M_cubed_v1,networkx_greedy_largest_first_parent_v1,2.5.2,3.6.1,bfd4b313d8742b19978f6942065bf51f531a29426cf6bf85c6a7a3ee05358e7e,9015a9d6e100e633c7985b90d2beb07b49ad05b2e7cd0dee151305dfda19cede
10,100,3.0,8,37,574,8,sparse_syk_majorana_v1,enumerate_lt_2m_else_binomial_rejection_v1,gaussian_std_sqrt_6_over_M_cubed_v1,networkx_greedy_largest_first_parent_v1,2.5.2,3.6.1,451b7d7d2bf165ce66cf499c5c7239ac39626340592de06d8ac2adf369e3a7cb,0401139cdb23cb9568cddef83865e3282749cd1e72fbcb9801403e5872d667db
10,100,3.0,9,39,619,9,sparse_syk_majorana_v1,enumerate_lt_2m_else_binomial_rejection_v1,gaussian_std_sqrt_6_over_M_cubed_v1,networkx_greedy_largest_first_parent_v1,2.5.2,3.6.1,c7d8641abf13fe9934acf168b0ff550d4199eb437b15365e932e52ca6b606d9c,ebed24f9c68570bdbe558c599a83ef25d3dce1523734d25fc346ebc24b5ede4f
11,121,0.5,0,11,109,0,sparse_syk_majorana_v1,enumerate_lt_2m_else_binomial_rejection_v1,gaussian_std_sqrt_6_over_M_cubed_v1,networkx_greedy_largest_first_parent_v1,2.5.2,3.6.1,d7deace75193d58e84ccdec9bad994fe1b6837c2a778b95b9ffcabc6f5643237,a015f8ec50e0fd488d1fe9481360d3fd926aa22067849f732149cdf8cfa703f1
11,121,0.5,1,10,120,1,sparse_syk_majorana_v1,enumerate_lt_2m_else_binomial_rejection_v1,gaussian_std_sqrt_6_over_M_cubed_v1,networkx_greedy_largest_first_parent_v1,2.5.2,3.6.1,3e5ce7d6f24fa017b344db6a8cc76117d9bb10cd293b9d55171f05494e02b793,dbb9b2e51d0dfc4dd4020dbbd1fff27360e803890f06e727f241f30b57856b8c
11,121,0.5,2,10,124,2,sparse_syk_majorana_v1,enumerate_lt_2m_else_binomial_rejection_v1,gaussian_std_sqrt_6_over_M_cubed_v1,networkx_greedy_largest_first_parent_v1,2.5.2,3.6.1,acffd12f36a9bac50fb7f9c3e5e4653b58aed9c7d40b592dbb35708308d5eeab,0e51683f3b06407ffd3216be02ebe165c4501d90315f15fe5f0ff34e2ede4ffb
11,121,0.5,3,10,119,3,sparse_syk_majorana_v1,enumerate_lt_2m_else_binomial_rejection_v1,gaussian_std_sqrt_6_over_M_cubed_v1,networkx_greedy_largest_first_parent_v1,2.5.2,3.6.1,a6ef766bb6aad5873750c7148412e294c36f327e09ae441fd6e94ef4b57eeba8,397cd8b178668795eabc177ba0a317984fbb6bfdab2aed5bf4f1f7741681953e
11,121,0.5,4,9,106,4,sparse_syk_majorana_v1,enumerate_lt_2m_else_binomial_rejection_v1,gaussian_std_sqrt_6_over_M_cubed_v1,networkx_greedy_largest_first_parent_v1,2.5.2,3.6.1,f45c01c7cd8d42f2f047b7a34a6ede979cd040885e2ade09fd57969fe0a80910,504d8d4bb0a5debacb5266ea4e4373031cde6670f188ff3c26c3e14341ced406
11,121,0.5,5,11,133,5,sparse_syk_majorana_v1,enumerate_lt_2m_else_binomial_rejection_v1,gaussian_std_sqrt_6_over_M_cubed_v1,networkx_greedy_largest_first_parent_v1,2.5.2,3.6.1,593967eadfaf46caf123658f59aebcdfefe9150a229cdbcb2efb26029f6eea8c,10e902602cf8d31c1b0bfcc9fbc9821e85565dc554fe683cd8b1c0cf393d64a0
11,121,0.5,6,11,133,6,sparse_syk_majorana_v1,enumerate_lt_2m_else_binomial_rejection_v1,gaussian_std_sqrt_6_over_M_cubed_v1,networkx_greedy_largest_first_parent_v1,2.5.2,3.6.1,11bfe5c84f2a6aded8960f5f8e1667f3edf9990988286fa32323e9b4ba3948c0,a8067a9600df3109b2e5610327c1968dd2e7537f8bc59b8a93b51494451261a0
11,121,0.5,7,10,126,7,sparse_syk_majorana_v1,enumerate_lt_2m_else_binomial_rejection_v1,gaussian_std_sqrt_6_over_M_cubed_v1,networkx_greedy_largest_first_parent_v1,2.5.2,3.6.1,4d2f56f50eb98597b173db1faf319a973f8f9087175138d8d340c29d8a554cf6,76047b52633651512a2ed582816f4e064f98b6e7f37412b558abd12e69deed94
11,121,0.5,8,10,113,8,sparse_syk_majorana_v1,enumerate_lt_2m_else_binomial_rejection_v1,gaussian_std_sqrt_6_over_M_cubed_v1,networkx_greedy_largest_first_parent_v1,2.5.2,3.6.1,4f6faf3818d6ababc4412c244d3b24b839604a3789600e6c48f246b1f3895c87,2b83309f0a6b83f701ec75566353249563386b88a73bc252e370e5bd967fc961
11,121,0.5,9,11,137,9,sparse_syk_majorana_v1,enumerate_lt_2m_else_binomial_rejection_v1,gaussian_std_sqrt_6_over_M_cubed_v1,networkx_greedy_largest_first_parent_v1,2.5.2,3.6.1,650753ddc58a70d678a660dbc0b1eef0ecbcc7452707d6ee35819de10a014e81,2a2e15514ccf10bbe949bca697ad8a9d8093a0ebedc358f4c1fcb6413c5e1a0d
11,121,1.0,0,18,263,0,sparse_syk_majorana_v1,enumerate_lt_2m_else_binomial_rejection_v1,gaussian_std_sqrt_6_over_M_cubed_v1,networkx_greedy_largest_first_parent_v1,2.5.2,3.6.1,6289bcabb50b21268c4ea9c3851231399bd2a80abb56a867bbab45c60a10df25,c849ff2907c4d984a5579d616f884d880a35603a9f80dedd104a01fca59f97be
11,121,1.0,1,17,237,1,sparse_syk_majorana_v1,enumerate_lt_2m_else_binomial_rejection_v1,gaussian_std_sqrt_6_over_M_cubed_v1,networkx_greedy_largest_first_parent_v1,2.5.2,3.6.1,7947cab09e0467e98e089c2cca76778e6083c02b68f05f64b4127ffef865834d,bb8d0a8e05a6933b9cc53ae392409352cf9d66fbe16f573a084e026220f64f5c
11,121,1.0,2,17,245,2,sparse_syk_majorana_v1,enumerate_lt_2m_else_binomial_rejection_v1,gaussian_std_sqrt_6_over_M_cubed_v1,networkx_greedy_largest_first_parent_v1,2.5.2,3.6.1,53aded75a16ccd5aa289e8aee2c0909781497fb91d74fde182689abf002a4318,e72f75daf49095020235d2b9189eb67a484068cfe79d5b0728776dce761555c1
11,121,1.0,3,17,239,3,sparse_syk_majorana_v1,enumerate_lt_2m_else_binomial_rejection_v1,gaussian_std_sqrt_6_over_M_cubed_v1,networkx_greedy_largest_first_parent_v1,2.5.2,3.6.1,5871f124b2172b68795363b2613d33865570033cdd2c5f76ce470f93dfb26beb,f18767fbe81e4dfd4ac8c7782d560e9442d0b5018363fea7b4727d188ca7e1d4
11,121,1.0,4,15,207,4,sparse_syk_majorana_v1,enumerate_lt_2m_else_binomial_rejection_v1,gaussian_std_sqrt_6_over_M_cubed_v1,networkx_greedy_largest_first_parent_v1,2.5.2,3.6.1,44cbde52de56169eb108474cd7ca540bd3196662e20694bf3173caf1bacd99cd,876088a04417c756ed3cdcf80f6ba4ded6b2190d93879cda2002fadadb0472d2
11,121,1.0,5,19,257,5,sparse_syk_majorana_v1,enumerate_lt_2m_else_binomial_rejection_v1,gaussian_std_sqrt_6_over_M_cubed_v1,networkx_greedy_largest_first_parent_v1,2.5.2,3.6.1,fd5acd9caf2283fcbfbdb14c0ec83e390b2557af54ac43c3d3a7e05b2b074d19,9e0f36860f6d15b9ef96cac4f8234153c68b89e9cdc00fce5b45ca50b6f8a166
11,121,1.0,6,16,256,6,sparse_syk_majorana_v1,enumerate_lt_2m_else_binomial_rejection_v1,gaussian_std_sqrt_6_over_M_cubed_v1,networkx_greedy_largest_first_parent_v1,2.5.2,3.6.1,936d5f63b21d3dfb9767e0b6ec76b451a3e21c57f28a8e79c8fc32a0ed54c5cb,ef17808d647716826df50e3ca2dedf745a2ab8229f9d8e416b71261c59b962e5
11,121,1.0,7,16,244,7,sparse_syk_majorana_v1,enumerate_lt_2m_else_binomial_rejection_v1,gaussian_std_sqrt_6_over_M_cubed_v1,networkx_greedy_largest_first_parent_v1,2.5.2,3.6.1,9f0e37b97d01dfc65df8dfa080967296dfc77d094ae2f6f56eba809341f65a2c,124f1697d16f01a7ca0f7bc0326a84bce357d89fe476e4fc173ccf41c9eeeda1
11,121,1.0,8,16,228,8,sparse_syk_majorana_v1,enumerate_lt_2m_else_binomial_rejection_v1,gaussian_std_sqrt_6_over_M_cubed_v1,networkx_greedy_largest_first_parent_v1,2.5.2,3.6.1,3e2cec01ea82caf4153bcdd7076796fc33d410b28e5f38ee4cc3811436f3a62f,0b29b105d813bc472b3b617de078a1f668b6a86451a92e75f2bd4d7ced7e0b26
11,121,1.0,9,17,260,9,sparse_syk_majorana_v1,enumerate_lt_2m_else_binomial_rejection_v1,gaussian_std_sqrt_6_over_M_cubed_v1,networkx_greedy_largest_first_parent_v1,2.5.2,3.6.1,9527382052f14cb85e78c61c5709827743578db0375cce6009e02f657e079bef,232e8c624517710d51cb1c850ac55b6d7a24f8f83a85f17f88ae35622b815aa5
11,121,2.0,0,31,512,0,sparse_syk_majorana_v1,enumerate_lt_2m_else_binomial_rejection_v1,gaussian_std_sqrt_6_over_M_cubed_v1,networkx_greedy_largest_first_parent_v1,2.5.2,3.6.1,71857c89d9f97984adbc38e7a1e8a9ed13a85ce48a876aa142f8f3a478ebfb76,f1dfd457f2837424ffee0abf0dcebc2e76cb989cdf87d2a5e61fe49ac655b857
11,121,2.0,1,27,475,1,sparse_syk_majorana_v1,enumerate_lt_2m_else_binomial_rejection_v1,gaussian_std_sqrt_6_over_M_cubed_v1,networkx_greedy_largest_first_parent_v1,2.5.2,3.6.1,f205b5089d619ab7c96f1eaa703497250347312c7f8b51e713f87f97efd2fa9d,d65f558c5b913e0fe865aeee63e2061a105fd1e556a1c55c0686380ff2d61d00
11,121,2.0,2,28,487,2,sparse_syk_majorana_v1,enumerate_lt_2m_else_binomial_rejection_v1,gaussian_std_sqrt_6_over_M_cubed_v1,networkx_greedy_largest_first_parent_v1,2.5.2,3.6.1,9dde1a79ad14f1061e12cde814f66fca80d3272b828ed47e5c2eac55d46d97ce,842aa2b0e314c439b46fea8147e1842f868f583c7d5beaabd59cb220ffc5123c
11,121,2.0,3,33,479,3,sparse_syk_majorana_v1,enumerate_lt_2m_else_binomial_rejection_v1,gaussian_std_sqrt_6_over_M_cubed_v1,networkx_greedy_largest_first_parent_v1,2.5.2,3.6.1,2a3014d7a5c77130953ce0d43be270e92ffeaeb2dddf785bb56a666a064074c3,68f64887552a0dc6f2b4186fb31a004c8478dea4e7545522a05310b10dc91c2b
11,121,2.0,4,26,433,4,sparse_syk_majorana_v1,enumerate_lt_2m_else_binomial_rejection_v1,gaussian_std_sqrt_6_over_M_cubed_v1,networkx_greedy_largest_first_parent_v1,2.5.2,3.6.1,8f4a24dde87c328f02de28df265a8bedf48e36a7e35501344a11da227b3ecba4,5f94909ac9f2c030d6abe3a88a84cc84be2fe0f46830dc53ba801e4115dcf32a
11,121,2.0,5,28,504,5,sparse_syk_majorana_v1,enumerate_lt_2m_else_binomial_rejection_v1,gaussian_std_sqrt_6_over_M_cubed_v1,networkx_greedy_largest_first_parent_v1,2.5.2,3.6.1,2f523ddda6be17e0899352acc587db66df6d0474037c888655e1e55808022149,a450c003e05592a41d8a7b466a34180eaf74221c408e851fa58980a9bed4debc
11,121,2.0,6,28,503,6,sparse_syk_majorana_v1,enumerate_lt_2m_else_binomial_rejection_v1,gaussian_std_sqrt_6_over_M_cubed_v1,networkx_greedy_largest_first_parent_v1,2.5.2,3.6.1,1f2ea891b706527c9db2040dc60bd1ea567bc8fba95590d26fc590b0b0ef2d52,5e1f830412178b2d48c0e75abf382b61f976ace5708da8e2cf8d97204316e24e
11,121,2.0,7,27,484,7,sparse_syk_majorana_v1,enumerate_lt_2m_else_binomial_rejection_v1,gaussian_std_sqrt_6_over_M_cubed_v1,networkx_greedy_largest_first_parent_v1,2.5.2,3.6.1,aef5be484cb762458be36b54d8beea384d69378b0f410b4f03f0248069ad95b6,685e0d41a6f0caa19e1784520dcb9231c9c3968ecb0a15db08364a3501225ca9
11,121,2.0,8,26,462,8,sparse_syk_majorana_v1,enumerate_lt_2m_else_binomial_rejection_v1,gaussian_std_sqrt_6_over_M_cubed_v1,networkx_greedy_largest_first_parent_v1,2.5.2,3.6.1,dc8d4341750fb7c0a4f8597043c98b3aaaf90c9a3d84b6ca0187c83b105c215f,959d26af5e572a68a005769ccaca847b8f1a25a6ea33ec305cff37f315471f1c
11,121,2.0,9,33,503,9,sparse_syk_majorana_v1,enumerate_lt_2m_else_binomial_rejection_v1,gaussian_std_sqrt_6_over_M_cubed_v1,networkx_greedy_largest_first_parent_v1,2.5.2,3.6.1,c26b3d0405300f67637fdd4372a6bf788d294bfa86aa76ac4ec8b0bc88e4305a,135d11bc4a61b058c400f4c87b6257965061b6c82366e3d6efa6b998e56a0e48
11,121,3.0,0,40,760,0,sparse_syk_majorana_v1,enumerate_lt_2m_else_binomial_rejection_v1,gaussian_std_sqrt_6_over_M_cubed_v1,networkx_greedy_largest_first_parent_v1,2.5.2,3.6.1,77c4adb169231f29360118b9f7f3b841438f420dd567f94e7ddae43b1b9fbe1f,691e99cf47a4cf9c453ddd9841b17157d727b23ac45908e0c0921409f9f6cc6e
11,121,3.0,1,38,713,1,sparse_syk_majorana_v1,enumerate_lt_2m_else_binomial_rejection_v1,gaussian_std_sqrt_6_over_M_cubed_v1,networkx_greedy_largest_first_parent_v1,2.5.2,3.6.1,b0f0cc63302db4ae0dff4e4afcab07847efbb7c2aec2ac926cbb884d5d4f10e1,e89989d4c688b0eebe678d830a01707523568262b7beff025cbf2d74027c0c0d
11,121,3.0,2,39,730,2,sparse_syk_majorana_v1,enumerate_lt_2m_else_binomial_rejection_v1,gaussian_std_sqrt_6_over_M_cubed_v1,networkx_greedy_largest_first_parent_v1,2.5.2,3.6.1,54464dd94b5d094a4196beface4b60df3001c7ddde11e5760428c87e27438fa6,5b724515e8e903a55c1562dcdaa6cd661b4ade7eb137025db507f88947e24fb8
11,121,3.0,3,44,720,3,sparse_syk_majorana_v1,enumerate_lt_2m_else_binomial_rejection_v1,gaussian_std_sqrt_6_over_M_cubed_v1,networkx_greedy_largest_first_parent_v1,2.5.2,3.6.1,e1f45dc8b57e4890a59b159b5904cdf99c631989ca87e0c1d90f9608e7a3b8c7,a8b5a6074bdd612b869f743ab1fe316bdda6e5aab72265c1f83b3b49410904d1
11,121,3.0,4,41,780,4,sparse_syk_majorana_v1,enumerate_lt_2m_else_binomial_rejection_v1,gaussian_std_sqrt_6_over_M_cubed_v1,networkx_greedy_largest_first_parent_v1,2.5.2,3.6.1,5c1107e5df1c88b39bf09f915bee70cd8334455beb432f943d269b7737b0bc07,7e9e91971b129568521c11dbe47b6331416bfd8f0176f0a2dde0328dd8463085
11,121,3.0,5,39,750,5,sparse_syk_majorana_v1,enumerate_lt_2m_else_binomial_rejection_v1,gaussian_std_sqrt_6_over_M_cubed_v1,networkx_greedy_largest_first_parent_v1,2.5.2,3.6.1,8154e71728aeb88dcec88654116e169997ac7ecd7b40fd45d822f4b07f0ffef8,39224611ec59f08646e2a2446d2cd1eb7321d70e3364ea85ec5aaf26ea1befa6
11,121,3.0,6,40,748,6,sparse_syk_majorana_v1,enumerate_lt_2m_else_binomial_rejection_v1,gaussian_std_sqrt_6_over_M_cubed_v1,networkx_greedy_largest_first_parent_v1,2.5.2,3.6.1,f3aef6fe59a7246ab78b4e4bd3f07e5976c23dc17aa29cdec3c506ff42f00a29,e2c02e5fd6844136aed86edb6afe490353e12306634fa000c11984547df2660d
11,121,3.0,7,39,725,7,sparse_syk_majorana_v1,enumerate_lt_2m_else_binomial_rejection_v1,gaussian_std_sqrt_6_over_M_cubed_v1,networkx_greedy_largest_first_parent_v1,2.5.2,3.6.1,0de964d7a0c4a922612424b2dba8d11a35103a1ae62d610c78f048b578f196d6,9c7b84036e2a971bb68b83337c716ef5630c0fd96e09c5a7e4e2e82e53d43c9d
11,121,3.0,8,38,697,8,sparse_syk_majorana_v1,enumerate_lt_2m_else_binomial_rejection_v1,gaussian_std_sqrt_6_over_M_cubed_v1,networkx_greedy_largest_first_parent_v1,2.5.2,3.6.1,14d20a1ac51efd097298323c58cf348a2f1298e6612ee52a80fe8677b9cf74e7,7dd1501058c708e464511ebf6c2a4bf98611a009d27ac21039dc35af419a08c9
11,121,3.0,9,40,746,9,sparse_syk_majorana_v1,enumerate_lt_2m_else_binomial_rejection_v1,gaussian_std_sqrt_6_over_M_cubed_v1,networkx_greedy_largest_first_parent_v1,2.5.2,3.6.1,f7878a747c4c19d07678e254351fa0ba467ac9a37b2d1688bdc0d23a496b0020,63951a967c3f76a20421a8a9f85925a502fa689c78a7ee4109e280050cd159a4
12,144,0.5,0,9,129,0,sparse_syk_majorana_v1,enumerate_lt_2m_else_binomial_rejection_v1,gaussian_std_sqrt_6_over_M_cubed_v1,networkx_greedy_largest_first_parent_v1,2.5.2,3.6.1,2ec740125abc9cb2e803833604798b2472a302f5b5d089835ceb2686810af1fa,d55ff695233aeaa94de0f9babd6bb8987318572206c6e0a3da07c6bebeb98236
12,144,0.5,1,10,142,1,sparse_syk_majorana_v1,enumerate_lt_2m_else_binomial_rejection_v1,gaussian_std_sqrt_6_over_M_cubed_v1,networkx_greedy_largest_first_parent_v1,2.5.2,3.6.1,2efc5e8ab20c1d1089d62b5ea08278df8570bf4bb6553c78449c79b7135fea59,360afccdcd72fd64ce2cad086c845a796d34a1c659d90ce42d3ee30b097cb1ff
12,144,0.5,2,10,147,2,sparse_syk_majorana_v1,enumerate_lt_2m_else_binomial_rejection_v1,gaussian_std_sqrt_6_over_M_cubed_v1,networkx_greedy_largest_first_parent_v1,2.5.2,3.6.1,4dfa94f3c316546eaf6664767170228a54e0ae11f3955495a7fbefc350a74aac,80cba6bc1606cfd9368a96bb93a3c22981b21808e547bff591155daf7bfda5a6
12,144,0.5,3,10,142,3,sparse_syk_majorana_v1,enumerate_lt_2m_else_binomial_rejection_v1,gaussian_std_sqrt_6_over_M_cubed_v1,networkx_greedy_largest_first_parent_v1,2.5.2,3.6.1,cef0b8f88cad5ce64632be5469e09fc6d5acfae140aca18a7f31e56a6f127d23,63d49eeaf59288270112fb591e3c58d030d4cf6e1c444134b9e96fe0c31dad96
12,144,0.5,4,10,125,4,sparse_syk_majorana_v1,enumerate_lt_2m_else_binomial_rejection_v1,gaussian_std_sqrt_6_over_M_cubed_v1,networkx_greedy_largest_first_parent_v1,2.5.2,3.6.1,ad1e9297113bb17839ea842838bbc7e2dbe07e000b4169284b0ef007301acbc4,76e0edd269df7a09c8df5b5d5facb2c008a10c924ce2b69a8db679ec06606d6b
12,144,0.5,5,10,157,5,sparse_syk_majorana_v1,enumerate_lt_2m_else_binomial_rejection_v1,gaussian_std_sqrt_6_over_M_cubed_v1,networkx_greedy_largest_first_parent_v1,2.5.2,3.6.1,2853e459839e3111ed9d9f51a6d7b346fc37064c4f4dbeeffa44a0801a85d9da,629fecebe0d469d4a2ab4db210e7dd2ad60d5ae6837dd0380d6cf8d3cdeeae33
12,144,0.5,6,12,156,6,sparse_syk_majorana_v1,enumerate_lt_2m_else_binomial_rejection_v1,gaussian_std_sqrt_6_over_M_cubed_v1,networkx_greedy_largest_first_parent_v1,2.5.2,3.6.1,8d66c370f899bb9ca21920b18c0de594728a8514eaf5b7a562b817ff935e1704,02ab503269baf26f76b53502e615f280f1afcfd2c20d2ecf4a0076e41d822108
12,144,0.5,7,10,148,7,sparse_syk_majorana_v1,enumerate_lt_2m_else_binomial_rejection_v1,gaussian_std_sqrt_6_over_M_cubed_v1,networkx_greedy_largest_first_parent_v1,2.5.2,3.6.1,cc815d56b012ad644c94b76f3ea039b042224bedf4e3fd254906eabd49c4c110,d4730ae35952748dfcec4e82b0e62108ecfd2ba1f1f226aa8ec3fc896a61b71e
12,144,0.5,8,10,135,8,sparse_syk_majorana_v1,enumerate_lt_2m_else_binomial_rejection_v1,gaussian_std_sqrt_6_over_M_cubed_v1,networkx_greedy_largest_first_parent_v1,2.5.2,3.6.1,3919bf024007adcc280b1d9448a4a619204f7d7b5d9d60bd2aad8923afa25f1b,f382e694df6906336f09953e4ca57ac3b0b1bc770662488bda3bbe8891ac8c25
12,144,0.5,9,14,161,9,sparse_syk_majorana_v1,enumerate_lt_2m_else_binomial_rejection_v1,gaussian_std_sqrt_6_over_M_cubed_v1,networkx_greedy_largest_first_parent_v1,2.5.2,3.6.1,514d1ec6ae8ae76071a5d2262f40acb5e9df690ad6c07e6c0aef7c161db5de3f,37ce8c3f6d5a414a73487c7b38733519c4799a6313060880f9b8294774195173
12,144,1.0,0,17,311,0,sparse_syk_majorana_v1,enumerate_lt_2m_else_binomial_rejection_v1,gaussian_std_sqrt_6_over_M_cubed_v1,networkx_greedy_largest_first_parent_v1,2.5.2,3.6.1,0818356fefd24795d18ccc72e5dfb56ae1b6cab0c2f7ba8841324315fb56d6c8,db02acf5f3e4b98c7a9f1f265d2c9711d2b2d844b84155c404fba79432d5bde4
12,144,1.0,1,15,282,1,sparse_syk_majorana_v1,enumerate_lt_2m_else_binomial_rejection_v1,gaussian_std_sqrt_6_over_M_cubed_v1,networkx_greedy_largest_first_parent_v1,2.5.2,3.6.1,df7b405d2d7c5aac28dc9dd0834e740973133758383806c8e540769d46089f88,bb8eea64ec4acabd46d645daaea579be8f736683e02d24aa119570bdd8e1129a
12,144,1.0,2,18,291,2,sparse_syk_majorana_v1,enumerate_lt_2m_else_binomial_rejection_v1,gaussian_std_sqrt_6_over_M_cubed_v1,networkx_greedy_largest_first_parent_v1,2.5.2,3.6.1,4f230ba956271a08f628b37f6f463b532940cde66858628e4f32bc212845661e,9e2f552130e36fc3bac16debe93bb34335a5327ce8b45c06a2b97d84c4017e14
12,144,1.0,3,18,285,3,sparse_syk_majorana_v1,enumerate_lt_2m_else_binomial_rejection_v1,gaussian_std_sqrt_6_over_M_cubed_v1,networkx_greedy_largest_first_parent_v1,2.5.2,3.6.1,cfa8ee4ba223b3527e2dd6115aee4275f0f8cb56cf523f5244bd9c6a18c0a53c,4bbcdf505b5386e0a7a7ab6afa0de9460c555e942f3fc1f854974020a1704372
12,144,1.0,4,14,250,4,sparse_syk_majorana_v1,enumerate_lt_2m_else_binomial_rejection_v1,gaussian_std_sqrt_6_over_M_cubed_v1,networkx_greedy_largest_first_parent_v1,2.5.2,3.6.1,4b551342ca13f28a3ef51df1e1fc42ba69ad5a4b64f08ef0b169dde7b3170728,58b4a1ebd06c83beb482d35331bda70f570c2102900c9e160c0d3bd23ce81787
12,144,1.0,5,18,304,5,sparse_syk_majorana_v1,enumerate_lt_2m_else_binomial_rejection_v1,gaussian_std_sqrt_6_over_M_cubed_v1,networkx_greedy_largest_first_parent_v1,2.5.2,3.6.1,14f8e4e45dfc7c354b507be77cfcae41be9be5e8b353f902843e4ea6767f8fd5,cc7b19b11d9490df96d46a9577d080caa8a5b34651c9c8e1e8c5a94f0f3b44ea
12,144,1.0,6,17,303,6,sparse_syk_majorana_v1,enumerate_lt_2m_else_binomial_rejection_v1,gaussian_std_sqrt_6_over_M_cubed_v1,networkx_greedy_largest_first_parent_v1,2.5.2,3.6.1,54ff85c0cb3bc9f320572f3f5b02196fdb98023630540a646ddae099b328882c,7d55c24e7e93d2af9fa09a803effb8074cd8d95156f39db1401995105e08bc37
12,144,1.0,7,20,290,7,sparse_syk_majorana_v1,enumerate_lt_2m_else_binomial_rejection_v1,gaussian_std_sqrt_6_over_M_cubed_v1,networkx_greedy_largest_first_parent_v1,2.5.2,3.6.1,0d1802d19b63459254d8c81cc891ee9bcfc011675b98d837e3b86853afbaaabb,436f75f8d8341b431055ccd17b8dd794392518045246e05843f5e83f35807f28
12,144,1.0,8,17,272,8,sparse_syk_majorana_v1,enumerate_lt_2m_else_binomial_rejection_v1,gaussian_std_sqrt_6_over_M_cubed_v1,networkx_greedy_largest_first_parent_v1,2.5.2,3.6.1,2062bbc1085e1255db95a86efcea14073c5907b446d61c366040236f116bdf43,006d9482f2204cd29acb76c903e0ef6bccd3026f35e8358bc5b4eea55f45f1c9
12,144,1.0,9,19,307,9,sparse_syk_majorana_v1,enumerate_lt_2m_else_binomial_rejection_v1,gaussian_std_sqrt_6_over_M_cubed_v1,networkx_greedy_largest_first_parent_v1,2.5.2,3.6.1,2fff22c97b09108d4e9a8e0b3f4f9334d787d7f6b0e1bb634e63276d6359a0a4,21d72fa438b0f14d86b7f30ecce0b3ffcea384ceafbc6e7d214d3c2f80e22637
12,144,2.0,0,29,607,0,sparse_syk_majorana_v1,enumerate_lt_2m_else_binomial_rejection_v1,gaussian_std_sqrt_6_over_M_cubed_v1,networkx_greedy_largest_first_parent_v1,2.5.2,3.6.1,25949d7e97339f2739853b81eb298373c93a4e10e09e9a86251fa95692317790,7e37f185356c178c76464bcd6fc8886866e16b8ec8881910db4e5a46c8ebc23c
12,144,2.0,1,27,565,1,sparse_syk_majorana_v1,enumerate_lt_2m_else_binomial_rejection_v1,gaussian_std_sqrt_6_over_M_cubed_v1,networkx_greedy_largest_first_parent_v1,2.5.2,3.6.1,2c7a934b784b51f551f31282960df9c7c74adcdd28eb286c26d95700c8e461eb,d4bf632ec7a9c8617059d17b70ff8ddd6eae3b7540c0a99f86de11ba412f0795
12,144,2.0,2,28,580,2,sparse_syk_majorana_v1,enumerate_lt_2m_else_binomial_rejection_v1,gaussian_std_sqrt_6_over_M_cubed_v1,networkx_greedy_largest_first_parent_v1,2.5.2,3.6.1,59aa06cbbc872e3239266862f18a07db1f10385145167c6564aed844cb7bf56c,627f8b150f61a3cc8e9668530d8294483c2842d8382f928a605df9ebf3558c64
12,144,2.0,3,30,570,3,sparse_syk_majorana_v1,enumerate_lt_2m_else_binomial_rejection_v1,gaussian_std_sqrt_6_over_M_cubed_v1,networkx_greedy_largest_first_parent_v1,2.5.2,3.6.1,69205847d94e38e7dc09469681e7cbf630552bf70abe8e89e471e61d62ce73cb,a7c85c6f84c0aa54d474df24129a477250c4b2575a7220d60e9e78a904ddaf4c
12,144,2.0,4,25,520,4,sparse_syk_majorana_v1,enumerate_lt_2m_else_binomial_rejection_v1,gaussian_std_sqrt_6_over_M_cubed_v1,networkx_greedy_largest_first_parent_v1,2.5.2,3.6.1,ee4915b4b0d65217391a4323415a86f59cf0747f45d55b76ea573a0ae32d9000,79b019d3a9513c49eef712273b786233cfe1da56f1da96d38034b7afa605ad40
12,144,2.0,5,30,598,5,sparse_syk_majorana_v1,enumerate_lt_2m_else_binomial_rejection_v1,gaussian_std_sqrt_6_over_M_cubed_v1,networkx_greedy_largest_first_parent_v1,2.5.2,3.6.1,ba79d69c5ca9b5fb7afc9f7ea62c4187447b5669df506faf03616e691ffc1f03,a48d810bcb1f007d33b2d0f3c3c3db22c00ef2177dc6b0c57d2aa748563b5514
12,144,2.0,6,28,596,6,sparse_syk_majorana_v1,enumerate_lt_2m_else_binomial_rejection_v1,gaussian_std_sqrt_6_over_M_cubed_v1,networkx_greedy_largest_first_parent_v1,2.5.2,3.6.1,0515075b840985891e90edf68b10737119dc52cb5fd11d8220aa36630b3b28ea,36b6ac683311e4d757b2d4d63e058d245f486903c1fab477b96bfbdf01ef2a32
12,144,2.0,7,28,576,7,sparse_syk_majorana_v1,enumerate_lt_2m_else_binomial_rejection_v1,gaussian_std_sqrt_6_over_M_cubed_v1,networkx_greedy_largest_first_parent_v1,2.5.2,3.6.1,fa43d812adc533176d407f9bff1db5024e5c2048ab8e52f2bbd34b3bc072d3d0,2a851af0c4d197f95a91d22a7cb8470b557dcb88203689bf3e474e8751abc2b6
12,144,2.0,8,27,551,8,sparse_syk_majorana_v1,enumerate_lt_2m_else_binomial_rejection_v1,gaussian_std_sqrt_6_over_M_cubed_v1,networkx_greedy_largest_first_parent_v1,2.5.2,3.6.1,9d32332566c9a87debfb1859c6afd227d10fefa32eab33ef5174757cf599041a,ef5824ccf5f882de74f3f8b68e0265c65644703828e91eb726e4e403f47dda46
12,144,2.0,9,30,595,9,sparse_syk_majorana_v1,enumerate_lt_2m_else_binomial_rejection_v1,gaussian_std_sqrt_6_over_M_cubed_v1,networkx_greedy_largest_first_parent_v1,2.5.2,3.6.1,2170d2db0e5eed5c0cc3ae9d6f8af89fd1d747d31a1205a334ab0fcdbebf55d2,5b90c132d40f1f471e7df4a53c72a355fbdfd70536f6f75b6e2193a7db773bb0
12,144,3.0,0,41,901,0,sparse_syk_majorana_v1,enumerate_lt_2m_else_binomial_rejection_v1,gaussian_std_sqrt_6_over_M_cubed_v1,networkx_greedy_largest_first_parent_v1,2.5.2,3.6.1,92672d4c014c8ce6682ec4cadd920a5cbd74173dcd143b832230435f3532fed6,26003fa03e25737b38ca2a3aaa7771304848d6a81d679a1d49f2aecfa7ecd98d
12,144,3.0,1,38,850,1,sparse_syk_majorana_v1,enumerate_lt_2m_else_binomial_rejection_v1,gaussian_std_sqrt_6_over_M_cubed_v1,networkx_greedy_largest_first_parent_v1,2.5.2,3.6.1,9533bf5b1f0818f9c7bd72f39279ff7f670b3a782328d8f75ce8088b80e302aa,2b91a49d5ebf39fe278de0b7e9bb05453b9220d233809dc74cf81e91e4dc4b20
12,144,3.0,2,39,868,2,sparse_syk_majorana_v1,enumerate_lt_2m_else_binomial_rejection_v1,gaussian_std_sqrt_6_over_M_cubed_v1,networkx_greedy_largest_first_parent_v1,2.5.2,3.6.1,bdae01d769c582b70bb5d9424dbd17dd67c79db951fa3a95b76de3fe4d33935c,481e6aee5c0660e4f4f261a64970d493e9c659f886f27ba52f58e5b9b82ce78e
12,144,3.0,3,41,857,3,sparse_syk_majorana_v1,enumerate_lt_2m_else_binomial_rejection_v1,gaussian_std_sqrt_6_over_M_cubed_v1,networkx_greedy_largest_first_parent_v1,2.5.2,3.6.1,76720591e03604a7226f7bad5ff13b208d3ea88a540fabe32f86f640ace00df0,69ecad759439093a542848c98ceba93df5d29624039a06105f5582165d6ae5ac
12,144,3.0,4,43,923,4,sparse_syk_majorana_v1,enumerate_lt_2m_else_binomial_rejection_v1,gaussian_std_sqrt_6_over_M_cubed_v1,networkx_greedy_largest_first_parent_v1,2.5.2,3.6.1,80467b958d8f572e5afac68c671245a63a8beb93a0de357786e32355edffd324,b19db1d70b9968611c52fae377e5d5f74f5343079003832a967a3f560db30db3
12,144,3.0,5,38,850,5,sparse_syk_majorana_v1,enumerate_lt_2m_else_binomial_rejection_v1,gaussian_std_sqrt_6_over_M_cubed_v1,networkx_greedy_largest_first_parent_v1,2.5.2,3.6.1,20b11affef3f21dc24784b587f44c475692c476e1120b86ed46591e79954a825,ba2280c30a62c9f190208c0d5e70d31e4f3af4723b616d81e6a81b0b115640ad
12,144,3.0,6,41,888,6,sparse_syk_majorana_v1,enumerate_lt_2m_else_binomial_rejection_v1,gaussian_std_sqrt_6_over_M_cubed_v1,networkx_greedy_largest_first_parent_v1,2.5.2,3.6.1,29e9f44f6d2a55ba8cb3737830c84122aa5d17a859071ad89fce0d37f9883c66,23a36eadfe8879d793b27c6d4c9bc6a2108b76df450d9a790dafa1264e1d0e66
12,144,3.0,7,39,862,7,sparse_syk_majorana_v1,enumerate_lt_2m_else_binomial_rejection_v1,gaussian_std_sqrt_6_over_M_cubed_v1,networkx_greedy_largest_first_parent_v1,2.5.2,3.6.1,f89842917760f48ce10b33af62f10afc4b5fa7c875ffd544209a8bd56fd25aca,1a9a2b7ad1ba9fab1a1fb3816c01f78f76d5ef9c5b8ba7098f1e9914bf044953
12,144,3.0,8,39,832,8,sparse_syk_majorana_v1,enumerate_lt_2m_else_binomial_rejection_v1,gaussian_std_sqrt_6_over_M_cubed_v1,networkx_greedy_largest_first_parent_v1,2.5.2,3.6.1,8c2789baf8c21a9635ace7c5c20344bf5d233a03d3d6617795d05b8a2ff542a8,400aaa0e683978c80d1203f879d067611e6071c02a8738bbb3da5f76ee145243
12,144,3.0,9,40,884,9,sparse_syk_majorana_v1,enumerate_lt_2m_else_binomial_rejection_v1,gaussian_std_sqrt_6_over_M_cubed_v1,networkx_greedy_largest_first_parent_v1,2.5.2,3.6.1,f956bd650c1b19c98339a465c4e1896da485bf15039c0f2c6f6d7147dbbd132b,6fffc671a039069aa8c1e6feb8d7417216061a1b0b3d6245eb75854e8d293971
13,169,0.5,0,11,150,0,sparse_syk_majorana_v1,enumerate_lt_2m_else_binomial_rejection_v1,gaussian_std_sqrt_6_over_M_cubed_v1,networkx_greedy_largest_first_parent_v1,2.5.2,3.6.1,0ae922d43a6e7a46f396e7e1d134e917d719c702b65ed169e63a5ea76fc68037,02aef6224cf9d01c3df445d387f526585b4a20a3445e89f214a495a25d97f648
13,169,0.5,1,11,166,1,sparse_syk_majorana_v1,enumerate_lt_2m_else_binomial_rejection_v1,gaussian_std_sqrt_6_over_M_cubed_v1,networkx_greedy_largest_first_parent_v1,2.5.2,3.6.1,96bed56b9202454848658856bc85eb576fd90e02b0f454b9137e1d8bcf4a5cc6,c9d1bf8a5a662c9ae7c674636e679853b61f1bbaa1b0d9cf4a387334b362e3b7
13,169,0.5,2,11,172,2,sparse_syk_majorana_v1,enumerate_lt_2m_else_binomial_rejection_v1,gaussian_std_sqrt_6_over_M_cubed_v1,networkx_greedy_largest_first_parent_v1,2.5.2,3.6.1,5e097872b1f60c7210a41db09ce70415eeedf49dc03215303ea9466ae96d87b8,a53a1ff68ac2667dfb943dbfa01c2116d547ea02452fbdcd178dfff0369980cd
13,169,0.5,3,11,167,3,sparse_syk_majorana_v1,enumerate_lt_2m_else_binomial_rejection_v1,gaussian_std_sqrt_6_over_M_cubed_v1,networkx_greedy_largest_first_parent_v1,2.5.2,3.6.1,ba891b625e8d144f4a7a2fc1d4c3d7cc5916e9749102cb60bf57e0fd6a455f51,fcea270d7ae3945291aab5a68d056c2f6f45f43fba89d8e6cda7b038f7b94bfc
13,169,0.5,4,11,184,4,sparse_syk_majorana_v1,enumerate_lt_2m_else_binomial_rejection_v1,gaussian_std_sqrt_6_over_M_cubed_v1,networkx_greedy_largest_first_parent_v1,2.5.2,3.6.1,6be36e8fe9adc8c6eaf969d564199a037004f5de204b6df87773250b91258119,741b617140da4f02a8bce4f2d4d296966af72a2fefed72b1c68cc9b83bf3af24
13,169,0.5,5,11,182,5,sparse_syk_majorana_v1,enumerate_lt_2m_else_binomial_rejection_v1,gaussian_std_sqrt_6_over_M_cubed_v1,networkx_greedy_largest_first_parent_v1,2.5.2,3.6.1,8e6c852aa494e1c43f4fe811995df6e2621b82385ee5fffd59ef43b21fedbe4f,d058e1707d0998c7ab60368568eb95ae0c0db3353528f78cce23254ab45c82e5
13,169,0.5,6,10,182,6,sparse_syk_majorana_v1,enumerate_lt_2m_else_binomial_rejection_v1,gaussian_std_sqrt_6_over_M_cubed_v1,networkx_greedy_largest_first_parent_v1,2.5.2,3.6.1,4bdb774523e79e1c2ce5f70c0b33b864bd71f3d713e147e54ffd832a0304fc2e,321ef7a95687bd1ea93d8153bc528b49d27d2a10e33f44ce7c56b52c4a356450
13,169,0.5,7,10,172,7,sparse_syk_majorana_v1,enumerate_lt_2m_else_binomial_rejection_v1,gaussian_std_sqrt_6_over_M_cubed_v1,networkx_greedy_largest_first_parent_v1,2.5.2,3.6.1,8da40608748d7e20ebec9f6a2b1b00b9b81f540ed6c7267d9133b1f7b63d2f0d,b92cbaba34c58205fcc5fc3f0165e592847f6f98fa888956068b49eef569609e
13,169,0.5,8,10,158,8,sparse_syk_majorana_v1,enumerate_lt_2m_else_binomial_rejection_v1,gaussian_std_sqrt_6_over_M_cubed_v1,networkx_greedy_largest_first_parent_v1,2.5.2,3.6.1,dc3f31f712224b23b2d0a1f4f091b17132cadb23d574a7b91d0e52aa6a706690,ee95d7da30dd018b78bd0362cb9e8fd36c2caacb10de1c4996a4c90710cc4c00
13,169,0.5,9,11,187,9,sparse_syk_majorana_v1,enumerate_lt_2m_else_binomial_rejection_v1,gaussian_std_sqrt_6_over_M_cubed_v1,networkx_greedy_largest_first_parent_v1,2.5.2,3.6.1,8be0fd4c0aefc13216041a7d070573c5511211e4b5633e070b6d0874ee4ee18f,1564949f61144c33a94c32b64e9c79491080530958c30c9da92b456473a8b2f8
13,169,1.0,0,18,362,0,sparse_syk_majorana_v1,enumerate_lt_2m_else_binomial_rejection_v1,gaussian_std_sqrt_6_over_M_cubed_v1,networkx_greedy_largest_first_parent_v1,2.5.2,3.6.1,8638e1b35115af5753817cd5f0a93d4c6e1225047bab36138161d9e20ae2d74a,5cfeffd179fb3fb8b849ebcaf28b71074044a0cdb68999a69356dbf25262b4fb
13,169,1.0,1,16,331,1,sparse_syk_majorana_v1,enumerate_lt_2m_else_binomial_rejection_v1,gaussian_std_sqrt_6_over_M_cubed_v1,networkx_greedy_largest_first_parent_v1,2.5.2,3.6.1,5d513e7863558904d3b4253c9bb5cc25208b01cbe5e2e33031f5b8b1edeef347,d3b73f31a7367ed17761ce6627ea094f33f22b3713d7aca0a3db4e20311ef5a8
13,169,1.0,2,17,341,2,sparse_syk_majorana_v1,enumerate_lt_2m_else_binomial_rejection_v1,gaussian_std_sqrt_6_over_M_cubed_v1,networkx_greedy_largest_first_parent_v1,2.5.2,3.6.1,fc93a4128c90c006d135b56f3926cb8d613f574f9ba3bbd4bd9ae521531506b7,387e79974849c9ffc7548cd9932a702b33037df2e9acf49e78d46b783366d311
13,169,1.0,3,16,334,3,sparse_syk_majorana_v1,enumerate_lt_2m_else_binomial_rejection_v1,gaussian_std_sqrt_6_over_M_cubed_v1,networkx_greedy_largest_first_parent_v1,2.5.2,3.6.1,f13013ac8bb337f24afad51283f6cafd240c4503dc63d1e64b0ef2600f9a00b8,f515510201ea7b5bba2008f22f7dab1a68b3e9ecc0ffac9bd330d223991180e2
13,169,1.0,4,16,296,4,sparse_syk_majorana_v1,enumerate_lt_2m_else_binomial_rejection_v1,gaussian_std_sqrt_6_over_M_cubed_v1,networkx_greedy_largest_first_parent_v1,2.5.2,3.6.1,66fc93b26066e14b97a636f3b19f3023a1b6721d7f350f14c78323c626b7bf20,2a785a5c7dedd8ae54e5171393c9b08eac2a3c5036423961355bbd69229c5706
13,169,1.0,5,16,355,5,sparse_syk_majorana_v1,enumerate_lt_2m_else_binomial_rejection_v1,gaussian_std_sqrt_6_over_M_cubed_v1,networkx_greedy_largest_first_parent_v1,2.5.2,3.6.1,a4aca9c13547dab6521d00d014a5ebdeaf27fb17a721915ea08248a7a41c811f,5f1f0275150cebc98f3550c0ad3b20ccc0c4db67e1b2b2aee0d6bc49942f526a
13,169,1.0,6,16,354,6,sparse_syk_majorana_v1,enumerate_lt_2m_else_binomial_rejection_v1,gaussian_std_sqrt_6_over_M_cubed_v1,networkx_greedy_largest_first_parent_v1,2.5.2,3.6.1,8563059db106b0ef488d2d8b8ce56f48e52184b87e582f799206361554cdf73a,10d503cb6700c859fce4a8659c5b7a7ed6823f961104fb8bdba7e2032ae4d360
13,169,1.0,7,17,339,7,sparse_syk_majorana_v1,enumerate_lt_2m_else_binomial_rejection_v1,gaussian_std_sqrt_6_over_M_cubed_v1,networkx_greedy_largest_first_parent_v1,2.5.2,3.6.1,db073447d95c06e5fed3ff67b30b927380330f1a1496d882f1bde9b256d1c0dc,ebf6d546775ce35cbbfd91ffa38355a14be3e4c1f7c7c46bb6a22c436d2e1b06
13,169,1.0,8,18,320,8,sparse_syk_majorana_v1,enumerate_lt_2m_else_binomial_rejection_v1,gaussian_std_sqrt_6_over_M_cubed_v1,networkx_greedy_largest_first_parent_v1,2.5.2,3.6.1,0a113c7b47892a13298442042dd29737d140cca7862edaf6f97bb305ec0773ff,6ddbe36e66f82f8bcb2f44472222a725c03d113bbc48657aead79afccb704f06
13,169,1.0,9,18,357,9,sparse_syk_majorana_v1,enumerate_lt_2m_else_binomial_rejection_v1,gaussian_std_sqrt_6_over_M_cubed_v1,networkx_greedy_largest_first_parent_v1,2.5.2,3.6.1,9a3bb18a2951368ec961234bfd47f051826e3ca8bec60ad3af61aa8c55a00b69,a96bfbd842095e424c122837888eeda6b8a2eefc4399d931982bcb9515179537
13,169,2.0,0,29,709,0,sparse_syk_majorana_v1,enumerate_lt_2m_else_binomial_rejection_v1,gaussian_std_sqrt_6_over_M_cubed_v1,networkx_greedy_largest_first_parent_v1,2.5.2,3.6.1,f97c490ab924b9e32677c9203ee72a54bbcdf05b59713b41093e0df5eb0d9577,9dde0ab3f51f28a53ce2c8f31b1a1b6d79d5163d791e47ae5082144193ea99ef
13,169,2.0,1,29,664,1,sparse_syk_majorana_v1,enumerate_lt_2m_else_binomial_rejection_v1,gaussian_std_sqrt_6_over_M_cubed_v1,networkx_greedy_largest_first_parent_v1,2.5.2,3.6.1,efb85893c62485f0ee29a9d9eb0b79f6c8c3de22d33ea84cdbbed6b249aa38ec,bd50652ce68283c5f1274c843724f0e1d70a692f2fbe05fdb26f83dd58012544
13,169,2.0,2,28,680,2,sparse_syk_majorana_v1,enumerate_lt_2m_else_binomial_rejection_v1,gaussian_std_sqrt_6_over_M_cubed_v1,networkx_greedy_largest_first_parent_v1,2.5.2,3.6.1,a40bd97c994bf0971c091a590871d380abfc15b559f33e38b66496a59fe12483,b3c2110ae68424731eb4c286ac3279e75203252e6a19786e5380d9c3eff88b65
13,169,2.0,3,27,670,3,sparse_syk_majorana_v1,enumerate_lt_2m_else_binomial_rejection_v1,gaussian_std_sqrt_6_over_M_cubed_v1,networkx_greedy_largest_first_parent_v1,2.5.2,3.6.1,598aad088d86be5b4e4b0718a28997674da607825de36cc5b9c5aac8c6c33316,5914c18057042ced9358f1345743f47f4bf001f2d72aa8e1ed19fd84373e5300
13,169,2.0,4,27,615,4,sparse_syk_majorana_v1,enumerate_lt_2m_else_binomial_rejection_v1,gaussian_std_sqrt_6_over_M_cubed_v1,networkx_greedy_largest_first_parent_v1,2.5.2,3.6.1,861597e10c3465e856558e54e9df2b99b17186106bd419c81d1b982f59680590,1e892525700bca9a280910d3fd99a7aa02e463908e53a6c88dcc4c1bfe7137e7
13,169,2.0,5,29,699,5,sparse_syk_majorana_v1,enumerate_lt_2m_else_binomial_rejection_v1,gaussian_std_sqrt_6_over_M_cubed_v1,networkx_greedy_largest_first_parent_v1,2.5.2,3.6.1,7fb8ed6542cb466501ad9f47bc904d7c1b4f9807c7cbe578b3099ed2c01e4dde,409edf95721f83eb711704dfec15561d057d270b044fe1961d45807953d6248c
13,169,2.0,6,29,698,6,sparse_syk_majorana_v1,enumerate_lt_2m_else_binomial_rejection_v1,gaussian_std_sqrt_6_over_M_cubed_v1,networkx_greedy_largest_first_parent_v1,2.5.2,3.6.1,c7794056f926f02fe1e60a9527e7d07ae18aac6ffeba46771ba30348c20267bd,29598c9e3b9085ce4bb0cad50bf78277e123d3d75c80c8e418d4cfb32f6e085d
13,169,2.0,7,28,675,7,sparse_syk_majorana_v1,enumerate_lt_2m_else_binomial_rejection_v1,gaussian_std_sqrt_6_over_M_cubed_v1,networkx_greedy_largest_first_parent_v1,2.5.2,3.6.1,abe778a8d077b80b5789837dfae47b982d8aa3a2616665fa5cfb545aee60864c,77c49ed9b76fdd1d0db919e12103c10df58445cb9bb66ed152ac31a706846c34
13,169,2.0,8,27,648,8,sparse_syk_majorana_v1,enumerate_lt_2m_else_binomial_rejection_v1,gaussian_std_sqrt_6_over_M_cubed_v1,networkx_greedy_largest_first_parent_v1,2.5.2,3.6.1,f77085204ff986d766c0c4b2f2417db7e6bfb543266f2ca9a96cefaa61feb47d,1a8c3c66ae76a04543067ae0da9545765fcf0c52b385fdcdc3980c175c967bd0
13,169,2.0,9,30,696,9,sparse_syk_majorana_v1,enumerate_lt_2m_else_binomial_rejection_v1,gaussian_std_sqrt_6_over_M_cubed_v1,networkx_greedy_largest_first_parent_v1,2.5.2,3.6.1,a2f9484477d1c4d17306fe0fb922038461d9199c35ece2c449ba8f9aaad770c0,4c16bce4914c4b861bf4f9b9347b39234841d168356858648d40f4d8ec0e0dd2
13,169,3.0,0,42,1054,0,sparse_syk_majorana_v1,enumerate_lt_2m_else_binomial_rejection_v1,gaussian_std_sqrt_6_over_M_cubed_v1,networkx_greedy_largest_first_parent_v1,2.5.2,3.6.1,585f579f407c03bc38e71bc2e958ce69851f8036e73e8f32cdca5fe55f197c78,3414bfa7ef29032282318eba72f430fd48c2b3032e1bb0b1433ff6d38ffd2982
13,169,3.0,1,46,998,1,sparse_syk_majorana_v1,enumerate_lt_2m_else_binomial_rejection_v1,gaussian_std_sqrt_6_over_M_cubed_v1,networkx_greedy_largest_first_parent_v1,2.5.2,3.6.1,2d6150f81f473f3e579c38723e5819fa4807e735bea45575445b22a331e97d23,77295503bf573c68245b82987b8bae4a990264e31def56ac2908540258c1268b
13,169,3.0,2,40,1018,2,sparse_syk_majorana_v1,enumerate_lt_2m_else_binomial_rejection_v1,gaussian_std_sqrt_6_over_M_cubed_v1,networkx_greedy_largest_first_parent_v1,2.5.2,3.6.1,f8618b9e3da4af5cbb431d52787714e6148adb34421c7b40edb2665b859fd3ad,556eb2ed0a5334762bb0298ecd75210920d20d027ac59e4296c69715962c5418
13,169,3.0,3,39,1006,3,sparse_syk_majorana_v1,enumerate_lt_2m_else_binomial_rejection_v1,gaussian_std_sqrt_6_over_M_cubed_v1,networkx_greedy_largest_first_parent_v1,2.5.2,3.6.1,76b1900dba34410ed305e854063b9f50502f73d22676e8e149b8ded92006ad15,74e76c5728e5d1c4cbc7e2ea7cd8b70e051b1d793c44ba1ca017b188aea9e00f
13,169,3.0,4,41,1077,4,sparse_syk_majorana_v1,enumerate_lt_2m_else_binomial_rejection_v1,gaussian_std_sqrt_6_over_M_cubed_v1,networkx_greedy_largest_first_parent_v1,2.5.2,3.6.1,accc9002f262ff6b641bb813964805721d6f7c35dde882033048f2f4b82897ec,136c63d61ce19e5683112b68d2ce7a97bcad043d54429bed565fc9586c77b7bf
13,169,3.0,5,38,996,5,sparse_syk_majorana_v1,enumerate_lt_2m_else_binomial_rejection_v1,gaussian_std_sqrt_6_over_M_cubed_v1,networkx_greedy_largest_first_parent_v1,2.5.2,3.6.1,67531de3795b94c5b9e8b01d1315acd8489c052c7fa9bbed98da661370cf41ec,e343ac832a0591ea750ba8e81bc297421dea471e443148f6f7e2ef35282e8bed
13,169,3.0,6,42,1040,6,sparse_syk_majorana_v1,enumerate_lt_2m_else_binomial_rejection_v1,gaussian_std_sqrt_6_over_M_cubed_v1,networkx_greedy_largest_first_parent_v1,2.5.2,3.6.1,7e6d7c098f7a5177c9a72f11836890e1c22bb43ada5c74eb5166dd31c2e0fdc0,2209016d3ae42a44c2f2bd62983d8c139227abf9721ce4e60f8d3b644dccd91e
13,169,3.0,7,39,1012,7,sparse_syk_majorana_v1,enumerate_lt_2m_else_binomial_rejection_v1,gaussian_std_sqrt_6_over_M_cubed_v1,networkx_greedy_largest_first_parent_v1,2.5.2,3.6.1,d253aa5d380e1a65aac9f0826575aee9067771df78d6d5371b97181777fb0c52,e54d05957c2082fe35732231b181a6371c6d690730843b84bba409ba031bf22f
13,169,3.0,8,38,979,8,sparse_syk_majorana_v1,enumerate_lt_2m_else_binomial_rejection_v1,gaussian_std_sqrt_6_over_M_cubed_v1,networkx_greedy_largest_first_parent_v1,2.5.2,3.6.1,d7df81ca616f7b7974b428aa6e9faeeb6c8f85409af6974ec5f2c0609eee557c,6dd9ac1502c1b10c1edb53818b9669dfa6626e8948d6cba94dea86ea9d8c64ba
13,169,3.0,9,41,1034,9,sparse_syk_majorana_v1,enumerate_lt_2m_else_binomial_rejection_v1,gaussian_std_sqrt_6_over_M_cubed_v1,networkx_greedy_largest_first_parent_v1,2.5.2,3.6.1,9e242ed3844bb768c7d932e137a735e00f5f3eb71e6f4b51f6cb38bad3c2be4b,90619c8ecb1a00bace80cb0f65c3f84c26a76ace979f9618a65c0b713062036a
14,196,0.5,0,9,171,0,sparse_syk_majorana_v1,enumerate_lt_2m_else_binomial_rejection_v1,gaussian_std_sqrt_6_over_M_cubed_v1,networkx_greedy_largest_first_parent_v1,2.5.2,3.6.1,4af55c1fbde592a282e16ae221450de99ffcb5c7d6461ec5423bd3a90791e6ee,5bd97355ebe2f823af0e8ae2689a90e47e98d26e0c6555f39a592ef54d91eb1a
14,196,0.5,1,10,192,1,sparse_syk_majorana_v1,enumerate_lt_2m_else_binomial_rejection_v1,gaussian_std_sqrt_6_over_M_cubed_v1,networkx_greedy_largest_first_parent_v1,2.5.2,3.6.1,eb6d62069935591f90dd48fb38caf3717c55374afd851c31bd8ed4d0c410d16f,be8d6e2c6fb7d37818b12140ef3097bd71229e1d42ac3c13ade063e73e93ef95
14,196,0.5,2,12,199,2,sparse_syk_majorana_v1,enumerate_lt_2m_else_binomial_rejection_v1,gaussian_std_sqrt_6_over_M_cubed_v1,networkx_greedy_largest_first_parent_v1,2.5.2,3.6.1,2627ce21c038f8e35dfddd443440febbf750c5c28a72e0023c65fd38116b9b61,ad29e8bcbe816ef06fc93d9ca95cbda2c6648d6766f8766b4bcc6f3eab9bca56
14,196,0.5,3,10,193,3,sparse_syk_majorana_v1,enumerate_lt_2m_else_binomial_rejection_v1,gaussian_std_sqrt_6_over_M_cubed_v1,networkx_greedy_largest_first_parent_v1,2.5.2,3.6.1,4a819f4eb29ccfee197ca17550876a5da33ad3828cc82b576771b8928c83610a,c851847421a930bddf88378c51731c9f142261b26bd3aba4920cc21da331a696
14,196,0.5,4,9,165,4,sparse_syk_majorana_v1,enumerate_lt_2m_else_binomial_rejection_v1,gaussian_std_sqrt_6_over_M_cubed_v1,networkx_greedy_largest_first_parent_v1,2.5.2,3.6.1,982aacb90b86c7857f1dfe0890ec90a15c0d7bac2b751fb9703acbc26725ddec,1e17afe2a48a7340865827803179261b4cca29a3101efb1f57a742ad2884b58b
14,196,0.5,5,11,210,5,sparse_syk_majorana_v1,enumerate_lt_2m_else_binomial_rejection_v1,gaussian_std_sqrt_6_over_M_cubed_v1,networkx_greedy_largest_first_parent_v1,2.5.2,3.6.1,3b6f9cfa7b175bb77af0613abac850354a5c435540706043aac11e46483b4b6e,c6bd937696d3e05c12647ce682f95c79868aaa62cd36d214ccff9db241b5d6a3
14,196,0.5,6,11,210,6,sparse_syk_majorana_v1,enumerate_lt_2m_else_binomial_rejection_v1,gaussian_std_sqrt_6_over_M_cubed_v1,networkx_greedy_largest_first_parent_v1,2.5.2,3.6.1,36ae5e7940381db06650109c8715a6fdfaa3552e5e450d607947dc4fdcff905e,dc4a11f32a8961ee27f1ef0388afd43a02aa6f5eca5b94691262e696ec4837b1
14,196,0.5,7,11,199,7,sparse_syk_majorana_v1,enumerate_lt_2m_else_binomial_rejection_v1,gaussian_std_sqrt_6_over_M_cubed_v1,networkx_greedy_largest_first_parent_v1,2.5.2,3.6.1,afbcdce37ba323a6d970aee937c354852885ee9c03c51d65149c379125bee3b3,fb6015afc1fe852b62f4f02222cb01dd7701d1c230ba11b15c8d0aa00d7c2d61
14,196,0.5,8,10,184,8,sparse_syk_majorana_v1,enumerate_lt_2m_else_binomial_rejection_v1,gaussian_std_sqrt_6_over_M_cubed_v1,networkx_greedy_largest_first_parent_v1,2.5.2,3.6.1,a7e8532853bc906dee9728c3641d7c240928c9316dac561783c39c5a0948d464,0834ef16081e2d6974e3e7c3405de25a9a4935b0b98083b54d62d27fc3636e2e
14,196,0.5,9,11,214,9,sparse_syk_majorana_v1,enumerate_lt_2m_else_binomial_rejection_v1,gaussian_std_sqrt_6_over_M_cubed_v1,networkx_greedy_largest_first_parent_v1,2.5.2,3.6.1,7e405f9f922f99351663ea4086bd2240a03bcbc9c1618a60705e2f0f7ce7c440,eafbcd4fc767b8b3e09ee778eca0b21bc409ffe0e7817f6767d0f76480fa3cb1
14,196,1.0,0,17,418,0,sparse_syk_majorana_v1,enumerate_lt_2m_else_binomial_rejection_v1,gaussian_std_sqrt_6_over_M_cubed_v1,networkx_greedy_largest_first_parent_v1,2.5.2,3.6.1,d1a1999ad4fd10d2ce1a557560c27cc501a1d4261dc0adc1cca28fc0436da80a,8d1a3c456d861b905a2853552faa1e925d02eb58f708bf8b63ef29859cdff1ab
14,196,1.0,1,17,384,1,sparse_syk_majorana_v1,enumerate_lt_2m_else_binomial_rejection_v1,gaussian_std_sqrt_6_over_M_cubed_v1,networkx_greedy_largest_first_parent_v1,2.5.2,3.6.1,70180e1e9364e0b72704e9573de632d9e4f5df9c177d5ea5679b92f9785c2184,e14bce610bd14cc80278c7c6de90e9db372505ac7dac9f8ffdbb64499691bbb9
14,196,1.0,2,17,395,2,sparse_syk_majorana_v1,enumerate_lt_2m_else_binomial_rejection_v1,gaussian_std_sqrt_6_over_M_cubed_v1,networkx_greedy_largest_first_parent_v1,2.5.2,3.6.1,eae599949058b4bb0fe2387dc0710bdb34b1bd1821ddda6a51b34b0199e01a2d,092102406cb102acaec3fef3b956b6fa0097d14121e15383894894f134b98e6b
14,196,1.0,3,16,388,3,sparse_syk_majorana_v1,enumerate_lt_2m_else_binomial_rejection_v1,gaussian_std_sqrt_6_over_M_cubed_v1,networkx_greedy_largest_first_parent_v1,2.5.2,3.6.1,a027ecaa9ba656ebadc18919bd28c42efe919702092340fbc02f254b6614ebe4,32708e01272a404084c729ce031fe47b7c55371797899f5643d8c8b83b3e4c61
14,196,1.0,4,17,347,4,sparse_syk_majorana_v1,enumerate_lt_2m_else_binomial_rejection_v1,gaussian_std_sqrt_6_over_M_cubed_v1,networkx_greedy_largest_first_parent_v1,2.5.2,3.6.1,d184d18c8fb255fc82dfbcaaff4f9005fd641b96556a83cc089d1ebba70d6031,76e33d3b3982d86a14756d653485e79803ac40716b9d0b5e8399637147373745
14,196,1.0,5,17,410,5,sparse_syk_majorana_v1,enumerate_lt_2m_else_binomial_rejection_v1,gaussian_std_sqrt_6_over_M_cubed_v1,networkx_greedy_largest_first_parent_v1,2.5.2,3.6.1,2bb2eb8b686f23bcb7e21698fe389cd9bf63a126b4529753eadcaeae02d348ee,d3a2260dddaecd3a86e1cd6498223c57646dc2345e95b9428c5a11c1f9eb738e
14,196,1.0,6,17,409,6,sparse_syk_majorana_v1,enumerate_lt_2m_else_binomial_rejection_v1,gaussian_std_sqrt_6_over_M_cubed_v1,networkx_greedy_largest_first_parent_v1,2.5.2,3.6.1,94a2f381dd90fc123d3ae5a2b7f7a4d8eef73683082dcead2284da20b39aeddd,c56fb2cbf515224624d870db95a64dffc94a3bd8a251b5d9ae3aa58c6789682c
14,196,1.0,7,17,393,7,sparse_syk_majorana_v1,enumerate_lt_2m_else_binomial_rejection_v1,gaussian_std_sqrt_6_over_M_cubed_v1,networkx_greedy_largest_first_parent_v1,2.5.2,3.6.1,b7c208d9361e09adb5e0d4ed9950b0e4fdac9b8a62fee11453456d7377f58736,5e1b4f633f241414398c28e83d0d43b7fcaadbe90c18e42163d4d6815091e38e
14,196,1.0,8,16,372,8,sparse_syk_majorana_v1,enumerate_lt_2m_else_binomial_rejection_v1,gaussian_std_sqrt_6_over_M_cubed_v1,networkx_greedy_largest_first_parent_v1,2.5.2,3.6.1,464663c479d14fa77f29ddef11ad6af72f414041ce1f3adb1f7890075e21ee9f,13d705ac9561e0c2061e4c20e0f280893c48dd146a495110b19b7c9e2a5bc828
14,196,1.0,9,17,411,9,sparse_syk_majorana_v1,enumerate_lt_2m_else_binomial_rejection_v1,gaussian_std_sqrt_6_over_M_cubed_v1,networkx_greedy_largest_first_parent_v1,2.5.2,3.6.1,f942ca627252b436b65a4eaa5b316cf6c88fca8b61c4c1112fb2a9b2944404bb,4d3702418b1bfdd2ccb038e0c79be44627d7c884ed6cf6eebc577828c924c74f
14,196,2.0,0,30,819,0,sparse_syk_majorana_v1,enumerate_lt_2m_else_binomial_rejection_v1,gaussian_std_sqrt_6_over_M_cubed_v1,networkx_greedy_largest_first_parent_v1,2.5.2,3.6.1,a91aa3cb817a14e58af9e081f2f392db190a3fe2534d47d30bf4851c3f7a5363,50f25beb20bca96cb40fd80ebfe07e08b3f64d8d2b3de3c4e8f851b51642bd43
14,196,2.0,1,28,771,1,sparse_syk_majorana_v1,enumerate_lt_2m_else_binomial_rejection_v1,gaussian_std_sqrt_6_over_M_cubed_v1,networkx_greedy_largest_first_parent_v1,2.5.2,3.6.1,80578404b92e100afd4acb330b82d8a3eade619837c6a651395e5ef82b91fc39,39130e154f1742a5ff720405fb2bb3e050bd3ccb99c3b73f7bba08c174f81245
14,196,2.0,2,28,788,2,sparse_syk_majorana_v1,enumerate_lt_2m_else_binomial_rejection_v1,gaussian_std_sqrt_6_over_M_cubed_v1,networkx_greedy_largest_first_parent_v1,2.5.2,3.6.1,9f46d6ae682f1002f7b54aa2f6f742c3b55c0c63c829ea03e365af012a94f2e3,75cb3f074ef35a9547f71028f0a15446937451bd65850d7879fe6d88e332b760
14,196,2.0,3,28,777,3,sparse_syk_majorana_v1,enumerate_lt_2m_else_binomial_rejection_v1,gaussian_std_sqrt_6_over_M_cubed_v1,networkx_greedy_largest_first_parent_v1,2.5.2,3.6.1,4067354903c93bd5998d5df9e7c94cbed7fcd105edac44866888d3694421addb,ace3483bdb253a409342a870d487c8cc0ac37f237ad27ceaf68d94eb03e14cd9
14,196,2.0,4,34,840,4,sparse_syk_majorana_v1,enumerate_lt_2m_else_binomial_rejection_v1,gaussian_std_sqrt_6_over_M_cubed_v1,networkx_greedy_largest_first_parent_v1,2.5.2,3.6.1,7c2a2d8a38afd0f0a113671ed71f2d6bc43b9bfe60f7fe5b32722088008fd443,875398bcafb365ec82bf3826d8b113dfeaa42cbe0f16c94950db6374c4260049
14,196,2.0,5,28,772,5,sparse_syk_majorana_v1,enumerate_lt_2m_else_binomial_rejection_v1,gaussian_std_sqrt_6_over_M_cubed_v1,networkx_greedy_largest_first_parent_v1,2.5.2,3.6.1,b74798958a9cc22aab87b3377d10ba1aae66a127d370a6817db855bf9987b531,7eb9d6f0880f789e08b0c1e62006f514d14205c4038872f8730bf914725de1c7
14,196,2.0,6,29,807,6,sparse_syk_majorana_v1,enumerate_lt_2m_else_binomial_rejection_v1,gaussian_std_sqrt_6_over_M_cubed_v1,networkx_greedy_largest_first_parent_v1,2.5.2,3.6.1,5386ce5bfac475771c28f8fbafb542d7949523f95ce45f90b241d55d80a03b5f,46626ce05a64b2cbf5814e711ea5551d4a9ab6deca3563097f0fda612d0daef3
14,196,2.0,7,28,783,7,sparse_syk_majorana_v1,enumerate_lt_2m_else_binomial_rejection_v1,gaussian_std_sqrt_6_over_M_cubed_v1,networkx_greedy_largest_first_parent_v1,2.5.2,3.6.1,6f1312f3c007e7edc860ec576fdfbba6fd10ee53d5f9276533f08b6c4a226982,aef4308fcdaf739ef7e8750ddc1499427d51cbfae11319a12dc8dd97a6fcd647
14,196,2.0,8,26,754,8,sparse_syk_majorana_v1,enumerate_lt_2m_else_binomial_rejection_v1,gaussian_std_sqrt_6_over_M_cubed_v1,networkx_greedy_largest_first_parent_v1,2.5.2,3.6.1,ab379e9931e92d00555da77dc2c9150d61f03af5c2b7d2115c3a1ad997c21be4,58c2783d053a5ce30aa94ee883fff1730bc67cf51b3aa39c6674ca921db83e64
14,196,2.0,9,29,804,9,sparse_syk_majorana_v1,enumerate_lt_2m_else_binomial_rejection_v1,gaussian_std_sqrt_6_over_M_cubed_v1,networkx_greedy_largest_first_parent_v1,2.5.2,3.6.1,d0d38b0d712ce392f7ebf044498289ecd1c9205408641e85f8e98896bd1b8a7a,5be1702ac61045c428b3963682a2f8c55bcfc63c7ef5a87855392bfe7522c728
14,196,3.0,0,41,1219,0,sparse_syk_majorana_v1,enumerate_lt_2m_else_binomial_rejection_v1,gaussian_std_sqrt_6_over_M_cubed_v1,networkx_greedy_largest_first_parent_v1,2.5.2,3.6.1,70f734bbea4ae0cf0641278c66226234a9031258afa2d2ae698858e5aee9a209,a0f9cc84257be88218c97fbe6c6f28d121e097a2a8a0c63efe9a1f736648dfcd
14,196,3.0,1,38,1159,1,sparse_syk_majorana_v1,enumerate_lt_2m_else_binomial_rejection_v1,gaussian_std_sqrt_6_over_M_cubed_v1,networkx_greedy_largest_first_parent_v1,2.5.2,3.6.1,4f02e876d8a1d214e9ddc01025e6425c14e99b736581ced099bd87d34de31399,8c8fc61c2d11a3460c9843bb3d0ea9028517ea5923971d038c6a3675acee9fc0
14,196,3.0,2,40,1180,2,sparse_syk_majorana_v1,enumerate_lt_2m_else_binomial_rejection_v1,gaussian_std_sqrt_6_over_M_cubed_v1,networkx_greedy_largest_first_parent_v1,2.5.2,3.6.1,c02ff5b732ccc5a9dc5357d29d24970dd4036d81d1ae6d9f90ce3562fdc1e1ec,29126c26d6ceb9106b6f33cbe71bf906b2f5d5fedf2f2a022faaa75ce94187e3
14,196,3.0,3,41,1168,3,sparse_syk_majorana_v1,enumerate_lt_2m_else_binomial_rejection_v1,gaussian_std_sqrt_6_over_M_cubed_v1,networkx_greedy_largest_first_parent_v1,2.5.2,3.6.1,4461fe9388b5d288c4f08035b57fed4269177ad054bd5b925aa645b61ff7727d,4a14c68cba1636b7973e5711072df6b9e5400e96954ffdb4ecbcd4c7369f9f39
14,196,3.0,4,42,1243,4,sparse_syk_majorana_v1,enumerate_lt_2m_else_binomial_rejection_v1,gaussian_std_sqrt_6_over_M_cubed_v1,networkx_greedy_largest_first_parent_v1,2.5.2,3.6.1,b2797191d1d4d1d2e6811f3371137e82e176bf0f87a3e56f3d0accad2aafa6d7,88d5d3d7f6671dfd0caa2bf04faa513d0f1a0c576d2219f5b03ddb40768f87da
14,196,3.0,5,40,1155,5,sparse_syk_majorana_v1,enumerate_lt_2m_else_binomial_rejection_v1,gaussian_std_sqrt_6_over_M_cubed_v1,networkx_greedy_largest_first_parent_v1,2.5.2,3.6.1,3ac47da13fe582e28fe1cb136fb20d9bc7cf8404c3ef3af450a0e38474087be8,2dbb614da2e9480f27df4a140bf7d1f7556e57e1fb4af3b645044731ffc41385
14,196,3.0,6,40,1204,6,sparse_syk_majorana_v1,enumerate_lt_2m_else_binomial_rejection_v1,gaussian_std_sqrt_6_over_M_cubed_v1,networkx_greedy_largest_first_parent_v1,2.5.2,3.6.1,02d39a25201cbe3c1947a502e799fe14a82941aa0ca4e74c87c740906d5a1f0e,e28df313c2ae024cbc2f721e977b74b5a3d0e7cdcf32e961b0d21a0d2bda05e7
14,196,3.0,7,41,1173,7,sparse_syk_majorana_v1,enumerate_lt_2m_else_binomial_rejection_v1,gaussian_std_sqrt_6_over_M_cubed_v1,networkx_greedy_largest_first_parent_v1,2.5.2,3.6.1,e262a46513d0bf281029b9552e9c1f84e5ef10ed371914c13f5d7369bad67af7,d43908a83dbac52570ea8a01fb05955656c36f09c7fc000f6a62ad4fc7ac4465
14,196,3.0,8,39,1138,8,sparse_syk_majorana_v1,enumerate_lt_2m_else_binomial_rejection_v1,gaussian_std_sqrt_6_over_M_cubed_v1,networkx_greedy_largest_first_parent_v1,2.5.2,3.6.1,7ef83680ab34fa5b5126e066160098323976d2566c978b6caaf930d8a3bc8917,d806697b39812d44812e497d4bb21271f40b62642d7cd45c7d1fa0379f29ea6b
14,196,3.0,9,41,1197,9,sparse_syk_majorana_v1,enumerate_lt_2m_else_binomial_rejection_v1,gaussian_std_sqrt_6_over_M_cubed_v1,networkx_greedy_largest_first_parent_v1,2.5.2,3.6.1,5a06243a7eb041aa93911b90a2939857006a9009c32068303b884304fc2bea0c,c7b78169efb4d215600c327b8bb37988e39cef2eca82e08185263babcef9fe67
15,225,0.5,0,12,246,0,sparse_syk_majorana_v1,enumerate_lt_2m_else_binomial_rejection_v1,gaussian_std_sqrt_6_over_M_cubed_v1,networkx_greedy_largest_first_parent_v1,2.5.2,3.6.1,40ade1ceb9c27c8e61c87541a02bab8418f98f63bd32734d8da36a8779c6c783,57ea9a88fec26c4a14efc026311371f7f6fc8e2102b43aa77a11705209933005
15,225,0.5,1,10,221,1,sparse_syk_majorana_v1,enumerate_lt_2m_else_binomial_rejection_v1,gaussian_std_sqrt_6_over_M_cubed_v1,networkx_greedy_largest_first_parent_v1,2.5.2,3.6.1,0bb3693a35fbe1bf85c2c1b13e8c9614aa51dd02fb7c105bbc2738356b1f8cd9,363b5a083b014646a278d9f3652e6ba8ab3bdbddbb809f7511d6b49b95a793b8
15,225,0.5,2,13,228,2,sparse_syk_majorana_v1,enumerate_lt_2m_else_binomial_rejection_v1,gaussian_std_sqrt_6_over_M_cubed_v1,networkx_greedy_largest_first_parent_v1,2.5.2,3.6.1,30a94c4791eb7f2d68eb73e513bff62f97d80b25f12d316670f6261621cfc10f,fcd4fe2c8091ed2e49ed350f9a0a51ec9001d9db861a139f97a970b425b006cc
15,225,0.5,3,10,222,3,sparse_syk_majorana_v1,enumerate_lt_2m_else_binomial_rejection_v1,gaussian_std_sqrt_6_over_M_cubed_v1,networkx_greedy_largest_first_parent_v1,2.5.2,3.6.1,0b21dc9102ec4c0efb2a339a031c7922359cd72120172a9ecf881db6e6f3296f,ab26e1516c4e8c38ee62feec2a87bb92ec0e23ab9486f5dedcb92936b7e32e72
15,225,0.5,4,10,191,4,sparse_syk_majorana_v1,enumerate_lt_2m_else_binomial_rejection_v1,gaussian_std_sqrt_6_over_M_cubed_v1,networkx_greedy_largest_first_parent_v1,2.5.2,3.6.1,cb160f0a3511a11e560b375612d69a18be967699537d7b3a3cf6ad8f7dbd6ae4,c9880c36f17365cd68a8eef1b563ba9ae9cac3bc71284f5051504359cdd5feb4
15,225,0.5,5,11,240,5,sparse_syk_majorana_v1,enumerate_lt_2m_else_binomial_rejection_v1,gaussian_std_sqrt_6_over_M_cubed_v1,networkx_greedy_largest_first_parent_v1,2.5.2,3.6.1,4c8c22134b9014121889ddf83dfde61a6d9ecd1b59a4ab5e65aa5f9e8b514282,7d5df3be08b5bc24cd2a5347459cc0ae9664d9e17ff49201b3a7e207c9410c74
15,225,0.5,6,10,239,6,sparse_syk_majorana_v1,enumerate_lt_2m_else_binomial_rejection_v1,gaussian_std_sqrt_6_over_M_cubed_v1,networkx_greedy_largest_first_parent_v1,2.5.2,3.6.1,12de8874dcf82a274a5757d8901ed23762b3513b6c06960e50768f3027cace29,f39b664a44044d62a56faf1493fca39284e9b8c0ffca0e9f59b1f23fe0be68c9
15,225,0.5,7,12,227,7,sparse_syk_majorana_v1,enumerate_lt_2m_else_binomial_rejection_v1,gaussian_std_sqrt_6_over_M_cubed_v1,networkx_greedy_largest_first_parent_v1,2.5.2,3.6.1,81e2d13649025e91eef6286ab8e958f654d4b6a0f8373c85f8bc5e37b5190f0c,44e1e10f318cfc50b6a05664be443b871310437fd1a6bde0ffb15638c5c0a1a2
15,225,0.5,8,10,211,8,sparse_syk_majorana_v1,enumerate_lt_2m_else_binomial_rejection_v1,gaussian_std_sqrt_6_over_M_cubed_v1,networkx_greedy_largest_first_parent_v1,2.5.2,3.6.1,26b64b39c2c47bb568255a23312a2897558627983718af784bd947ff4f9d398d,6227e534267e143f3288f34cfd6bd7f4515be27755504926a378176e3e1e5d5d
15,225,0.5,9,11,243,9,sparse_syk_majorana_v1,enumerate_lt_2m_else_binomial_rejection_v1,gaussian_std_sqrt_6_over_M_cubed_v1,networkx_greedy_largest_first_parent_v1,2.5.2,3.6.1,933f466eb7ec07c73ffe82acfc4259710994e11ac7ce58246dff8de4f098443b,01b13101a223c79063c318debdb2748be1e93f1b15188d2eea6c0f8018196bbe
15,225,1.0,0,17,477,0,sparse_syk_majorana_v1,enumerate_lt_2m_else_binomial_rejection_v1,gaussian_std_sqrt_6_over_M_cubed_v1,networkx_greedy_largest_first_parent_v1,2.5.2,3.6.1,64eee9f3e3e31ad604103499c2afb84e003715ab5150b76782a7ad78a970568d,8095b5e8e96523d8cebd74423706bb6d20428c5703d769c96b311904803a2df3
15,225,1.0,1,15,441,1,sparse_syk_majorana_v1,enumerate_lt_2m_else_binomial_rejection_v1,gaussian_std_sqrt_6_over_M_cubed_v1,networkx_greedy_largest_first_parent_v1,2.5.2,3.6.1,f2746eba1aaadc006c6dae59c810acd27188dbb380484ee93056313c4ab667cf,78536e844343770997962d1a24b96069ac3054d213d502db6d5b06407acf9ed8
15,225,1.0,2,19,453,2,sparse_syk_majorana_v1,enumerate_lt_2m_else_binomial_rejection_v1,gaussian_std_sqrt_6_over_M_cubed_v1,networkx_greedy_largest_first_parent_v1,2.5.2,3.6.1,f3c5b9a9f79e7779a67dbae1b654a6d0528a04e1a44cbb18e0428fce809ede11,b1a46b20f053d69c217cd8262dbf63942ff051ad19250d0b8ffb2d538135b7b0
15,225,1.0,3,17,445,3,sparse_syk_majorana_v1,enumerate_lt_2m_else_binomial_rejection_v1,gaussian_std_sqrt_6_over_M_cubed_v1,networkx_greedy_largest_first_parent_v1,2.5.2,3.6.1,95b6c682b390dab4c3eb5d1dfd660cf915549c63eae559ae1f4bbdd64d3b579e,56781a15c01fa44f3e89474de794fb9d8a64d5eb6dd3608fb30ce29f68c3e2bd
15,225,1.0,4,20,401,4,sparse_syk_majorana_v1,enumerate_lt_2m_else_binomial_rejection_v1,gaussian_std_sqrt_6_over_M_cubed_v1,networkx_greedy_largest_first_parent_v1,2.5.2,3.6.1,247c3a1cf67148d2f7132095138db4498e7664b84665e77fde744f8cd7403de4,416e1880b8098bf261b504ecb79bdaccccb643fe3a63084c6e337a538883629b
15,225,1.0,5,17,469,5,sparse_syk_majorana_v1,enumerate_lt_2m_else_binomial_rejection_v1,gaussian_std_sqrt_6_over_M_cubed_v1,networkx_greedy_largest_first_parent_v1,2.5.2,3.6.1,f60827e969b8d03cd46adc4961043f0845e4f8e38302b13b34031fbe44faae9b,005954dd985f9f203bcaae246bf5c1e2a730afe5ce545c852089df6b2569dbd8
15,225,1.0,6,18,468,6,sparse_syk_majorana_v1,enumerate_lt_2m_else_binomial_rejection_v1,gaussian_std_sqrt_6_over_M_cubed_v1,networkx_greedy_largest_first_parent_v1,2.5.2,3.6.1,cc43970fea3a5e651201d7b66b4bf2072bc00184f7f70f4e14a68b3e7367d374,f67414126b24d4dcf68c00b350eec3dae506cd231b0a6ba18282ac78d1e0a4be
15,225,1.0,7,18,450,7,sparse_syk_majorana_v1,enumerate_lt_2m_else_binomial_rejection_v1,gaussian_std_sqrt_6_over_M_cubed_v1,networkx_greedy_largest_first_parent_v1,2.5.2,3.6.1,4690a8d40875dce5ad3e7cbfa818d18539b3784151e24bd49e9860c8d24aa3a0,f8842c007853668e17f824bcb8428dd5a6a186d7aaf157fecc178e447fea2196
15,225,1.0,8,16,429,8,sparse_syk_majorana_v1,enumerate_lt_2m_else_binomial_rejection_v1,gaussian_std_sqrt_6_over_M_cubed_v1,networkx_greedy_largest_first_parent_v1,2.5.2,3.6.1,7215606c53b6ece25824d844da6ec51351d929bc9fa49f76bb7c52d846e09e41,a8835a6736ae98a1663ebba2b5ebe39425547405307c896e9aaf953c6de31eae
15,225,1.0,9,21,469,9,sparse_syk_majorana_v1,enumerate_lt_2m_else_binomial_rejection_v1,gaussian_std_sqrt_6_over_M_cubed_v1,networkx_greedy_largest_first_parent_v1,2.5.2,3.6.1,3b45bbe0823de8c2e30d30d3dec4d21b5edd7deca777d8f2a0cb5ad6411f1379,9ba7250e36c83dffe916553ece09aaa4e76905af400ecc2165ee5a636c6a8e06
15,225,2.0,0,30,938,0,sparse_syk_majorana_v1,enumerate_lt_2m_else_binomial_rejection_v1,gaussian_std_sqrt_6_over_M_cubed_v1,networkx_greedy_largest_first_parent_v1,2.5.2,3.6.1,8251b182ca5243e767c5c89e09da6009defa080173dcefc22fed1d80b12c0a10,4b8689a5d4015cac2bd5da990fd61a3af33a9281132244c6bd1e2e254d6fe486
15,225,2.0,1,29,885,1,sparse_syk_majorana_v1,enumerate_lt_2m_else_binomial_rejection_v1,gaussian_std_sqrt_6_over_M_cubed_v1,networkx_greedy_largest_first_parent_v1,2.5.2,3.6.1,e32f1e5e83475f2418c1f8ebc70b17c510badbefbd27823dbea4bcc78ddcb608,6f5091ed4c31b2197025620407789b24bc1d43fda805b4c6bbe7c696373570ce
15,225,2.0,2,28,904,2,sparse_syk_majorana_v1,enumerate_lt_2m_else_binomial_rejection_v1,gaussian_std_sqrt_6_over_M_cubed_v1,networkx_greedy_largest_first_parent_v1,2.5.2,3.6.1,ba74e5f5560fac00ff16d9f98c41371bc976a7c585df9c381d7ce857becb75ea,8dbe39c90b8d38172200ab404453557f7723d5fb3f03adcfb31b3548cf586fd0
15,225,2.0,3,28,893,3,sparse_syk_majorana_v1,enumerate_lt_2m_else_binomial_rejection_v1,gaussian_std_sqrt_6_over_M_cubed_v1,networkx_greedy_largest_first_parent_v1,2.5.2,3.6.1,8290debea99c89e819bb66585d9d46dc0bc2b07c78971213fbf0cfb3e5d9bb79,6b9189a9fcf9119aae9647346eac530783ce8589dacfbf1eb0ae978777e5b35f
15,225,2.0,4,30,960,4,sparse_syk_majorana_v1,enumerate_lt_2m_else_binomial_rejection_v1,gaussian_std_sqrt_6_over_M_cubed_v1,networkx_greedy_largest_first_parent_v1,2.5.2,3.6.1,c3db3e32a6c4c5a25af2d217b1bdca1f598d71dffd56daaf41627d2b7558d7b6,18b7a1f516c569c7c67d845409e51d70c088892e0b4065e39cc662ef9b3eddbb
15,225,2.0,5,28,884,5,sparse_syk_majorana_v1,enumerate_lt_2m_else_binomial_rejection_v1,gaussian_std_sqrt_6_over_M_cubed_v1,networkx_greedy_largest_first_parent_v1,2.5.2,3.6.1,013f763838fe937606efa1bb2893e4fd236bbbec6c6d0dbecf19ea2db1fcaf07,7279db19b3a24c0d7ebd4cc4f478ee82cdf992d34c29b39f44bb5c1d8e9e1405
15,225,2.0,6,31,925,6,sparse_syk_majorana_v1,enumerate_lt_2m_else_binomial_rejection_v1,gaussian_std_sqrt_6_over_M_cubed_v1,networkx_greedy_largest_first_parent_v1,2.5.2,3.6.1,134414f2bf6f7b419b90cf1d97a7a4ba9fbaeff61272ab46308825c472964542,7bde798919cf0411277e4485e33889f81938920b21a3f923a27023e1bdf7e4c5
15,225,2.0,7,29,898,7,sparse_syk_majorana_v1,enumerate_lt_2m_else_binomial_rejection_v1,gaussian_std_sqrt_6_over_M_cubed_v1,networkx_greedy_largest_first_parent_v1,2.5.2,3.6.1,97c7dffb71663318062c14061d2b9afc0e143f4f1f5a4077a7dd8502bf36822c,e1be711eb2cc8ab1d3da744cc041905fd2abc81bc6fbe1ed070b8243d09fbb7a
15,225,2.0,8,27,867,8,sparse_syk_majorana_v1,enumerate_lt_2m_else_binomial_rejection_v1,gaussian_std_sqrt_6_over_M_cubed_v1,networkx_greedy_largest_first_parent_v1,2.5.2,3.6.1,2440c7251226d7c271cb64beb026fce8fa98aa152408618033518cbafac8d60b,5f1e647e78f01a4d89cd51077efcd0dc2316bb05e47b5b351f2409cf62c3849e
15,225,2.0,9,32,920,9,sparse_syk_majorana_v1,enumerate_lt_2m_else_binomial_rejection_v1,gaussian_std_sqrt_6_over_M_cubed_v1,networkx_greedy_largest_first_parent_v1,2.5.2,3.6.1,adb974dad8c5ccfe698444bd6e56650ee7d39728d0c9c04c5e206ba1869ec439,9efbb25d0d8f5cbb3cbdd5d7a317cd83dacb893378ad75f008130a05a3ad7691
15,225,3.0,0,41,1396,0,sparse_syk_majorana_v1,enumerate_lt_2m_else_binomial_rejection_v1,gaussian_std_sqrt_6_over_M_cubed_v1,networkx_greedy_largest_first_parent_v1,2.5.2,3.6.1,3e23fe537c6fa319f80433f79a7f3db98f09ecb6f8a0b64a53bf9b6235d697ea,876b39ed1300b020a14a7fc58d435f6bcc3d93b4f176fc9a3c151e27cac1ebe3
15,225,3.0,1,43,1331,1,sparse_syk_majorana_v1,enumerate_lt_2m_else_binomial_rejection_v1,gaussian_std_sqrt_6_over_M_cubed_v1,networkx_greedy_largest_first_parent_v1,2.5.2,3.6.1,e7b51f6fc4e294695c5b1e84e108de7ac3adffb0c79efab997b3563dd524b473,ed475d422e2c44fc2e203be1a37d031ce886e9bb70e30aa8666abf63b78f21ef
15,225,3.0,2,40,1355,2,sparse_syk_majorana_v1,enumerate_lt_2m_else_binomial_rejection_v1,gaussian_std_sqrt_6_over_M_cubed_v1,networkx_greedy_largest_first_parent_v1,2.5.2,3.6.1,535ce806f59639e0318af6cf09c71ecaba5814153639ce44e8cada8d7d873b1b,82382c87f11439c158213ec8bdc1244c0f277391f1e7cd01d9dc80f259a0e433
15,225,3.0,3,40,1341,3,sparse_syk_majorana_v1,enumerate_lt_2m_else_binomial_rejection_v1,gaussian_std_sqrt_6_over_M_cubed_v1,networkx_greedy_largest_first_parent_v1,2.5.2,3.6.1,3ac2707b00aba8631ae2f6c7928dca71fdde9de3cfaefea6d58e4a3686485e2e,07c462f8d7dcf9969a27f33a8f5da5007d804b2d2593bea60771414749db58bb
15,225,3.0,4,42,1422,4,sparse_syk_majorana_v1,enumerate_lt_2m_else_binomial_rejection_v1,gaussian_std_sqrt_6_over_M_cubed_v1,networkx_greedy_largest_first_parent_v1,2.5.2,3.6.1,4e0b43f885b2fc53f89c864d5b6cd78fa06fe4616618d6619d54a61b1f207e4f,9560e8b88ae71652330decf2a060f1abab13b097f74f7db78db0771cec5546a2
15,225,3.0,5,39,1325,5,sparse_syk_majorana_v1,enumerate_lt_2m_else_binomial_rejection_v1,gaussian_std_sqrt_6_over_M_cubed_v1,networkx_greedy_largest_first_parent_v1,2.5.2,3.6.1,710aff5307e946b2f25aee6b6f568e058ef5b49d277e4a8958582dace48f321a,0cbb39a6cbc516ba43d08aff5c45613569c5c9435698864c14c96b8c2bdfe18d
15,225,3.0,6,42,1380,6,sparse_syk_majorana_v1,enumerate_lt_2m_else_binomial_rejection_v1,gaussian_std_sqrt_6_over_M_cubed_v1,networkx_greedy_largest_first_parent_v1,2.5.2,3.6.1,9c576c65e76bb0b158c2cb30324fc20bf94c3492f5bf9afbde8c26ad52c5fc24,2cfc83a040fdc884d3000db00126644eba0607fde3647a5dcffd2e00d0b4a85b
15,225,3.0,7,40,1347,7,sparse_syk_majorana_v1,enumerate_lt_2m_else_binomial_rejection_v1,gaussian_std_sqrt_6_over_M_cubed_v1,networkx_greedy_largest_first_parent_v1,2.5.2,3.6.1,d43d383f3e471410b6e4b02e3081593d8675cf0766d3bd7fa088a12de9926161,88b2c005228191616dbc556cb3b270d120723dac593693961341582efd54ef49
15,225,3.0,8,39,1309,8,sparse_syk_majorana_v1,enumerate_lt_2m_else_binomial_rejection_v1,gaussian_std_sqrt_6_over_M_cubed_v1,networkx_greedy_largest_first_parent_v1,2.5.2,3.6.1,7240430bd7462a52ae28f355ab15ab94090790400fff60b4171ad6d26aca23fc,e75317eb6445a293ac121c047e57bbf049259131414ce1af642435dd3c03c1cf
15,225,3.0,9,39,1371,9,sparse_syk_majorana_v1,enumerate_lt_2m_else_binomial_rejection_v1,gaussian_std_sqrt_6_over_M_cubed_v1,networkx_greedy_largest_first_parent_v1,2.5.2,3.6.1,7a3140d060949554747c753f9d0afa324ff28d300d372a80db4bf700a90b321d,7124b298a508566e256e815027f5f87e1c71c1cefb7f10ad59f071d47b546bf0
16,256,0.5,0,13,278,0,sparse_syk_majorana_v1,enumerate_lt_2m_else_binomial_rejection_v1,gaussian_std_sqrt_6_over_M_cubed_v1,networkx_greedy_largest_first_parent_v1,2.5.2,3.6.1,809e5c72e9f973f0fc891f977de0bbab6ceb6715da9045e08d48eb458212be6a,a81a5d7cb99c2d34a2eac2e846f46f8b8ed1fb666a130d4d214a0cea25c29f4c
16,256,0.5,1,11,251,1,sparse_syk_majorana_v1,enumerate_lt_2m_else_binomial_rejection_v1,gaussian_std_sqrt_6_over_M_cubed_v1,networkx_greedy_largest_first_parent_v1,2.5.2,3.6.1,5ae08a496ae86b29be6fcdba0712c01c700680b189f60bc91289f8471b36e292,1e74221d5feecaa100b428059700b9bcdab9b66e243426e1be3a470280834ae4
16,256,0.5,2,12,259,2,sparse_syk_majorana_v1,enumerate_lt_2m_else_binomial_rejection_v1,gaussian_std_sqrt_6_over_M_cubed_v1,networkx_greedy_largest_first_parent_v1,2.5.2,3.6.1,1dcabb4f4534d89bd6f4670b3159d9bbdc76d287ba237097108bbb9d318e540b,2900ebd3e8329b3cd7071d8dd31cc63800666b11e60394c5ed4886fbe69b4863
16,256,0.5,3,11,253,3,sparse_syk_majorana_v1,enumerate_lt_2m_else_binomial_rejection_v1,gaussian_std_sqrt_6_over_M_cubed_v1,networkx_greedy_largest_first_parent_v1,2.5.2,3.6.1,f85261aadfc60f7f0ab3af08ccd63abca7f6c1a514ab61f98e2508c9c3007afa,268eae0f7d0af246fb85e6b377089eaf7b3d47c3238a754801ecb2d915027950
16,256,0.5,4,9,220,4,sparse_syk_majorana_v1,enumerate_lt_2m_else_binomial_rejection_v1,gaussian_std_sqrt_6_over_M_cubed_v1,networkx_greedy_largest_first_parent_v1,2.5.2,3.6.1,e615bf0fbd52acd4eae24313edc14d619da2c11e3911eba325c966ccb3a6c44f,0f6676c4f90e48043fbbc364261669e0fa250a98476886ba1ab5ed8d7ecb7d86
16,256,0.5,5,11,271,5,sparse_syk_majorana_v1,enumerate_lt_2m_else_binomial_rejection_v1,gaussian_std_sqrt_6_over_M_cubed_v1,networkx_greedy_largest_first_parent_v1,2.5.2,3.6.1,4f1a62ad4b552ade65c1a5074d0b6d35b8216db9c262bc1bc6475f6212dde0fe,8d51b201b2b8c9acb7ef11add02e2cedac243b5ecb61e07305a7b7e5dad28e3d
16,256,0.5,6,11,271,6,sparse_syk_majorana_v1,enumerate_lt_2m_else_binomial_rejection_v1,gaussian_std_sqrt_6_over_M_cubed_v1,networkx_greedy_largest_first_parent_v1,2.5.2,3.6.1,bc3f67109e2e50be55665efbb5500f28e84433916dd15604e63ab9427ff01566,02c17ef673231f90e9e5f86cd5d6de46ec9c0a5e64741320979725a474ff18e5
16,256,0.5,7,11,258,7,sparse_syk_majorana_v1,enumerate_lt_2m_else_binomial_rejection_v1,gaussian_std_sqrt_6_over_M_cubed_v1,networkx_greedy_largest_first_parent_v1,2.5.2,3.6.1,aaa0194721ab4897529d9ddaea287742122f2396fa9b0940778e48138b451614,827918fd819fcd1d76845e8ae230b7b5cb92e3c6030a0478682bdf421f2e0476
16,256,0.5,8,10,241,8,sparse_syk_majorana_v1,enumerate_lt_2m_else_binomial_rejection_v1,gaussian_std_sqrt_6_over_M_cubed_v1,networkx_greedy_largest_first_parent_v1,2.5.2,3.6.1,20ed75de93adc8ea6617851b601ba2166c7231ec071851ffab7446ee2076993c,c234dbc5994df5842fec922a33ff02ba427cbaa38cb1865d8cdac19babff517a
16,256,0.5,9,11,274,9,sparse_syk_majorana_v1,enumerate_lt_2m_else_binomial_rejection_v1,gaussian_std_sqrt_6_over_M_cubed_v1,networkx_greedy_largest_first_parent_v1,2.5.2,3.6.1,3d841b232dad242a87e7ae9d89c75ed3ba8287da411253d8a3716ef01513780b,f49b8c142786d21f182cd704b1ccde1f3db77083c52ab9f814e4e3f0202c7847
16,256,1.0,0,16,541,0,sparse_syk_majorana_v1,enumerate_lt_2m_else_binomial_rejection_v1,gaussian_std_sqrt_6_over_M_cubed_v1,networkx_greedy_largest_first_parent_v1,2.5.2,3.6.1,31b8db719ac8af5015812e02e4fb4ff6a252a42e5b8af66ec0988b0a8c4352cb,fda0c94cc3fa279b2805bb8725cfdc12c2b61ae2f899e011088e91495c19154f
16,256,1.0,1,16,502,1,sparse_syk_majorana_v1,enumerate_lt_2m_else_binomial_rejection_v1,gaussian_std_sqrt_6_over_M_cubed_v1,networkx_greedy_largest_first_parent_v1,2.5.2,3.6.1,3226ab893185ed1d4d4b39fbce5bf3f73b1baa43d8e79b8a06fae03248442881,a0bef8676cf99f9ed3a738f79fd43e59fa0eb248bdbadc9ca51e24da4761d84e
16,256,1.0,2,19,515,2,sparse_syk_majorana_v1,enumerate_lt_2m_else_binomial_rejection_v1,gaussian_std_sqrt_6_over_M_cubed_v1,networkx_greedy_largest_first_parent_v1,2.5.2,3.6.1,1e4aaa45d482068f61b3c1ac2974da313d8c8a58f3c433a95760415f3a4cfa33,b9af826312ea4668ea6175f1a47b6a0ace075d36598a96bba4b19b5dccdd1132
16,256,1.0,3,18,507,3,sparse_syk_majorana_v1,enumerate_lt_2m_else_binomial_rejection_v1,gaussian_std_sqrt_6_over_M_cubed_v1,networkx_greedy_largest_first_parent_v1,2.5.2,3.6.1,8a07f10eb853b45ad19ea1fa4fa0b50daba85c7cecd7e7c4d2619d6400913ec5,8a26b9992d3df1133ad50b7430e32eb4347ec998efb3b9e02145cf717a3a9656
16,256,1.0,4,16,459,4,sparse_syk_majorana_v1,enumerate_lt_2m_else_binomial_rejection_v1,gaussian_std_sqrt_6_over_M_cubed_v1,networkx_greedy_largest_first_parent_v1,2.5.2,3.6.1,3f6505e6b2239176c7d0f6ae1b4d672386b544e6445a1f73e8cf93e02b9b0a07,bfcaa8beffcf52e8b89f78b7aca0cf2ed5c3a7350354a8a09b996dbcdbdea311
16,256,1.0,5,17,533,5,sparse_syk_majorana_v1,enumerate_lt_2m_else_binomial_rejection_v1,gaussian_std_sqrt_6_over_M_cubed_v1,networkx_greedy_largest_first_parent_v1,2.5.2,3.6.1,c30740c45622c347755900182e37025a3e2a0627071ecce368b1535843549ad6,cc087ed0d660ae2edfd1a0c0613a2571b4226d3dd2e99023aaaf9ae32c6fa968
16,256,1.0,6,17,531,6,sparse_syk_majorana_v1,enumerate_lt_2m_else_binomial_rejection_v1,gaussian_std_sqrt_6_over_M_cubed_v1,networkx_greedy_largest_first_parent_v1,2.5.2,3.6.1,08a1f828fa0d24f8ee897d0d6333263c875b4e0ebaf5cd0ae5efc458e6b37f6c,06116d48b052de7fb7f68279e44b8cbc252ac54e375f5238f0e2feff207b90a3
16,256,1.0,7,16,512,7,sparse_syk_majorana_v1,enumerate_lt_2m_else_binomial_rejection_v1,gaussian_std_sqrt_6_over_M_cubed_v1,networkx_greedy_largest_first_parent_v1,2.5.2,3.6.1,c87cc22e13ad3e6e38c7f3d838018bf63042603a6d9e02f51d7a9bb519b9871a,7754c2ed77e99feaca0e051f0697b9713b2fa786498d5308ec91b2642ec7d02c
16,256,1.0,8,15,488,8,sparse_syk_majorana_v1,enumerate_lt_2m_else_binomial_rejection_v1,gaussian_std_sqrt_6_over_M_cubed_v1,networkx_greedy_largest_first_parent_v1,2.5.2,3.6.1,1ff1d1febd4c358ec09ed88d0f8f9085419992589ac698d5c6998514d9851c5b,94847c2bead5e4dcc83f395c459a7ea757edd6c2a79dc081b9f7a25ce45ede73
16,256,1.0,9,21,531,9,sparse_syk_majorana_v1,enumerate_lt_2m_else_binomial_rejection_v1,gaussian_std_sqrt_6_over_M_cubed_v1,networkx_greedy_largest_first_parent_v1,2.5.2,3.6.1,1f36d6c59dfe61f9aa1ac8378799e6dd99386db7450eb988e1ac8e3a4b96c6a4,a0a7d140823b9b936b7311949336b6f961432f8c1d90e41a894654cab3e14b0b
16,256,2.0,0,30,1064,0,sparse_syk_majorana_v1,enumerate_lt_2m_else_binomial_rejection_v1,gaussian_std_sqrt_6_over_M_cubed_v1,networkx_greedy_largest_first_parent_v1,2.5.2,3.6.1,38b5c623e6cdaa777c222520bc801e1859b001430c738e6c2b0aa64c4c358e64,ff7bac61c5b3a4935912646c2c7d2de69965d2136ef1de2472f60285905a3dbc
16,256,2.0,1,28,1008,1,sparse_syk_majorana_v1,enumerate_lt_2m_else_binomial_rejection_v1,gaussian_std_sqrt_6_over_M_cubed_v1,networkx_greedy_largest_first_parent_v1,2.5.2,3.6.1,3fb20116d06eff0c1bc9287b3bc877b56cd2ae5812f634757d5e3d8f14d33cea,8c02f69713ac7b81d61b23a084b73da41b8b42b20f1ba6b7c77aa088fded7733
16,256,2.0,2,28,1028,2,sparse_syk_majorana_v1,enumerate_lt_2m_else_binomial_rejection_v1,gaussian_std_sqrt_6_over_M_cubed_v1,networkx_greedy_largest_first_parent_v1,2.5.2,3.6.1,85cd0bffa38aad97b733446d25bec0d37b61f80838b980b71a6071c354dd727c,48b673df2ba8fd1e3bbc70e5331d59015ce8931a396638916dcb6583c8eba759
16,256,2.0,3,29,1016,3,sparse_syk_majorana_v1,enumerate_lt_2m_else_binomial_rejection_v1,gaussian_std_sqrt_6_over_M_cubed_v1,networkx_greedy_largest_first_parent_v1,2.5.2,3.6.1,a683abd084a12bc9ee43b290a7c0e3897ed26de479b1c98d9f98ee77974dd60d,ebf36e641f4595ce4a2ef86c86c12c10cca406abfe8df67c2b70a064e20746b4
16,256,2.0,4,31,1087,4,sparse_syk_majorana_v1,enumerate_lt_2m_else_binomial_rejection_v1,gaussian_std_sqrt_6_over_M_cubed_v1,networkx_greedy_largest_first_parent_v1,2.5.2,3.6.1,e0f991108a7e72d9c210521cf09d62d8b268389c9b7886f1801b2b9c99a9102b,a47d96668f5a72431a571cc5e4505213f7be10fe776b7c7a74bbabde98f881ff
16,256,2.0,5,27,1006,5,sparse_syk_majorana_v1,enumerate_lt_2m_else_binomial_rejection_v1,gaussian_std_sqrt_6_over_M_cubed_v1,networkx_greedy_largest_first_parent_v1,2.5.2,3.6.1,c8b7c499175bb3b4d03b1e95f2e92055b4e024773049980c5c417925f3872bd0,66d914ebb41a85ec70dbbe1984562e30b16bc52ee6a29337cac8c5f30addf142
16,256,2.0,6,29,1050,6,sparse_syk_majorana_v1,enumerate_lt_2m_else_binomial_rejection_v1,gaussian_std_sqrt_6_over_M_cubed_v1,networkx_greedy_largest_first_parent_v1,2.5.2,3.6.1,49dbfe907d10156c0dbd4cf0aced957a075951c040a00b4426afe382ba5aa12d,d0f403e3dc7a7cf86460b11ff26442e4eed03ed31ae23504d13b4476c5ee4f46
16,256,2.0,7,28,1022,7,sparse_syk_majorana_v1,enumerate_lt_2m_else_binomial_rejection_v1,gaussian_std_sqrt_6_over_M_cubed_v1,networkx_greedy_largest_first_parent_v1,2.5.2,3.6.1,b6436c03734a612e34db14f9543bbe75428d280effa0c548817712177e02efa2,f5102f1a8162c652d9526f991c2b7fbcd661f4ccdfcfc749b8f647e1c917f5a1
16,256,2.0,8,27,989,8,sparse_syk_majorana_v1,enumerate_lt_2m_else_binomial_rejection_v1,gaussian_std_sqrt_6_over_M_cubed_v1,networkx_greedy_largest_first_parent_v1,2.5.2,3.6.1,8176a73cdb44f76f14c3e140bf2060012b15f819a68ab283434a3d728d1a6ff4,8a5e9b252a94f72ddba7ef245a95c6fb8d534a03ac4da199e05f0a2c3a8af5ca
16,256,2.0,9,31,1044,9,sparse_syk_majorana_v1,enumerate_lt_2m_else_binomial_rejection_v1,gaussian_std_sqrt_6_over_M_cubed_v1,networkx_greedy_largest_first_parent_v1,2.5.2,3.6.1,a77aa221fc3b5c08cd2137296362006d54c0992e6e380927483248282feeea81,dbcc19b643cbe53313b8e41daa06f81214c143a00f6900800ec1efdb57f2d5ba
16,256,3.0,0,43,1585,0,sparse_syk_majorana_v1,enumerate_lt_2m_else_binomial_rejection_v1,gaussian_std_sqrt_6_over_M_cubed_v1,networkx_greedy_largest_first_parent_v1,2.5.2,3.6.1,14fe79ddba47aa10f54a6e0da162ee6f9098d83d01333c741c27918926d93971,43e28d11ac18a29428eebc235db97e6f24c9a0c75fc4b34c1ba0872bc692f898
16,256,3.0,1,40,1515,1,sparse_syk_majorana_v1,enumerate_lt_2m_else_binomial_rejection_v1,gaussian_std_sqrt_6_over_M_cubed_v1,networkx_greedy_largest_first_parent_v1,2.5.2,3.6.1,fc029e88bf353c60d240eb8e597c743eef2c1fb5cd15c2bb817f05b3b4ae7faa,a58b84a5dab5677a4dc0eabba23174c7be1be7c82e5bd573cf09b2f926f522cc
16,256,3.0,2,40,1541,2,sparse_syk_majorana_v1,enumerate_lt_2m_else_binomial_rejection_v1,gaussian_std_sqrt_6_over_M_cubed_v1,networkx_greedy_largest_first_parent_v1,2.5.2,3.6.1,a9b56a00993f9eeda01222124f39510aeaf86fa188840e36d9e1ddc7572bef69,309b39d3ae1bbf7555a060fd9095fd93026406fa399e2f97efad5b1cffd731e3
16,256,3.0,3,40,1526,3,sparse_syk_majorana_v1,enumerate_lt_2m_else_binomial_rejection_v1,gaussian_std_sqrt_6_over_M_cubed_v1,networkx_greedy_largest_first_parent_v1,2.5.2,3.6.1,5dec1693bae0c248305425d62a1cbd13c8d686515edb060f9a076f840a795f0e,aca9017475a3cfe9eefa596088d0792af6e07c797e0591e4fb90e0516b38765d
16,256,3.0,4,41,1612,4,sparse_syk_majorana_v1,enumerate_lt_2m_else_binomial_rejection_v1,gaussian_std_sqrt_6_over_M_cubed_v1,networkx_greedy_largest_first_parent_v1,2.5.2,3.6.1,70048763d6af68eaba6090f7aa92a983369823ad592f533baca11abdb1fdde43,cfc0be6e94b714d04a958cbd1b26a7e1a2af46981db6cb5f0241ce6ed88b392e
16,256,3.0,5,39,1508,5,sparse_syk_majorana_v1,enumerate_lt_2m_else_binomial_rejection_v1,gaussian_std_sqrt_6_over_M_cubed_v1,networkx_greedy_largest_first_parent_v1,2.5.2,3.6.1,e80647de9fa8bae6331a8a7700c8c36746605c04ce2c620187b8362f302676da,b52cfc39d2c0645c86f9f4a4b533befaf43b97cc8434da2856b230750b83b454
16,256,3.0,6,41,1568,6,sparse_syk_majorana_v1,enumerate_lt_2m_else_binomial_rejection_v1,gaussian_std_sqrt_6_over_M_cubed_v1,networkx_greedy_largest_first_parent_v1,2.5.2,3.6.1,6c892f99176ffbf263ee605e68ee1c5b02770ccbecaf647f0c4a961fee95e967,85ea1cca340101c179825df3649fc4b36f357d1bfd51ed85ba23be655b5557cf
16,256,3.0,7,41,1532,7,sparse_syk_majorana_v1,enumerate_lt_2m_else_binomial_rejection_v1,gaussian_std_sqrt_6_over_M_cubed_v1,networkx_greedy_largest_first_parent_v1,2.5.2,3.6.1,52a866f77eef781f6a300b1d3da731461d61b6ae29746617c35474a2f236ade6,cb6f4cad0ada50245940f283bcab03cb4da4dff089fadf04a69dcb9fa8e7550b
16,256,3.0,8,39,1492,8,sparse_syk_majorana_v1,enumerate_lt_2m_else_binomial_rejection_v1,gaussian_std_sqrt_6_over_M_cubed_v1,networkx_greedy_largest_first_parent_v1,2.5.2,3.6.1,770350c1536988b62a62acf68d5bf02770f59e5bf80c6b40a3c7a13f24e32c66,e9c7bd454a5997c7b229cc7d66caa296a6efc247bca51e2889c5b21416ccb885
16,256,3.0,9,40,1557,9,sparse_syk_majorana_v1,enumerate_lt_2m_else_binomial_rejection_v1,gaussian_std_sqrt_6_over_M_cubed_v1,networkx_greedy_largest_first_parent_v1,2.5.2,3.6.1,2dafb79b507ee408722d671b8c0cbad06e12ca1bf1d7d06f8e542c4752d0d2d8,5606beaa82009fa51ce51d8d6b6d911cf8ae44f9c428d31b5e8b0ef6298f8f4a
17,289,0.5,0,10,312,0,sparse_syk_majorana_v1,enumerate_lt_2m_else_binomial_rejection_v1,gaussian_std_sqrt_6_over_M_cubed_v1,networkx_greedy_largest_first_parent_v1,2.5.2,3.6.1,974125171b9aff1cf57ff75421600b427d44a86b6058118c83516e5293897e49,015bb391285e374d9a413ed05dc23e2972737e975ad764e9f84c0c7af59b9f34
17,289,0.5,1,10,283,1,sparse_syk_majorana_v1,enumerate_lt_2m_else_binomial_rejection_v1,gaussian_std_sqrt_6_over_M_cubed_v1,networkx_greedy_largest_first_parent_v1,2.5.2,3.6.1,f4c6478dac3e0a0eb24e58e8e96fc1c4dc6588cfbc761e33a68a7b8aaabd1b28,9922ba82e989990349b24eff7a3953bd0931b97fc512195a2f12b47230055c85
17,289,0.5,2,11,292,2,sparse_syk_majorana_v1,enumerate_lt_2m_else_binomial_rejection_v1,gaussian_std_sqrt_6_over_M_cubed_v1,networkx_greedy_largest_first_parent_v1,2.5.2,3.6.1,930fbdf3a0694fd94f1b1b47ef5f7fcb260aae6caea8b2fd525e281f83a48a44,0a73db54217ea89955ed484c90e3504e7c63d602fee4030c93fbc3524088c9dd
17,289,0.5,3,11,286,3,sparse_syk_majorana_v1,enumerate_lt_2m_else_binomial_rejection_v1,gaussian_std_sqrt_6_over_M_cubed_v1,networkx_greedy_largest_first_parent_v1,2.5.2,3.6.1,512ec3510bbef6f9f0865993763ba68f2b3beab76ad6b45a8ef4906ccde5a03f,15140e2c485e137a69a236254016e73617e06f13904550f3a49518bdd6bc1504
17,289,0.5,4,10,251,4,sparse_syk_majorana_v1,enumerate_lt_2m_else_binomial_rejection_v1,gaussian_std_sqrt_6_over_M_cubed_v1,networkx_greedy_largest_first_parent_v1,2.5.2,3.6.1,f6f0d4a8f1d2ff2cfb2605e96d7a7417048b83e091ffa3f861eb1a2047ab9c9b,45304ac095c46afbfb42d10707f85e3fe5081d84096982a19587ec6876316d61
17,289,0.5,5,11,305,5,sparse_syk_majorana_v1,enumerate_lt_2m_else_binomial_rejection_v1,gaussian_std_sqrt_6_over_M_cubed_v1,networkx_greedy_largest_first_parent_v1,2.5.2,3.6.1,2bb97df3db11fb6691e45d669bcafbb221d78d83f927cf616a70e7e394248c81,49ef94c8e738d73dd66bd26c3168385210687aed189ecb5dcb35b959066a61f5
17,289,0.5,6,11,304,6,sparse_syk_majorana_v1,enumerate_lt_2m_else_binomial_rejection_v1,gaussian_std_sqrt_6_over_M_cubed_v1,networkx_greedy_largest_first_parent_v1,2.5.2,3.6.1,33dc81c2244dee071381ed893c08e508c43b4a0434512f91394794a414e69223,b59ac9be794bce93a4f684ebe0a4d340e021682b1fed09a513c7a73daba79614
17,289,0.5,7,11,291,7,sparse_syk_majorana_v1,enumerate_lt_2m_else_binomial_rejection_v1,gaussian_std_sqrt_6_over_M_cubed_v1,networkx_greedy_largest_first_parent_v1,2.5.2,3.6.1,d4fa331bf1d31378e971c99b655e27d7670c8ce1ddc2b266150676d88778cad7,74953b8d810161e9847dc397d6bfddcfc722ad85c592b63dfdcb702d22a524fb
17,289,0.5,8,10,273,8,sparse_syk_majorana_v1,enumerate_lt_2m_else_binomial_rejection_v1,gaussian_std_sqrt_6_over_M_cubed_v1,networkx_greedy_largest_first_parent_v1,2.5.2,3.6.1,2be100d6a5f80bacb160c08befdd76e7044621fe3db343da7faa7523c6e38fee,c61ed9844f5b6578fc88e544406928eea675a953af646ce7ee10a55cc0840288
17,289,0.5,9,12,308,9,sparse_syk_majorana_v1,enumerate_lt_2m_else_binomial_rejection_v1,gaussian_std_sqrt_6_over_M_cubed_v1,networkx_greedy_largest_first_parent_v1,2.5.2,3.6.1,37a14ba2efc605f793a8dc59dade4c3dbbeee8cfb935372f8990158577d0d482,e42d361f34ffc3cfedeb3662e20f39c24eda69c331e0585a112762ac068ac1ae
17,289,1.0,0,18,609,0,sparse_syk_majorana_v1,enumerate_lt_2m_else_binomial_rejection_v1,gaussian_std_sqrt_6_over_M_cubed_v1,networkx_greedy_largest_first_parent_v1,2.5.2,3.6.1,4f6620be1e9e9a4a4bc7f8e8d664069eff195beaaa7d06cb4352b07f598a57a2,0348d53cc9268845684ddfa6e332c3a26278bf0e1f20dae0296aa0a2dee1d479
17,289,1.0,1,16,567,1,sparse_syk_majorana_v1,enumerate_lt_2m_else_binomial_rejection_v1,gaussian_std_sqrt_6_over_M_cubed_v1,networkx_greedy_largest_first_parent_v1,2.5.2,3.6.1,29531ed5aa33b670c1ccb5334c194cc6d3e02467c5ded6e1ddafea85e93dc935,e8a7e2db49c016c1581e299293c23ee27093198298af44eed6daa58062c52a3a
17,289,1.0,2,17,582,2,sparse_syk_majorana_v1,enumerate_lt_2m_else_binomial_rejection_v1,gaussian_std_sqrt_6_over_M_cubed_v1,networkx_greedy_largest_first_parent_v1,2.5.2,3.6.1,4308b7ca5b8251ebc8ab391519ec6e804635a1c239e7d35511a05a357d35904a,fed2809298c4d3b98e59ba2102673a8014a41fb38b629b79b2901d744fcfeaf3
17,289,1.0,3,18,572,3,sparse_syk_majorana_v1,enumerate_lt_2m_else_binomial_rejection_v1,gaussian_std_sqrt_6_over_M_cubed_v1,networkx_greedy_largest_first_parent_v1,2.5.2,3.6.1,0e3675807d31c8c13cc73796e4eb3ce7937c1e380961fb533642c20a8637ee6f,ac2a465280be68216168e99191bb74da94f11c5a9bb5fafc994e7975a33acfe0
17,289,1.0,4,15,522,4,sparse_syk_majorana_v1,enumerate_lt_2m_else_binomial_rejection_v1,gaussian_std_sqrt_6_over_M_cubed_v1,networkx_greedy_largest_first_parent_v1,2.5.2,3.6.1,746c49b9e02b65b487aaa2d57bd07fc6623de8656da2dff97044f427908c3061,bcc8ca8ae23cf1b9d7df5d502af32f9f84b0f8106197eb2c3f6f0822a730f3f6
17,289,1.0,5,18,600,5,sparse_syk_majorana_v1,enumerate_lt_2m_else_binomial_rejection_v1,gaussian_std_sqrt_6_over_M_cubed_v1,networkx_greedy_largest_first_parent_v1,2.5.2,3.6.1,156eeb3a6cd5a2049a5c34d1b45c7b408ee5456fcee2f54bb1dd5c0f414c2a38,11055b938e014c75f4e0804d73de62d8e223607061d08c044ac9efa40741080e
17,289,1.0,6,19,598,6,sparse_syk_majorana_v1,enumerate_lt_2m_else_binomial_rejection_v1,gaussian_std_sqrt_6_over_M_cubed_v1,networkx_greedy_largest_first_parent_v1,2.5.2,3.6.1,b17c3da81b17a6a2a1c1a061092122dd89c6b989e7546087d5ccad3cb10510af,181805e2042249b8c07845cb83e889d55f04f52b0f2d34735fef37e8a72ea1bd
17,289,1.0,7,17,578,7,sparse_syk_majorana_v1,enumerate_lt_2m_else_binomial_rejection_v1,gaussian_std_sqrt_6_over_M_cubed_v1,networkx_greedy_largest_first_parent_v1,2.5.2,3.6.1,851312bf6331056e59d63652046384f6949afdc930b319853a702937590c0ad9,4f959600e1b6b8f0961c07af342701d1bd053b728292a792bfd173844055df1d
17,289,1.0,8,17,553,8,sparse_syk_majorana_v1,enumerate_lt_2m_else_binomial_rejection_v1,gaussian_std_sqrt_6_over_M_cubed_v1,networkx_greedy_largest_first_parent_v1,2.5.2,3.6.1,b83032d9601cbcf63b69802f558243bd4af1c34b80eb872d6e4824e36ae6cbb0,90264c325aed583ccbce27e2706a891654409ad73e8b7361790fb44f1af4fe06
17,289,1.0,9,17,597,9,sparse_syk_majorana_v1,enumerate_lt_2m_else_binomial_rejection_v1,gaussian_std_sqrt_6_over_M_cubed_v1,networkx_greedy_largest_first_parent_v1,2.5.2,3.6.1,b6d4ab35cd00f41ace205452e07dccc50c33043aac88e4168aaf7087f6588e3f,b1efeb6fc7651075e54712618f8751d9e7bcca18021a2a29969b64703deaad42
17,289,2.0,0,30,1199,0,sparse_syk_majorana_v1,enumerate_lt_2m_else_binomial_rejection_v1,gaussian_std_sqrt_6_over_M_cubed_v1,networkx_greedy_largest_first_parent_v1,2.5.2,3.6.1,669a935044ded5e57ad951c441a570d6143f607b4ffa0c5260c3b195d03e2979,e3c2a087092b45b63fbe617eb2a51533b3da326645d1b7169690b06b65e0228f
17,289,2.0,1,31,1139,1,sparse_syk_majorana_v1,enumerate_lt_2m_else_binomial_rejection_v1,gaussian_std_sqrt_6_over_M_cubed_v1,networkx_greedy_largest_first_parent_v1,2.5.2,3.6.1,d6d8e040ec2002c09e9f32f4545ee3b28efe780f2fbad2ae468a8b416beafe2e,badbfca61dad6fd779847a8844e58473ff80b40ac12c4724ebd9f22318058a06
17,289,2.0,2,28,1160,2,sparse_syk_majorana_v1,enumerate_lt_2m_else_binomial_rejection_v1,gaussian_std_sqrt_6_over_M_cubed_v1,networkx_greedy_largest_first_parent_v1,2.5.2,3.6.1,955ac9dd4f6e65885979d8502f97fb408577bbfeeb0306fd77a5e5e892585680,6616c0fa5442f56caada3de8c8260a77f3d8badaa5b1feefa51dcbaaf0ead969
17,289,2.0,3,29,1148,3,sparse_syk_majorana_v1,enumerate_lt_2m_else_binomial_rejection_v1,gaussian_std_sqrt_6_over_M_cubed_v1,networkx_greedy_largest_first_parent_v1,2.5.2,3.6.1,62592705c6d4a8d2e782930eb44a7b3b8e02f12c0f33f8b31024def916b6dfb5,c5da805b1f6a970ef55e8858cdf7c57828f6f8116b27779194091e4ffc8e561e
17,289,2.0,4,31,1223,4,sparse_syk_majorana_v1,enumerate_lt_2m_else_binomial_rejection_v1,gaussian_std_sqrt_6_over_M_cubed_v1,networkx_greedy_largest_first_parent_v1,2.5.2,3.6.1,a5b2d47d7e7ba2d5a3ab52e6fa6421632791a87da896643841d70b57366f67de,eb85fb98e74f7e173d8422964a15f2410221b44d5260692c3395dbb14e875cea
17,289,2.0,5,28,1135,5,sparse_syk_majorana_v1,enumerate_lt_2m_else_binomial_rejection_v1,gaussian_std_sqrt_6_over_M_cubed_v1,networkx_greedy_largest_first_parent_v1,2.5.2,3.6.1,4750f287c6b45070fe5fb4f379f745f19ec28c39750d5a996854b6732b4d6d03,4fb2681c84a4d4e85a8bc5f0827c3ae205a96c4950559d831bf7130ddebb6b64
17,289,2.0,6,29,1184,6,sparse_syk_majorana_v1,enumerate_lt_2m_else_binomial_rejection_v1,gaussian_std_sqrt_6_over_M_cubed_v1,networkx_greedy_largest_first_parent_v1,2.5.2,3.6.1,01a1ada87f080584348b9835e257fcb3fd48f8ab8e502549691a8540d5914450,d3ac536ae9abb9a26c04b0fd756de827daac032ad4e73c144e8f0d317800997b
17,289,2.0,7,30,1153,7,sparse_syk_majorana_v1,enumerate_lt_2m_else_binomial_rejection_v1,gaussian_std_sqrt_6_over_M_cubed_v1,networkx_greedy_largest_first_parent_v1,2.5.2,3.6.1,afd3eabf58ecfc12d4d96c1920346effb11e3f729ea5c010766553682512fd60,e7adba1802c5d3412a98f181c6f7f5ced20d01bff1be41ce2cdd3978ad38339b
17,289,2.0,8,28,1118,8,sparse_syk_majorana_v1,enumerate_lt_2m_else_binomial_rejection_v1,gaussian_std_sqrt_6_over_M_cubed_v1,networkx_greedy_largest_first_parent_v1,2.5.2,3.6.1,1bd601b3a755b21c8eff0b105abedbecb5e1d461c44da5c491671abf405b41b5,2d3cbdcac1e6f4b9533588b2acc7aa8045f50a372e6b98fe91b5207671f94077
17,289,2.0,9,29,1176,9,sparse_syk_majorana_v1,enumerate_lt_2m_else_binomial_rejection_v1,gaussian_std_sqrt_6_over_M_cubed_v1,networkx_greedy_largest_first_parent_v1,2.5.2,3.6.1,bf4b6265a19c8ccd313a15e62ddb0f295b5d759846dbbe8b45a0f9929d3b244e,cb22979a4d42d4299b9f45a24da161888473ded5d35564ca0e8226f9a98c7ace
17,289,3.0,0,41,1786,0,sparse_syk_majorana_v1,enumerate_lt_2m_else_binomial_rejection_v1,gaussian_std_sqrt_6_over_M_cubed_v1,networkx_greedy_largest_first_parent_v1,2.5.2,3.6.1,4059f37d4de47e385d934c42031db76823cc6e2f14b65d26e9f3a9cb285d7e7e,7aee8c5a7f68e8be0407d7c83e79282a5e2288d5e0ca8b8c11069c830a4225f9
17,289,3.0,1,41,1712,1,sparse_syk_majorana_v1,enumerate_lt_2m_else_binomial_rejection_v1,gaussian_std_sqrt_6_over_M_cubed_v1,networkx_greedy_largest_first_parent_v1,2.5.2,3.6.1,a79f5b29b00c7114c625ce206d7ac20cb026f814093d108a58b9bb2145bb26b5,d7c37b211ceeb6097701443aa1094dd975e6600a5f6380a52328ba64cff65555
17,289,3.0,2,40,1739,2,sparse_syk_majorana_v1,enumerate_lt_2m_else_binomial_rejection_v1,gaussian_std_sqrt_6_over_M_cubed_v1,networkx_greedy_largest_first_parent_v1,2.5.2,3.6.1,87ee8d950b1cd8b32e1153f1c68cbee26e47d9f719fd808b613e8dd94ad45ddf,f5766d6c4b5354100ed833f61ac2fa48b4f934d63efede93583e9e11678ea588
17,289,3.0,3,41,1724,3,sparse_syk_majorana_v1,enumerate_lt_2m_else_binomial_rejection_v1,gaussian_std_sqrt_6_over_M_cubed_v1,networkx_greedy_largest_first_parent_v1,2.5.2,3.6.1,cb12129013b08c8af6a51d6ec52fe715596f7a939aa6641e5a2a5732844a8dff,173c46ff1b5e360e2f60e3e47b194a12021ac436ab8e2746bbfd5841f554bfd5
17,289,3.0,4,42,1815,4,sparse_syk_majorana_v1,enumerate_lt_2m_else_binomial_rejection_v1,gaussian_std_sqrt_6_over_M_cubed_v1,networkx_greedy_largest_first_parent_v1,2.5.2,3.6.1,db861e2193e11a3212375355cea4bcbab174ee6fa17eaa7c7edcc271138281bb,dcb89703dcf4bafc320225aef0dcca2004b3dc56266563f8bbe4377f15d3dd8e
17,289,3.0,5,40,1703,5,sparse_syk_majorana_v1,enumerate_lt_2m_else_binomial_rejection_v1,gaussian_std_sqrt_6_over_M_cubed_v1,networkx_greedy_largest_first_parent_v1,2.5.2,3.6.1,8a62fdc0ce31820fee8dc257b7f2a4eaf26119b2de0e51f8134116698acb8c7b,42309b08a11722302080829bd9ead02ab26c8ed5c4aefbe7274a874dd9432627
17,289,3.0,6,40,1768,6,sparse_syk_majorana_v1,enumerate_lt_2m_else_binomial_rejection_v1,gaussian_std_sqrt_6_over_M_cubed_v1,networkx_greedy_largest_first_parent_v1,2.5.2,3.6.1,2fccfdac00cc91e68d055bc8a90917502fba3109e8acfa9611d34653335811bb,5354afd11df0ed6713b715e14dc10ba4040f8df0de788facd4600000cfcd592f
17,289,3.0,7,41,1730,7,sparse_syk_majorana_v1,enumerate_lt_2m_else_binomial_rejection_v1,gaussian_std_sqrt_6_over_M_cubed_v1,networkx_greedy_largest_first_parent_v1,2.5.2,3.6.1,037c1e67648ebcb40b0a70d8c77c64078d96ebe07f1b78bf082b3d83b3e46e84,4aa76e60ba0f87cc5e1909afff7e8af2ddf86317b10c5cda97f7a3ef0aab0b3f
17,289,3.0,8,40,1687,8,sparse_syk_majorana_v1,enumerate_lt_2m_else_binomial_rejection_v1,gaussian_std_sqrt_6_over_M_cubed_v1,networkx_greedy_largest_first_parent_v1,2.5.2,3.6.1,6ef294bc74d4d7eacdf99bc6c41b2fac7a4383e9f38575d558735c056673103f,2eedf7c6e8fbb602b7cab4eae71c0a9bf23addda712e0d8a2eee46ac45b9e159
17,289,3.0,9,41,1756,9,sparse_syk_majorana_v1,enumerate_lt_2m_else_binomial_rejection_v1,gaussian_std_sqrt_6_over_M_cubed_v1,networkx_greedy_largest_first_parent_v1,2.5.2,3.6.1,349d23016fd22f2887db8497036dcb16e6c1232b0d755bf15cce0565442d95a3,512ee9427270f5309a01e83a958ae04827f9d69c3d9121a1544460941f821d06
18,324,0.5,0,11,348,0,sparse_syk_majorana_v1,enumerate_lt_2m_else_binomial_rejection_v1,gaussian_std_sqrt_6_over_M_cubed_v1,networkx_greedy_largest_first_parent_v1,2.5.2,3.6.1,b6d671cf84fd1847994387d66eb0482174eb413a4b5f07f4cf7569a676ba30e8,8e40918d0d821612dc81625216a655d82f3667bf12d17790f6d032e271ddacbf
18,324,0.5,1,10,318,1,sparse_syk_majorana_v1,enumerate_lt_2m_else_binomial_rejection_v1,gaussian_std_sqrt_6_over_M_cubed_v1,networkx_greedy_largest_first_parent_v1,2.5.2,3.6.1,5f226ed5973300767084050324f2feef5273c08dd1352e5339257b6e9a444a4a,1d22c95972bfa39bb590116f1ac21e7606166ff6782e8a0b31e695063488575c
18,324,0.5,2,11,327,2,sparse_syk_majorana_v1,enumerate_lt_2m_else_binomial_rejection_v1,gaussian_std_sqrt_6_over_M_cubed_v1,networkx_greedy_largest_first_parent_v1,2.5.2,3.6.1,799e3a1eca69bcef1eebac8e22e9307bead3c622e315510d2effaf007ba77e2d,d92db749f66cdf5fbba12eef2291e726a473a14e06b17790bca9feb24f6873d9
18,324,0.5,3,12,320,3,sparse_syk_majorana_v1,enumerate_lt_2m_else_binomial_rejection_v1,gaussian_std_sqrt_6_over_M_cubed_v1,networkx_greedy_largest_first_parent_v1,2.5.2,3.6.1,d10b11efdec6eb2115c88e2efa6e888d3f1b6ac0301f3c2b1f91baf266d7e09c,5a8529d64af43458c90bc012b4af3fd8f53dbb8881c2cc63e3fded9408c54f09
18,324,0.5,4,12,283,4,sparse_syk_majorana_v1,enumerate_lt_2m_else_binomial_rejection_v1,gaussian_std_sqrt_6_over_M_cubed_v1,networkx_greedy_largest_first_parent_v1,2.5.2,3.6.1,8b8f3c2f6749f6a2bb2add2403c86148a970a33d22e71624b1b75b2ad009c439,ad23727c507e8c520152961662ba7ca032007c4d449bd7adb6b832908e05734f
18,324,0.5,5,11,341,5,sparse_syk_majorana_v1,enumerate_lt_2m_else_binomial_rejection_v1,gaussian_std_sqrt_6_over_M_cubed_v1,networkx_greedy_largest_first_parent_v1,2.5.2,3.6.1,a5d2dc56a7b9ef5364c9267604f09fa3c48264be4b5fb30a99bf4a6399115176,f934f3d0340c0e1fadb1f80c87b505de810b1f7a6b8c09e748191950994c1331
18,324,0.5,6,12,340,6,sparse_syk_majorana_v1,enumerate_lt_2m_else_binomial_rejection_v1,gaussian_std_sqrt_6_over_M_cubed_v1,networkx_greedy_largest_first_parent_v1,2.5.2,3.6.1,aa5e87f8a2dd233c9b08c58d4d979d55b681279d8cff2b704d6c19cf4c05bd9a,a4936647a45f3d677c922e13c08a78d9dd9249be8c6bad8e0c3be678b2a937de
18,324,0.5,7,11,325,7,sparse_syk_majorana_v1,enumerate_lt_2m_else_binomial_rejection_v1,gaussian_std_sqrt_6_over_M_cubed_v1,networkx_greedy_largest_first_parent_v1,2.5.2,3.6.1,d96ccb47d4125edb34227f74843bf7e87c6edf251144dbab765106820f592a26,38f5d841d4d7ead4191a11d3ee788bfad7f1e961709f9de5d93b2a3e5ec3cb2b
18,324,0.5,8,10,307,8,sparse_syk_majorana_v1,enumerate_lt_2m_else_binomial_rejection_v1,gaussian_std_sqrt_6_over_M_cubed_v1,networkx_greedy_largest_first_parent_v1,2.5.2,3.6.1,4b28da481d6b8bcfd1028a5bba3a8d60ba0fd4faf048623c0a21edd13091aeee,a7e964ad5151a83d81a7578f9904a428359ec42367220623f5d272eee6569c9f
18,324,0.5,9,11,343,9,sparse_syk_majorana_v1,enumerate_lt_2m_else_binomial_rejection_v1,gaussian_std_sqrt_6_over_M_cubed_v1,networkx_greedy_largest_first_parent_v1,2.5.2,3.6.1,f5e7824a0414b39070ebbf216a3c7dde8facc95f6ea07825d6322c6b48f23574,f3f324f140f9445cb327c8f7325676329ef7a884bddec4601e075f2e5ab81348
18,324,1.0,0,18,680,0,sparse_syk_majorana_v1,enumerate_lt_2m_else_binomial_rejection_v1,gaussian_std_sqrt_6_over_M_cubed_v1,networkx_greedy_largest_first_parent_v1,2.5.2,3.6.1,f64d2ea44fc098b30dd0c51e0c9c18433555fee17f5ce003fa74a79100940d02,46b377fe08fd9c11dda616b6239eece60b90af2de87094efd63ec257f4efbcd5
18,324,1.0,1,17,636,1,sparse_syk_majorana_v1,enumerate_lt_2m_else_binomial_rejection_v1,gaussian_std_sqrt_6_over_M_cubed_v1,networkx_greedy_largest_first_parent_v1,2.5.2,3.6.1,c2729cb9822880ffa85d9f27145ccd57763fb09017d0b5e49f0b06d2c1cb87ba,ef2f5e7f238940826f16a048c7d7824bd31e0753e0e0489236db24263810b90b
18,324,1.0,2,17,652,2,sparse_syk_majorana_v1,enumerate_lt_2m_else_binomial_rejection_v1,gaussian_std_sqrt_6_over_M_cubed_v1,networkx_greedy_largest_first_parent_v1,2.5.2,3.6.1,20d4d638e84a54d360df58e3a00f9c5ba2203986ec28608cc7a141e93c17364d,c3692d7b911dc84f95f1778c3c51da451e6edcdf2a1a860430efbe94ba02bb01
18,324,1.0,3,19,642,3,sparse_syk_majorana_v1,enumerate_lt_2m_else_binomial_rejection_v1,gaussian_std_sqrt_6_over_M_cubed_v1,networkx_greedy_largest_first_parent_v1,2.5.2,3.6.1,2ad44b96a7073e619637736b210af6bc08ae81cc2e45b62e4bd1d4f2bc512a60,5298d578a4c13ed4c8c6d7f7a68958f83af1319ed630ce6fced2bf3dda02c59f
18,324,1.0,4,16,588,4,sparse_syk_majorana_v1,enumerate_lt_2m_else_binomial_rejection_v1,gaussian_std_sqrt_6_over_M_cubed_v1,networkx_greedy_largest_first_parent_v1,2.5.2,3.6.1,cf8a1ee2ac6ce9332adc3c55aec390093fb1348a98feb55f08db210c2c4e8dc7,217feb1d1b333fb1fe6dd157c32e8bbeb451924153cb5874b27e2bfbe0890865
18,324,1.0,5,17,671,5,sparse_syk_majorana_v1,enumerate_lt_2m_else_binomial_rejection_v1,gaussian_std_sqrt_6_over_M_cubed_v1,networkx_greedy_largest_first_parent_v1,2.5.2,3.6.1,07cfb0f4615de35c3abc74e69873564fd5c122dab917163bfbfc204a2e6e0b75,27a8070d5fb362a21095cd730de7bc3d21944a3b695c5d11ebb796d66b1132b0
18,324,1.0,6,20,669,6,sparse_syk_majorana_v1,enumerate_lt_2m_else_binomial_rejection_v1,gaussian_std_sqrt_6_over_M_cubed_v1,networkx_greedy_largest_first_parent_v1,2.5.2,3.6.1,4958be06efdada89e2df48c37133d8befa673329669856e5d199042fb6b7f810,8edcf484bc5227c07f76aa285914009d6fe46d5404254dd2275ab87bc28bcc28
18,324,1.0,7,17,647,7,sparse_syk_majorana_v1,enumerate_lt_2m_else_binomial_rejection_v1,gaussian_std_sqrt_6_over_M_cubed_v1,networkx_greedy_largest_first_parent_v1,2.5.2,3.6.1,0f1ac89262a77469f3d0edc5055d0025828ebb06fb96600a19ad16a442530fb2,1af55a20176d66a12302b1047ffd8b3dc587f055072481b9ea7b034a053189ea
18,324,1.0,8,16,621,8,sparse_syk_majorana_v1,enumerate_lt_2m_else_binomial_rejection_v1,gaussian_std_sqrt_6_over_M_cubed_v1,networkx_greedy_largest_first_parent_v1,2.5.2,3.6.1,eaaa2b95e93c72db65601615d87f37000d1490c0e13cf5cf232d5e0d8a72920a,917a7d04eab1aee5a704041632d125d84eef33f54d7e21f3371d8c940a89ba08
18,324,1.0,9,17,668,9,sparse_syk_majorana_v1,enumerate_lt_2m_else_binomial_rejection_v1,gaussian_std_sqrt_6_over_M_cubed_v1,networkx_greedy_largest_first_parent_v1,2.5.2,3.6.1,b2d0c31dc4dbaa19c9a4b3c59fd62edd5e896de9bfa472dd51a299b744a57c9a,88149c31ff37f1e1a6682c17744b3fa0abf781f915f74bb9f1ab2dbe04f93c62
18,324,2.0,0,30,1341,0,sparse_syk_majorana_v1,enumerate_lt_2m_else_binomial_rejection_v1,gaussian_std_sqrt_6_over_M_cubed_v1,networkx_greedy_largest_first_parent_v1,2.5.2,3.6.1,e666e19e15e34730b040c6a645ba5299ae335034fa8e5b31a3cae3a978ab855f,40e4139167c22250a463c9fd9e29dd7227c250e465d77c1e44f166630f4d7962
18,324,2.0,1,28,1277,1,sparse_syk_majorana_v1,enumerate_lt_2m_else_binomial_rejection_v1,gaussian_std_sqrt_6_over_M_cubed_v1,networkx_greedy_largest_first_parent_v1,2.5.2,3.6.1,0ec55ffccabd36f59dabe5c34c9201ac9b0c3890fbc397a966102e03383317e5,972b9ad05f5369367c03f8bb5d335bb121a079555c415e67483f1df691ab7cd3
18,324,2.0,2,29,1300,2,sparse_syk_majorana_v1,enumerate_lt_2m_else_binomial_rejection_v1,gaussian_std_sqrt_6_over_M_cubed_v1,networkx_greedy_largest_first_parent_v1,2.5.2,3.6.1,dfea2d5750624fcbdade5bd6be0be9280be1d9dc2a530bc10ca8f57eaff32fa8,74a88bf56700ab063a660e787c11d73d0a3ffcdd2ed3a02708fa179b7618a555
18,324,2.0,3,29,1287,3,sparse_syk_majorana_v1,enumerate_lt_2m_else_binomial_rejection_v1,gaussian_std_sqrt_6_over_M_cubed_v1,networkx_greedy_largest_first_parent_v1,2.5.2,3.6.1,578b8f4dfef3967beaf9c1accf93b8409c78547735b76ae49b759ccb041bf2ab,29c07045b0952fb1512d1345dcad83d28c342deed2e47a2af2a9d7ec81f33dde
18,324,2.0,4,31,1367,4,sparse_syk_majorana_v1,enumerate_lt_2m_else_binomial_rejection_v1,gaussian_std_sqrt_6_over_M_cubed_v1,networkx_greedy_largest_first_parent_v1,2.5.2,3.6.1,0d5d1c4ba474334a7f67e9ce0cff48db7a8632041ec378c6186fedf01ca3777a,85267dfbedbeac0e40e5670cbfb5c8ee1f0dee59aec1062885f02903df8efa4a
18,324,2.0,5,28,1272,5,sparse_syk_majorana_v1,enumerate_lt_2m_else_binomial_rejection_v1,gaussian_std_sqrt_6_over_M_cubed_v1,networkx_greedy_largest_first_parent_v1,2.5.2,3.6.1,b9ee20c936b0c3bc0c0a115feb9ba3b827cceaa44675d7a4254bc5b732b928bb,853658e19b8d76034bdae82b157a159d9a812fa2849ac2e6842ea28fde7b7253
18,324,2.0,6,31,1325,6,sparse_syk_majorana_v1,enumerate_lt_2m_else_binomial_rejection_v1,gaussian_std_sqrt_6_over_M_cubed_v1,networkx_greedy_largest_first_parent_v1,2.5.2,3.6.1,490b65656896cdfa67d7c7403e36ad169ae5b750b324b5ffd60e6a0c9c0d4a6b,06b6f1abc3ec077ebe1405fe0c789ae4aa45d331eff54774b88ad75a9a5bebba
18,324,2.0,7,29,1293,7,sparse_syk_majorana_v1,enumerate_lt_2m_else_binomial_rejection_v1,gaussian_std_sqrt_6_over_M_cubed_v1,networkx_greedy_largest_first_parent_v1,2.5.2,3.6.1,44e12d17a595eb67d7e7d4a02d24bf752e96661b8fe8636fe78c65c10c4090b2,e8cf414951b6a3eecfeec177cd65621188353df8e1d1144e5f078ef7f3c94565
18,324,2.0,8,28,1256,8,sparse_syk_majorana_v1,enumerate_lt_2m_else_binomial_rejection_v1,gaussian_std_sqrt_6_over_M_cubed_v1,networkx_greedy_largest_first_parent_v1,2.5.2,3.6.1,c9a882cb14ef6b73a806cb95fa494c8bc6bd8542f82580da2f7192b378ecb29e,1edb7ef760d1579935e4d9f77f42f006818b82e09981596b9744ee45fd2f5203
18,324,2.0,9,28,1317,9,sparse_syk_majorana_v1,enumerate_lt_2m_else_binomial_rejection_v1,gaussian_std_sqrt_6_over_M_cubed_v1,networkx_greedy_largest_first_parent_v1,2.5.2,3.6.1,5f4485217b98ab26d278126582398216d5f04cb2ddd5b83470390e1bf751804c,58a706e249f56b1c65a143d7a902fd06440c3919c0a43e8a521394d802495011
18,324,3.0,0,42,1999,0,sparse_syk_majorana_v1,enumerate_lt_2m_else_binomial_rejection_v1,gaussian_std_sqrt_6_over_M_cubed_v1,networkx_greedy_largest_first_parent_v1,2.5.2,3.6.1,121c5edd01b670d69938e0b778b643281a77e6571c1c69f96271c18baaf98154,6a8d2dd10e82215f9b7ddfe21301b27c4ee28d4921ea929209c138b5369deaf7
18,324,3.0,1,39,1920,1,sparse_syk_majorana_v1,enumerate_lt_2m_else_binomial_rejection_v1,gaussian_std_sqrt_6_over_M_cubed_v1,networkx_greedy_largest_first_parent_v1,2.5.2,3.6.1,27623c84b259ba583d7d1e62e38217a0960dfd1821b7ef41e515573ff9797f31,6f6d203db2b0fa8128f3fff315cfa8ec32397a5fe34b92d455e468c56ff6ceb2
18,324,3.0,2,40,1949,2,sparse_syk_majorana_v1,enumerate_lt_2m_else_binomial_rejection_v1,gaussian_std_sqrt_6_over_M_cubed_v1,networkx_greedy_largest_first_parent_v1,2.5.2,3.6.1,9b86024243b01b629367a784134569623ba015cafdb6d68ddbb953c1428d9d66,99b2dec9ce8fa39c49e322662210f4f3ad501c1268e3b04efa9cc112c512fa3e
18,324,3.0,3,40,1933,3,sparse_syk_majorana_v1,enumerate_lt_2m_else_binomial_rejection_v1,gaussian_std_sqrt_6_over_M_cubed_v1,networkx_greedy_largest_first_parent_v1,2.5.2,3.6.1,bba325bd5fcbd109a3735193d29bf6fa229995a4c22d1e1fc8e250038c9ad260,184e8c6b61e12fa628085388332d32c31f17c2f08e86efacee4d99ca18bbceba
18,324,3.0,4,44,2029,4,sparse_syk_majorana_v1,enumerate_lt_2m_else_binomial_rejection_v1,gaussian_std_sqrt_6_over_M_cubed_v1,networkx_greedy_largest_first_parent_v1,2.5.2,3.6.1,edff2430cc99c4363f3e7017ff0b7c9715824af3ea6afb0765ade30258e8f5ea,a57dcde38173b68328e1f4711832e7ce5f1b0d5899946df60b40a87c1a5ad0c8
18,324,3.0,5,39,1982,5,sparse_syk_majorana_v1,enumerate_lt_2m_else_binomial_rejection_v1,gaussian_std_sqrt_6_over_M_cubed_v1,networkx_greedy_largest_first_parent_v1,2.5.2,3.6.1,dccb09d05e92e56614613ea417a630bda36dea21079c22278dc12641dae2a562,59acb1a0aab290ac7d08d579d528dc01803ebac747145c07703f267f7ca83a34
18,324,3.0,6,41,1980,6,sparse_syk_majorana_v1,enumerate_lt_2m_else_binomial_rejection_v1,gaussian_std_sqrt_6_over_M_cubed_v1,networkx_greedy_largest_first_parent_v1,2.5.2,3.6.1,e674c41b58234366ffa143aafe79b837a143da0976d9c7378e1d414bd865ca51,ce506e3d98f4e985b3e9cbda2ee2a75018ea36d959c68e26615d367ab0081511
18,324,3.0,7,40,1939,7,sparse_syk_majorana_v1,enumerate_lt_2m_else_binomial_rejection_v1,gaussian_std_sqrt_6_over_M_cubed_v1,networkx_greedy_largest_first_parent_v1,2.5.2,3.6.1,c2603ef8283065fd283699a7bc76d275bf7d4c219ead8290f78d7e83985335ff,8f958c3ca7b515d0e5c7db2e896dacd1b8497b55506aa1ef6c57108f0ebb0eba
18,324,3.0,8,39,1894,8,sparse_syk_majorana_v1,enumerate_lt_2m_else_binomial_rejection_v1,gaussian_std_sqrt_6_over_M_cubed_v1,networkx_greedy_largest_first_parent_v1,2.5.2,3.6.1,ce1ac7d9670ffced94851afb20e7e8a44a75e58c65fb1f059c478c5571191083,c01299527b10ff779bb187087ffab5d78f960944bed529896bcede5ceab34232
18,324,3.0,9,41,1966,9,sparse_syk_majorana_v1,enumerate_lt_2m_else_binomial_rejection_v1,gaussian_std_sqrt_6_over_M_cubed_v1,networkx_greedy_largest_first_parent_v1,2.5.2,3.6.1,71e9300089bfbc45803db6938dab2e02f41fe3fd692c5260d7ed1f596bc78834,e7df2ad7a8778f2fa19824e180f748fbeefc15e9f7f7cb2f57784612a350f29c
19,361,0.5,0,11,386,0,sparse_syk_majorana_v1,enumerate_lt_2m_else_binomial_rejection_v1,gaussian_std_sqrt_6_over_M_cubed_v1,networkx_greedy_largest_first_parent_v1,2.5.2,3.6.1,721eeddd8cba31d26131df4bc7a9f845f1d5d1871fed67e716f50e98d5850af9,3f10984ce07e643eee20935ef8e3d0cd63ad38f7a80af1025910970a15e18b3b
19,361,0.5,1,10,354,1,sparse_syk_majorana_v1,enumerate_lt_2m_else_binomial_rejection_v1,gaussian_std_sqrt_6_over_M_cubed_v1,networkx_greedy_largest_first_parent_v1,2.5.2,3.6.1,9b32c8e0e47e2c4391126b8b481007a81cad2fe2b4c4e60ef125f85fa05b0f38,a3206b086887776bcba15b8c50bdca0251a4e91874e3fe11528d9ba28aabc3ab
19,361,0.5,2,10,364,2,sparse_syk_majorana_v1,enumerate_lt_2m_else_binomial_rejection_v1,gaussian_std_sqrt_6_over_M_cubed_v1,networkx_greedy_largest_first_parent_v1,2.5.2,3.6.1,3b60fc541cef3acb0b8e2a73dad4676d074e27f66ff2ff11837b58461b9147b7,030e4826b71b2d1067fff826bf5a1395028ddfaaebbffecef14f21159f544a82
19,361,0.5,3,12,357,3,sparse_syk_majorana_v1,enumerate_lt_2m_else_binomial_rejection_v1,gaussian_std_sqrt_6_over_M_cubed_v1,networkx_greedy_largest_first_parent_v1,2.5.2,3.6.1,4949c513dc0293dfa8658df40b140d5d9a83299ae1f09d895b2602a29cc7f3a6,345c03c31d11d7b884cfa62baea020f9bbcf2f828b438d26c412cbbce6b71579
19,361,0.5,4,13,317,4,sparse_syk_majorana_v1,enumerate_lt_2m_else_binomial_rejection_v1,gaussian_std_sqrt_6_over_M_cubed_v1,networkx_greedy_largest_first_parent_v1,2.5.2,3.6.1,1837c1d57e9243503928b9da8b27fa5fd3eff3750342013036946529db364c16,5e458de4adfe8dad008346b8454d7f4b617c8285c40e3311d2aa89865c498bcd
19,361,0.5,5,11,379,5,sparse_syk_majorana_v1,enumerate_lt_2m_else_binomial_rejection_v1,gaussian_std_sqrt_6_over_M_cubed_v1,networkx_greedy_largest_first_parent_v1,2.5.2,3.6.1,42a5ae9081723eb74edb5c483ed9f617ae4e5c50e7851359a77ca3f0ed278570,f001f65d381fc816a6a6c6b65f133d709b7c8fcbf506720cca5480dbc56c5c9c
19,361,0.5,6,12,378,6,sparse_syk_majorana_v1,enumerate_lt_2m_else_binomial_rejection_v1,gaussian_std_sqrt_6_over_M_cubed_v1,networkx_greedy_largest_first_parent_v1,2.5.2,3.6.1,871ef1268fbaaba5fc9c75c69166b54abd271390af67f8bba2b76cab1ff1fe8a,39650123cac489442132574093639fee61f99eb3098b7e5ed9ef41c320e3ce8a
19,361,0.5,7,10,362,7,sparse_syk_majorana_v1,enumerate_lt_2m_else_binomial_rejection_v1,gaussian_std_sqrt_6_over_M_cubed_v1,networkx_greedy_largest_first_parent_v1,2.5.2,3.6.1,2778440ead100a5e01ae587605f30a4bd6c77dc9c23bd46dbf93ffe5b017f9ef,3e77bcd4b1ea54e912c2580cdf697a8c786c5ed0bb56d51dcac8904e3e256bc6
19,361,0.5,8,10,342,8,sparse_syk_majorana_v1,enumerate_lt_2m_else_binomial_rejection_v1,gaussian_std_sqrt_6_over_M_cubed_v1,networkx_greedy_largest_first_parent_v1,2.5.2,3.6.1,6780956d2934a222e68a633ac436fa5bb7d1e64bf431f463d372a50ad57542ac,cdaa5201f8a4c1f4b156c222f68fc28ecd30639e2ecc4e1b350056d0f0431056
19,361,0.5,9,11,380,9,sparse_syk_majorana_v1,enumerate_lt_2m_else_binomial_rejection_v1,gaussian_std_sqrt_6_over_M_cubed_v1,networkx_greedy_largest_first_parent_v1,2.5.2,3.6.1,caec5ba13d8a58ea9531928d17ee9be016a4726ad8127d310660931f57d2937d,25dae991277ab1d1b3d61e290d6af7a601adc5fc2e64541a686981442f019166
19,361,1.0,0,17,756,0,sparse_syk_majorana_v1,enumerate_lt_2m_else_binomial_rejection_v1,gaussian_std_sqrt_6_over_M_cubed_v1,networkx_greedy_largest_first_parent_v1,2.5.2,3.6.1,ad17fedbe7d1f1ab3532ddbfdf33af79143bac524388d49066c69061589f9074,4f8283f7d7bd31dc30c4f16a5a8f2d49f834eb9e777934e6e444c8575d4357b2
19,361,1.0,1,16,709,1,sparse_syk_majorana_v1,enumerate_lt_2m_else_binomial_rejection_v1,gaussian_std_sqrt_6_over_M_cubed_v1,networkx_greedy_largest_first_parent_v1,2.5.2,3.6.1,6ee866d27f57b26816a47c68be02646bf62cca9dcfef6a19e3e9ad55be75606e,1230fb06b260672df7f8c779291b3115cdcfc28ac6ae6a65a5f64e46be991cf7
19,361,1.0,2,16,726,2,sparse_syk_majorana_v1,enumerate_lt_2m_else_binomial_rejection_v1,gaussian_std_sqrt_6_over_M_cubed_v1,networkx_greedy_largest_first_parent_v1,2.5.2,3.6.1,4454d50817113a0880429be6ca1c16ed0869a34e6f858dcad8c4ef5b63e90f76,f28d5b6114511fa50150c608743a37e7a9945451393bbc46747ede5c60fd8f78
19,361,1.0,3,21,716,3,sparse_syk_majorana_v1,enumerate_lt_2m_else_binomial_rejection_v1,gaussian_std_sqrt_6_over_M_cubed_v1,networkx_greedy_largest_first_parent_v1,2.5.2,3.6.1,bdc267076f3e091dc2c7efae6f5410110d06fbb137ff8529a418814994c73655,8e6e2a9649970e73bdb7a4568e088fb2406c21397b6124b0e33236b488cd884c
19,361,1.0,4,18,776,4,sparse_syk_majorana_v1,enumerate_lt_2m_else_binomial_rejection_v1,gaussian_std_sqrt_6_over_M_cubed_v1,networkx_greedy_largest_first_parent_v1,2.5.2,3.6.1,797bf2cd4fb8d4ba75e14bbdf592375f0984af87a322d17227641f30aea09019,6cece755a1198649297c9bd92de4aef57ca0dafdf938912b08a8f704a4192ce4
19,361,1.0,5,18,746,5,sparse_syk_majorana_v1,enumerate_lt_2m_else_binomial_rejection_v1,gaussian_std_sqrt_6_over_M_cubed_v1,networkx_greedy_largest_first_parent_v1,2.5.2,3.6.1,35b70241ed3cee82a8ce69fdb711d26693936c71ebd8ea1cd6be902b87b33ab8,c48b30a8d48f2859e4c3588543e6f00c980676ae4b84d8f60b645a0340f8a50e
19,361,1.0,6,19,744,6,sparse_syk_majorana_v1,enumerate_lt_2m_else_binomial_rejection_v1,gaussian_std_sqrt_6_over_M_cubed_v1,networkx_greedy_largest_first_parent_v1,2.5.2,3.6.1,d78b4d406f8b03b5d8b96f9dd56b6952583b9945ba7fb52eda40ae0f6c9004c5,95c1476df0c6b98f341b61a137580a127285fc09a542079d8e7e21b6c7397a37
19,361,1.0,7,16,721,7,sparse_syk_majorana_v1,enumerate_lt_2m_else_binomial_rejection_v1,gaussian_std_sqrt_6_over_M_cubed_v1,networkx_greedy_largest_first_parent_v1,2.5.2,3.6.1,0783f79304812e778eacff0f77f3d7af735164a5b14a715829b3573d0e6b3596,75aef407e0a6112f8353f58de20872b23a5c6f4246c5228d2a3e671c48df21b4
19,361,1.0,8,16,693,8,sparse_syk_majorana_v1,enumerate_lt_2m_else_binomial_rejection_v1,gaussian_std_sqrt_6_over_M_cubed_v1,networkx_greedy_largest_first_parent_v1,2.5.2,3.6.1,724d376f65c2e8244b1d029a9b8d92dcf98677b6e1947ccd10d2174385b90400,eeb7c1e5ed3ac11e2d7e01210228e1a667439d0a3d404bb2786b51dca4f30e27
19,361,1.0,9,18,742,9,sparse_syk_majorana_v1,enumerate_lt_2m_else_binomial_rejection_v1,gaussian_std_sqrt_6_over_M_cubed_v1,networkx_greedy_largest_first_parent_v1,2.5.2,3.6.1,ae034da86dbbae97a07ed705a7666bdd8661e5fd828f07b1685bd1ffcb4b31e7,d90c9ea51047cbf25ca632fab3d907ede10fcf16ca5a27355e6441ccd028e829
19,361,2.0,0,32,1491,0,sparse_syk_majorana_v1,enumerate_lt_2m_else_binomial_rejection_v1,gaussian_std_sqrt_6_over_M_cubed_v1,networkx_greedy_largest_first_parent_v1,2.5.2,3.6.1,641f2c61df077450e18c8044e124d94da46771fd013ff86cfc475d3f4b175aaf,8bb359985423cf10e3df03e7d9af85f2f3d61e4e5b2fcc237d2628f38d5794de
19,361,2.0,1,34,1424,1,sparse_syk_majorana_v1,enumerate_lt_2m_else_binomial_rejection_v1,gaussian_std_sqrt_6_over_M_cubed_v1,networkx_greedy_largest_first_parent_v1,2.5.2,3.6.1,e9d9043719a90e0bacc02761e464d09301fa432fc297bbefdc73b550e607b047,a01e5a7013484794d8706a9c42321c8bcf73b8f6e73efda3fb29bdd3b093fe40
19,361,2.0,2,30,1449,2,sparse_syk_majorana_v1,enumerate_lt_2m_else_binomial_rejection_v1,gaussian_std_sqrt_6_over_M_cubed_v1,networkx_greedy_largest_first_parent_v1,2.5.2,3.6.1,4325009ff9b557fcac61fada84404bb994bec8b87402cc251df1f9f4e93ddfa6,c46f80e11a3b1fea16bb9ddea39e60e86aff392547b1939c12d082ccecd47b06
19,361,2.0,3,28,1435,3,sparse_syk_majorana_v1,enumerate_lt_2m_else_binomial_rejection_v1,gaussian_std_sqrt_6_over_M_cubed_v1,networkx_greedy_largest_first_parent_v1,2.5.2,3.6.1,6841a71a1c260698fb1efa0fc7784362b43144e713c6074833587db8f83c7970,e8961a20ff0f066736852504a14c5a573467f83b2117f6e064ef3e9d1b2e3b5b
19,361,2.0,4,32,1518,4,sparse_syk_majorana_v1,enumerate_lt_2m_else_binomial_rejection_v1,gaussian_std_sqrt_6_over_M_cubed_v1,networkx_greedy_largest_first_parent_v1,2.5.2,3.6.1,ab657aa1defaa73adc328c295e4a5c7c8cf8c0a7d02cb6e35807e767ee260326,d188823b63e529bf2da15143ff0ceb6cd20bb794defaff1f563268a01faf2870
19,361,2.0,5,28,1418,5,sparse_syk_majorana_v1,enumerate_lt_2m_else_binomial_rejection_v1,gaussian_std_sqrt_6_over_M_cubed_v1,networkx_greedy_largest_first_parent_v1,2.5.2,3.6.1,1b2c4d9131e33fe53b04344e4094176de423e304d23d4c8ea926808f6021b832,c9206497fa5a12ff7fe19b9ac9704382b3ff986bfc993e4e8afce3699e872628
19,361,2.0,6,29,1475,6,sparse_syk_majorana_v1,enumerate_lt_2m_else_binomial_rejection_v1,gaussian_std_sqrt_6_over_M_cubed_v1,networkx_greedy_largest_first_parent_v1,2.5.2,3.6.1,13d2514c0f49be56c40264d56505f11b1e011f4f21c4e1495eefd45628bfb0d8,b9c8df0cc220c7fcee8ccc7123d8105bd0ffe01538a28ac8fdd4ee93f810064f
19,361,2.0,7,29,1441,7,sparse_syk_majorana_v1,enumerate_lt_2m_else_binomial_rejection_v1,gaussian_std_sqrt_6_over_M_cubed_v1,networkx_greedy_largest_first_parent_v1,2.5.2,3.6.1,8314d7e9da869c55f6e7a9913b005771189c5ea95b090d5deb2a2c771415f2c1,7a6eaf8f28f7c6cce71a6469d5dacbaf9af09ef212c71208378b3c1129070741
19,361,2.0,8,28,1402,8,sparse_syk_majorana_v1,enumerate_lt_2m_else_binomial_rejection_v1,gaussian_std_sqrt_6_over_M_cubed_v1,networkx_greedy_largest_first_parent_v1,2.5.2,3.6.1,2e0082871271e94f05d14b0e727f6ef1261c51df7e68963bfe8fc9e14ecaab2f,b5ec799a21d28347a3d54eebc54679ee2f059f98f77cf4b835562741a612647e
19,361,2.0,9,30,1465,9,sparse_syk_majorana_v1,enumerate_lt_2m_else_binomial_rejection_v1,gaussian_std_sqrt_6_over_M_cubed_v1,networkx_greedy_largest_first_parent_v1,2.5.2,3.6.1,dda33f77ef669586e8a06b2873feff721cd85770cf6240ea8e1e6689fd3da893,c89e89e32162180af992cfcaacbede9ef04d61b689ba47d1797849b91fef032f
19,361,3.0,0,43,2224,0,sparse_syk_majorana_v1,enumerate_lt_2m_else_binomial_rejection_v1,gaussian_std_sqrt_6_over_M_cubed_v1,networkx_greedy_largest_first_parent_v1,2.5.2,3.6.1,5311b0c0f84706058f8da4d74fe615d540ac422066187e27acb25f7c25c06400,24a5315b7873e80e989f1a4b362f68f63d9e3f0b233578c5cefd1504e4b7f0fd
19,361,3.0,1,39,2141,1,sparse_syk_majorana_v1,enumerate_lt_2m_else_binomial_rejection_v1,gaussian_std_sqrt_6_over_M_cubed_v1,networkx_greedy_largest_first_parent_v1,2.5.2,3.6.1,c8e3e501f3fd28857bcff01ad8ca78d408d45be2f8077139590881fecadf1ba3,a4f0ef704f3d6898ff60899364eca9b829200431656bc1a985492c5ed287bf9b
19,361,3.0,2,40,2171,2,sparse_syk_majorana_v1,enumerate_lt_2m_else_binomial_rejection_v1,gaussian_std_sqrt_6_over_M_cubed_v1,networkx_greedy_largest_first_parent_v1,2.5.2,3.6.1,e6457aae7e40b1adb060cfc951c102eeada828e208a3457bff64d9c790675790,0e2db2b7c7a475e188a15ffc657645678ab766af003a9b529ee6e20baf8f500b
19,361,3.0,3,42,2154,3,sparse_syk_majorana_v1,enumerate_lt_2m_else_binomial_rejection_v1,gaussian_std_sqrt_6_over_M_cubed_v1,networkx_greedy_largest_first_parent_v1,2.5.2,3.6.1,a9c130b51ca0b7850288a1dbb27f2dba365787d1205919c71fae69a8f3b4fc23,022d106804c59f6f3a9fb3d5ca470f63ca3132434a5b60737a2b83151b35c742
19,361,3.0,4,43,2256,4,sparse_syk_majorana_v1,enumerate_lt_2m_else_binomial_rejection_v1,gaussian_std_sqrt_6_over_M_cubed_v1,networkx_greedy_largest_first_parent_v1,2.5.2,3.6.1,79979a9b1423763f41903137e57de05edb0c4881d342accf6a46b78e84896ada,aa9206db510e2322d7708c9627f2521f994539de688276684a9251160798390b
19,361,3.0,5,40,2129,5,sparse_syk_majorana_v1,enumerate_lt_2m_else_binomial_rejection_v1,gaussian_std_sqrt_6_over_M_cubed_v1,networkx_greedy_largest_first_parent_v1,2.5.2,3.6.1,1bd70687e1180f25088a484a314c81e76cbff846a613722e95d9a9e4aa1770d3,272b96a7522a04269d1f00c394b95d81cf9c6483b946d69a2feb3f9a49d58d7b
19,361,3.0,6,41,2203,6,sparse_syk_majorana_v1,enumerate_lt_2m_else_binomial_rejection_v1,gaussian_std_sqrt_6_over_M_cubed_v1,networkx_greedy_largest_first_parent_v1,2.5.2,3.6.1,f5dad7c97b7d95c93bde9d637306e44a75cfb9633edc6288877925d37535c660,28c5a0fd34be799247031885524ced421dc83ab8a26099b3aed7cfd56825fda5
19,361,3.0,7,40,2161,7,sparse_syk_majorana_v1,enumerate_lt_2m_else_binomial_rejection_v1,gaussian_std_sqrt_6_over_M_cubed_v1,networkx_greedy_largest_first_parent_v1,2.5.2,3.6.1,bfc5bff593286b0f8e31d819f8a95355ec9b0afa1100570e973150412048fdb3,13f78cc7045531b759d2039c93850925cf964844ade3e26b14aaabac78f1612a
19,361,3.0,8,39,2113,8,sparse_syk_majorana_v1,enumerate_lt_2m_else_binomial_rejection_v1,gaussian_std_sqrt_6_over_M_cubed_v1,networkx_greedy_largest_first_parent_v1,2.5.2,3.6.1,c615519b0ce9897ab1f97ebb8360fd7eef34ff8e2fd642a90d729af4cc73ea62,3972afdc93ce2d7ceea3c42689bba22eaaede164fd95d1da5e7bffed47e80381
19,361,3.0,9,41,2189,9,sparse_syk_majorana_v1,enumerate_lt_2m_else_binomial_rejection_v1,gaussian_std_sqrt_6_over_M_cubed_v1,networkx_greedy_largest_first_parent_v1,2.5.2,3.6.1,3109b612e66a2f76dce45de807ccf51d51262d301f98bc1e4e3d70b6d0ad1ab8,c6e9d6e422162e5aa48f7dc9f02e580f5b38e803abc8d2b0dc9372bf5fc0ee31
20,400,0.5,0,11,426,0,sparse_syk_majorana_v1,enumerate_lt_2m_else_binomial_rejection_v1,gaussian_std_sqrt_6_over_M_cubed_v1,networkx_greedy_largest_first_parent_v1,2.5.2,3.6.1,8cf62f5a47c6a7f7238fedffccdb703acf005669fcc878ca23b23b7fe3910cb8,ceefe13eb529f9f10df9fac74af0adaf8732e2dff75be1232f411e047631d2b0
20,400,0.5,1,11,392,1,sparse_syk_majorana_v1,enumerate_lt_2m_else_binomial_rejection_v1,gaussian_std_sqrt_6_over_M_cubed_v1,networkx_greedy_largest_first_parent_v1,2.5.2,3.6.1,554ed19e0f6873df625ba4cd5c696b10dbbe9c0c7c37fd24cec4d2c6480beb13,71f9b3f49ed8dbf8f32368d1a0fb203876d13d8c222b8a65dccc364656bedb63
20,400,0.5,2,10,403,2,sparse_syk_majorana_v1,enumerate_lt_2m_else_binomial_rejection_v1,gaussian_std_sqrt_6_over_M_cubed_v1,networkx_greedy_largest_first_parent_v1,2.5.2,3.6.1,9375946f363c4c319f7e035f70fcb4ce333e3ea2d262078af08bce6d12eca748,256b1ef6112be09e479f4de875bfec360075fb7fe95b532eae1865537769b9e2
20,400,0.5,3,11,396,3,sparse_syk_majorana_v1,enumerate_lt_2m_else_binomial_rejection_v1,gaussian_std_sqrt_6_over_M_cubed_v1,networkx_greedy_largest_first_parent_v1,2.5.2,3.6.1,82a5146c58fc6c0a0c9ede7f88e8595ef2d34331916cca964f8ec37492dc3b80,4f922fe4a9999ffd261a51207981b53b900d9e9bf1ce5f6489edc1479a2938d6
20,400,0.5,4,12,354,4,sparse_syk_majorana_v1,enumerate_lt_2m_else_binomial_rejection_v1,gaussian_std_sqrt_6_over_M_cubed_v1,networkx_greedy_largest_first_parent_v1,2.5.2,3.6.1,4b37484ffdec8bd2f20ecfe3f639177907b033ff8ea66f0c9acaeb3ffeaa0491,6227ef5ce227a066310640ad20c3e6c89649a0dfcbd38e8cdf8f1a78f0ab8b4c
20,400,0.5,5,11,418,5,sparse_syk_majorana_v1,enumerate_lt_2m_else_binomial_rejection_v1,gaussian_std_sqrt_6_over_M_cubed_v1,networkx_greedy_largest_first_parent_v1,2.5.2,3.6.1,eef2e47417b00e73cca89189061f668b22cfa365acd4e637c6905dae214492f8,5a52fa1a22e2948fd2f6b803171a953116a00dd118e5d84fb05f762f9c714dee
20,400,0.5,6,13,417,6,sparse_syk_majorana_v1,enumerate_lt_2m_else_binomial_rejection_v1,gaussian_std_sqrt_6_over_M_cubed_v1,networkx_greedy_largest_first_parent_v1,2.5.2,3.6.1,afe6237a93f99f1704138ad618c814758bc8469066883869717c0e0778b53687,710c0e786a34fc712b2c63a022e698de4a22000b77baa1c62dd815907c383db5
20,400,0.5,7,11,401,7,sparse_syk_majorana_v1,enumerate_lt_2m_else_binomial_rejection_v1,gaussian_std_sqrt_6_over_M_cubed_v1,networkx_greedy_largest_first_parent_v1,2.5.2,3.6.1,fe5ad9c21d3c4e4e74e97d5e7794e6ae83f722d3c60c5fe66fcd455d2b2e37dc,2a2a6d8adacdca869fced5cd255e64cc6795b543a5b8abafa5ea423306922e0a
20,400,0.5,8,10,380,8,sparse_syk_majorana_v1,enumerate_lt_2m_else_binomial_rejection_v1,gaussian_std_sqrt_6_over_M_cubed_v1,networkx_greedy_largest_first_parent_v1,2.5.2,3.6.1,96c287658b24b04a816757af19481142fa2dc99b58e669ce2a5f33f89a6c37f3,57fa3b46ceb1212d53cce9f9ec3567c07ecd91c70baafa8ce0ba7b380236b87f
20,400,0.5,9,10,419,9,sparse_syk_majorana_v1,enumerate_lt_2m_else_binomial_rejection_v1,gaussian_std_sqrt_6_over_M_cubed_v1,networkx_greedy_largest_first_parent_v1,2.5.2,3.6.1,4d854586283a36f0543de3bbaf2b6ace712abb6ae789dadfddc3d7f929aeb384,2065f379c0c237bcfb07fc374153c96c99d9d85b998446abee99f43c94d9ffae
20,400,1.0,0,18,836,0,sparse_syk_majorana_v1,enumerate_lt_2m_else_binomial_rejection_v1,gaussian_std_sqrt_6_over_M_cubed_v1,networkx_greedy_largest_first_parent_v1,2.5.2,3.6.1,dbe43cc0dce83e70549bd411f38bbe163c237c1f0877ffca0c8182b84775e983,620b1975557cfbc3fcf9cf142ec16884ac1c06c057913668be0badfec7c27b87
20,400,1.0,1,17,786,1,sparse_syk_majorana_v1,enumerate_lt_2m_else_binomial_rejection_v1,gaussian_std_sqrt_6_over_M_cubed_v1,networkx_greedy_largest_first_parent_v1,2.5.2,3.6.1,c5955288c0c6218a3ce3837fa90860cfabe8f4c2b947017dcf8168181332120c,9edd0e026d0863c00b302938e1b6c9b21de1a47acee09e1a9ba71dddc8867bae
20,400,1.0,2,17,804,2,sparse_syk_majorana_v1,enumerate_lt_2m_else_binomial_rejection_v1,gaussian_std_sqrt_6_over_M_cubed_v1,networkx_greedy_largest_first_parent_v1,2.5.2,3.6.1,5f280dcd1b17e7073c8f7a5bc9ee0acea66b3f40b4988ae8da9c398645871d26,c117db126214364aa49a91810f7e35dcc9f0ad538f18b0308d242b7e1cbe301b
20,400,1.0,3,17,793,3,sparse_syk_majorana_v1,enumerate_lt_2m_else_binomial_rejection_v1,gaussian_std_sqrt_6_over_M_cubed_v1,networkx_greedy_largest_first_parent_v1,2.5.2,3.6.1,04640484addfb54021806829e6e60c8fe65be03a5c2a71870205d1210fbc8e5e,8f93ce8c3f556edca924c171dc4d26676fba18011d043b4107f0374a7f13c623
20,400,1.0,4,19,857,4,sparse_syk_majorana_v1,enumerate_lt_2m_else_binomial_rejection_v1,gaussian_std_sqrt_6_over_M_cubed_v1,networkx_greedy_largest_first_parent_v1,2.5.2,3.6.1,ac29c59830d42691cb944eb8b6e27482b0086dd49de94e176f286ad33be25d32,00fd9a82e32dc2bbb428029e9d04de776718dbd9e0e961ec5d1337b5f826482c
20,400,1.0,5,20,787,5,sparse_syk_majorana_v1,enumerate_lt_2m_else_binomial_rejection_v1,gaussian_std_sqrt_6_over_M_cubed_v1,networkx_greedy_largest_first_parent_v1,2.5.2,3.6.1,5004f6638d914818d058b5fc2416b81b33a31076cdbba17e3d01698a8ef79d1b,f4044b7034dae5a1a87c075d8b8d8c1ac311081211273dd7daeaf9485c765ba0
20,400,1.0,6,18,823,6,sparse_syk_majorana_v1,enumerate_lt_2m_else_binomial_rejection_v1,gaussian_std_sqrt_6_over_M_cubed_v1,networkx_greedy_largest_first_parent_v1,2.5.2,3.6.1,71940bdf1b8b78ed8426aa900fdcdc99e7cd5bfbe3af2fb0259ca1ed23dd0aea,ef964193a9afaac84011b0e77fb47a1456cb93cbfca31b3aa84cf1373db18186
20,400,1.0,7,17,799,7,sparse_syk_majorana_v1,enumerate_lt_2m_else_binomial_rejection_v1,gaussian_std_sqrt_6_over_M_cubed_v1,networkx_greedy_largest_first_parent_v1,2.5.2,3.6.1,cfb3d77b9a68d465612ea1dfd520d478ea89e87657bef9372dd09ef25896e020,b42f00a1c8ccbe47092fc9b0abab6670378837a83075b9a636374f61808e5159
20,400,1.0,8,17,769,8,sparse_syk_majorana_v1,enumerate_lt_2m_else_binomial_rejection_v1,gaussian_std_sqrt_6_over_M_cubed_v1,networkx_greedy_largest_first_parent_v1,2.5.2,3.6.1,be9c9121cb8ab77e432dc6bc456b653b30578478e7f555a9da4a8bbda311e189,11de4de314499013f1f97a93d4452f34d7b1bc41d1a230511de5c2d0a6d5ec3e
20,400,1.0,9,17,820,9,sparse_syk_majorana_v1,enumerate_lt_2m_else_binomial_rejection_v1,gaussian_std_sqrt_6_over_M_cubed_v1,networkx_greedy_largest_first_parent_v1,2.5.2,3.6.1,21d6bc2a3b0d2f89815e68035ef39707317657c3b997de3c5af098a05f1b252e,8cc6a826c3df80a4779f0ed573e9d5885108cedb9970bab9b5183eb153230ce1
20,400,2.0,0,30,1650,0,sparse_syk_majorana_v1,enumerate_lt_2m_else_binomial_rejection_v1,gaussian_std_sqrt_6_over_M_cubed_v1,networkx_greedy_largest_first_parent_v1,2.5.2,3.6.1,ff494672f1e73fa35e66e17c6cfb082eaf380c4d9c15e71b3e57cd3e62d0c01d,77ea5009273014b74b724952d1608c8b9d2bdf71ca04156a6adaa183440a1229
20,400,2.0,1,30,1579,1,sparse_syk_majorana_v1,enumerate_lt_2m_else_binomial_rejection_v1,gaussian_std_sqrt_6_over_M_cubed_v1,networkx_greedy_largest_first_parent_v1,2.5.2,3.6.1,3f2311a2805816ccbb91bd8dc65c9e191e584dbf2400afe7fac7759aa26cd1dc,e63fa4811038f81b267d06950a15b50eb1eda2686d8deea84c66dc295c2f9a24
20,400,2.0,2,30,1605,2,sparse_syk_majorana_v1,enumerate_lt_2m_else_binomial_rejection_v1,gaussian_std_sqrt_6_over_M_cubed_v1,networkx_greedy_largest_first_parent_v1,2.5.2,3.6.1,523617e6253e6edbbc60181f6ad4a7f5667f599f0140ff355dfeeea9120edc75,7b3a765470fd9a38460f4c21321df62b075c00f7c8b15b290b7d710f3cd61385
20,400,2.0,3,31,1590,3,sparse_syk_majorana_v1,enumerate_lt_2m_else_binomial_rejection_v1,gaussian_std_sqrt_6_over_M_cubed_v1,networkx_greedy_largest_first_parent_v1,2.5.2,3.6.1,b5cf5627d111b5b623054fc9d4fbfac33e72dbd387243fd9281df6cb074287a7,4155a49fdf85cb592c4e9c77661adb79f4521a1dc7014dc0f9f3a0a7ffe7c447
20,400,2.0,4,31,1678,4,sparse_syk_majorana_v1,enumerate_lt_2m_else_binomial_rejection_v1,gaussian_std_sqrt_6_over_M_cubed_v1,networkx_greedy_largest_first_parent_v1,2.5.2,3.6.1,fc4eec768210cc0950027b910f7f55caca4b35d1234e6911d30bbddc01ba8ac5,c5becceb7da1f5d7028bdfec6995a616f1fbe8e15503ae4edb4da53ff5d6d7d7
20,400,2.0,5,29,1571,5,sparse_syk_majorana_v1,enumerate_lt_2m_else_binomial_rejection_v1,gaussian_std_sqrt_6_over_M_cubed_v1,networkx_greedy_largest_first_parent_v1,2.5.2,3.6.1,98e160a73fdd263f2b8ebcc22e8106642c48dd5de2deacc7272d0bfbc20feba2,06f363062dcb7429960e010301906504368db587d66c63f7ebe1d5a158fbd9b5
20,400,2.0,6,30,1632,6,sparse_syk_majorana_v1,enumerate_lt_2m_else_binomial_rejection_v1,gaussian_std_sqrt_6_over_M_cubed_v1,networkx_greedy_largest_first_parent_v1,2.5.2,3.6.1,5c49b9f4e9a697b3a7ed254b5e2cac74210808b9af416dfa50f49126029c2db7,8f8f2dbf8b7af9ce69dec6d0457bf2a9ba048c518fc5ccf947696b9b7dda4d53
20,400,2.0,7,28,1596,7,sparse_syk_majorana_v1,enumerate_lt_2m_else_binomial_rejection_v1,gaussian_std_sqrt_6_over_M_cubed_v1,networkx_greedy_largest_first_parent_v1,2.5.2,3.6.1,d4f8c35c25bfe6d8a92afbfe4be00dc6601743f1ab45834d59c71b421c0b6c09,4f593571c5d2ff2d48304ca66caa919edf0f37b83b95bd3f40311d9df44e5e38
20,400,2.0,8,27,1555,8,sparse_syk_majorana_v1,enumerate_lt_2m_else_binomial_rejection_v1,gaussian_std_sqrt_6_over_M_cubed_v1,networkx_greedy_largest_first_parent_v1,2.5.2,3.6.1,fc2fd63b6d73471a95854f6c2d219592986ba0bca740e20294e729d3f895ad63,ff8dbfe4a227ad7bab64e272d2a67ca972b3bdff8fe27c1809746ca17c4ae614
20,400,2.0,9,32,1621,9,sparse_syk_majorana_v1,enumerate_lt_2m_else_binomial_rejection_v1,gaussian_std_sqrt_6_over_M_cubed_v1,networkx_greedy_largest_first_parent_v1,2.5.2,3.6.1,f31d2570744a9b387b167aaa87bf43bc1ac79f45899050095237a4103f972b91,ce74a5b93fbe57934f0066906e8263fdc4e2e1a89dc3b0bcd19ee65f2028349f
20,400,3.0,0,41,2460,0,sparse_syk_majorana_v1,enumerate_lt_2m_else_binomial_rejection_v1,gaussian_std_sqrt_6_over_M_cubed_v1,networkx_greedy_largest_first_parent_v1,2.5.2,3.6.1,1ec691e0269d4b931d28ea3c1f610dfd68f96a61bbcd4133a6b327234fd9aa85,46416ba65501dd200e736416f4a46fd6b855090ead2eddd288caec054e610840
20,400,3.0,1,40,2373,1,sparse_syk_majorana_v1,enumerate_lt_2m_else_binomial_rejection_v1,gaussian_std_sqrt_6_over_M_cubed_v1,networkx_greedy_largest_first_parent_v1,2.5.2,3.6.1,e836b0d193632166a27e8b833fcfce7f897c6663867b1c8f55ed5c108fb897b7,66805af506773b66543fa7cada8e639310f71896b9ec2d692b841ee618c64152
20,400,3.0,2,42,2406,2,sparse_syk_majorana_v1,enumerate_lt_2m_else_binomial_rejection_v1,gaussian_std_sqrt_6_over_M_cubed_v1,networkx_greedy_largest_first_parent_v1,2.5.2,3.6.1,7c8b815cf7acd80fdfc2a2ce4ef83cda992b6c0f5627a3ffe4e97971d696ad49,489700ba8baad448870a86121b26e59f90ed614ade726bd970c4e5341503ab64
20,400,3.0,3,42,2388,3,sparse_syk_majorana_v1,enumerate_lt_2m_else_binomial_rejection_v1,gaussian_std_sqrt_6_over_M_cubed_v1,networkx_greedy_largest_first_parent_v1,2.5.2,3.6.1,6e334cebb1d0244552f26009dc2638bf62bfa3b2095a4ec3cf47cd8761cf2883,15b60593ad282c03fc4aa8d8290d9acbbcc25fb045cd0ea2d6225fa4b7cdce4f
20,400,3.0,4,43,2494,4,sparse_syk_majorana_v1,enumerate_lt_2m_else_binomial_rejection_v1,gaussian_std_sqrt_6_over_M_cubed_v1,networkx_greedy_largest_first_parent_v1,2.5.2,3.6.1,863816bb05e0398ee3f1f9344cc764bea23bca6b7da2d819f5b2fd41d2bb5076,13200743121f05bd11c871a85c588817c26bfb8eeaa18f8cbce7cdcf9fa8b11d
20,400,3.0,5,41,2442,5,sparse_syk_majorana_v1,enumerate_lt_2m_else_binomial_rejection_v1,gaussian_std_sqrt_6_over_M_cubed_v1,networkx_greedy_largest_first_parent_v1,2.5.2,3.6.1,fcf3a7c70990efcc9e188b18a1ce0e66274139908c853ed9f133c7340176656c,81676e756a0f1b35d78a4d278eb4624ec8dd36580bcb97939445412c580102d9
20,400,3.0,6,41,2439,6,sparse_syk_majorana_v1,enumerate_lt_2m_else_binomial_rejection_v1,gaussian_std_sqrt_6_over_M_cubed_v1,networkx_greedy_largest_first_parent_v1,2.5.2,3.6.1,39b4e7ef0572de9900f3bbe6c9a40c585fe31b453f3d839e169642a8a381fd9a,00860e6145193929d958750e15998ae09bc5a31bd14c1fa074d317b30c1662bc
20,400,3.0,7,39,2395,7,sparse_syk_majorana_v1,enumerate_lt_2m_else_binomial_rejection_v1,gaussian_std_sqrt_6_over_M_cubed_v1,networkx_greedy_largest_first_parent_v1,2.5.2,3.6.1,16d5f55f2c365dfd359826f2a8c29ad29e4870ae841ea5d8941d964559092139,24da1fdd4107959c626585347bc5ddd514a2ef9c5b617ddbad128267f4d58fcb
20,400,3.0,8,38,2344,8,sparse_syk_majorana_v1,enumerate_lt_2m_else_binomial_rejection_v1,gaussian_std_sqrt_6_over_M_cubed_v1,networkx_greedy_largest_first_parent_v1,2.5.2,3.6.1,717aabb277575c98ed0f76dcc610d40014c11c99f1519beea2378e48d4d4229d,b4846bf6c72406700ece130babc83b44f6fa2394079129d97dbac4fa171109ae
20,400,3.0,9,40,2423,9,sparse_syk_majorana_v1,enumerate_lt_2m_else_binomial_rejection_v1,gaussian_std_sqrt_6_over_M_cubed_v1,networkx_greedy_largest_first_parent_v1,2.5.2,3.6.1,a30057887495afdb05cc7d25eac2c941b7e394036f7b0886c708e6acbd2868ab,51d7119cf2571b1544a75998f62c681388712ff25d8f655a7e5301bb1f16d79e
