L,N,k,instance_idx,baseline,n_colors,n_quartets,n_ancillas,total_qubits,cnot_depth,fp_cnot_depth,interaction_cnot_depth,total_2q_gates,total_cnots,total_idle_slots,spacetime_volume,p_2q,p_idle,mult_fidelity
4,16,1.0,0,naive_pauli,15,38,0,16,536,0,536,536,536,7504,8576,0.001,0.0001,0.27617910258844064
4,16,1.0,0,naive_pauli,15,38,0,16,536,0,536,536,536,7504,8576,0.0001,1e-05,0.8792877665744342
4,16,1.0,0,naive_pauli,15,38,0,16,536,0,536,536,536,7504,8576,1e-05,1.0000000000000002e-06,0.9872183574297547
4,16,1.0,0,1d,15,38,0,16,753,652,101,1424,2648,3984,12048,0.001,0.0001,0.16151901612435635
4,16,1.0,0,1d,15,38,0,16,753,652,101,1424,2648,3984,12048,0.0001,1e-05,0.8333951998948036
4,16,1.0,0,1d,15,38,0,16,753,652,101,1424,2648,3984,12048,1e-05,1.0000000000000002e-06,0.9819409810549256
4,16,1.0,0,ancilla,15,38,4,20,3921,3820,101,9540,10300,54140,78420,0.001,0.0001,3.1869098572627827e-07
4,16,1.0,0,ancilla,15,38,4,20,3921,3820,101,9540,10300,54140,78420,0.0001,1e-05,0.22414762361575855
4,16,1.0,0,ancilla,15,38,4,20,3921,3820,101,9540,10300,54140,78420,1e-05,1.0000000000000002e-06,0.8611035591107807
4,16,1.0,0,primitive,15,38,0,16,3141,3040,101,7980,8740,30136,50256,0.001,0.0001,1.6739433207601807e-05
4,16,1.0,0,primitive,15,38,0,16,3141,3040,101,7980,8740,30136,50256,0.0001,1e-05,0.3330703968244201
4,16,1.0,0,primitive,15,38,0,16,3141,3040,101,7980,8740,30136,50256,1e-05,1.0000000000000002e-06,0.8958910995531391
4,16,1.0,0,pipelined,15,38,0,16,2721,2620,101,7260,8020,24856,43536,0.001,0.0001,5.833217616353685e-05
4,16,1.0,0,pipelined,15,38,0,16,2721,2620,101,7260,8020,24856,43536,0.0001,1e-05,0.3773441869770827
4,16,1.0,0,pipelined,15,38,0,16,2721,2620,101,7260,8020,24856,43536,1e-05,1.0000000000000002e-06,0.9071419143678281
4,16,1.0,1,naive_pauli,15,38,0,16,594,0,594,594,594,8316,9504,0.001,0.0001,0.2402827843998609
4,16,1.0,1,naive_pauli,15,38,0,16,594,0,594,594,594,8316,9504,0.0001,1e-05,0.8671325884836398
4,16,1.0,1,naive_pauli,15,38,0,16,594,0,594,594,594,8316,9504,1e-05,1.0000000000000002e-06,0.9858451022220667
4,16,1.0,1,1d,15,38,0,16,837,728,109,1766,3328,4036,13392,0.001,0.0001,0.11412011208677059
4,16,1.0,1,1d,15,38,0,16,837,728,109,1766,3328,4036,13392,0.0001,1e-05,0.8049548964484515
4,16,1.0,1,1d,15,38,0,16,837,728,109,1766,3328,4036,13392,1e-05,1.0000000000000002e-06,0.9785375769095981
4,16,1.0,1,ancilla,15,38,4,20,3973,3864,109,9670,10556,54480,79460,0.001,0.0001,2.704683789772515e-07
4,16,1.0,1,ancilla,15,38,4,20,3973,3864,109,9670,10556,54480,79460,0.0001,1e-05,0.2205014347664351
4,16,1.0,1,ancilla,15,38,4,20,3973,3864,109,9670,10556,54480,79460,1e-05,1.0000000000000002e-06,0.8596925009189287
4,16,1.0,1,primitive,15,38,0,16,3193,3084,109,8110,8996,30356,51088,0.001,0.0001,1.4378025908044041e-05
4,16,1.0,1,primitive,15,38,0,16,3193,3084,109,8110,8996,30356,51088,0.0001,1e-05,0.32804579202435635
4,16,1.0,1,primitive,15,38,0,16,3193,3084,109,8110,8996,30356,51088,1e-05,1.0000000000000002e-06,0.8945303735781643
4,16,1.0,1,pipelined,15,38,0,16,2773,2664,109,7390,8276,25076,44368,0.001,0.0001,5.010334159767405e-05
4,16,1.0,1,pipelined,15,38,0,16,2773,2664,109,7390,8276,25076,44368,0.0001,1e-05,0.3716516804342071
4,16,1.0,1,pipelined,15,38,0,16,2773,2664,109,7390,8276,25076,44368,1e-05,1.0000000000000002e-06,0.9057641000704384
4,16,1.0,2,naive_pauli,14,33,0,16,530,0,530,530,530,7420,8480,0.001,0.0001,0.2801858126581723
4,16,1.0,2,naive_pauli,14,33,0,16,530,0,530,530,530,7420,8480,0.0001,1e-05,0.8805548831583643
4,16,1.0,2,naive_pauli,14,33,0,16,530,0,530,530,530,7420,8480,1e-05,1.0000000000000002e-06,0.9873605274468773
4,16,1.0,2,1d,14,33,0,16,740,646,94,1390,2604,3892,11840,0.001,0.0001,0.16865249477289848
4,16,1.0,2,1d,14,33,0,16,740,646,94,1390,2604,3892,11840,0.0001,1e-05,0.837003401096304
4,16,1.0,2,1d,14,33,0,16,740,646,94,1390,2604,3892,11840,1e-05,1.0000000000000002e-06,0.9823652729140357
4,16,1.0,2,ancilla,14,33,4,20,3684,3590,94,8944,9704,50692,73680,0.001,0.0001,8.167535332649224e-07
4,16,1.0,2,ancilla,14,33,4,20,3684,3590,94,8944,9704,50692,73680,0.0001,1e-05,0.24626003275784297
4,16,1.0,2,ancilla,14,33,4,20,3684,3590,94,8944,9704,50692,73680,1e-05,1.0000000000000002e-06,0.8692430769242933
4,16,1.0,2,primitive,14,33,0,16,2956,2862,94,7488,8248,28240,47296,0.001,0.0001,3.310296484330816e-05
4,16,1.0,2,primitive,14,33,0,16,2956,2862,94,7488,8248,28240,47296,0.0001,1e-05,0.3565649547349941
4,16,1.0,2,primitive,14,33,0,16,2956,2862,94,7488,8248,28240,47296,1e-05,1.0000000000000002e-06,0.9020183742848212
4,16,1.0,2,pipelined,14,33,0,16,2564,2470,94,6816,7576,23312,41024,0.001,0.0001,0.00010614262583929781
4,16,1.0,2,pipelined,14,33,0,16,2564,2470,94,6816,7576,23312,41024,0.0001,1e-05,0.4006146653818012
4,16,1.0,2,pipelined,14,33,0,16,2564,2470,94,6816,7576,23312,41024,1e-05,1.0000000000000002e-06,0.9125865465775211
4,16,1.0,3,naive_pauli,15,34,0,16,548,0,548,548,548,7672,8768,0.001,0.0001,0.2683367532287014
4,16,1.0,3,naive_pauli,15,34,0,16,548,0,548,548,548,7672,8768,0.0001,1e-05,0.8767590009168583
4,16,1.0,3,naive_pauli,15,34,0,16,548,0,548,548,548,7672,8768,1e-05,1.0000000000000002e-06,0.9869340788057335
4,16,1.0,3,1d,15,34,0,16,844,740,104,1754,3314,4076,13504,0.001,0.0001,0.11503740225876541
4,16,1.0,3,1d,15,34,0,16,844,740,104,1754,3314,4076,13504,0.0001,1e-05,0.8055991647478439
4,16,1.0,3,1d,15,34,0,16,844,740,104,1754,3314,4076,13504,1e-05,1.0000000000000002e-06,0.9786158636147542
4,16,1.0,3,ancilla,15,34,4,20,3964,3860,104,9656,10538,54368,79280,0.001,0.0001,2.773728854363132e-07
4,16,1.0,3,ancilla,15,34,4,20,3964,3860,104,9656,10538,54368,79280,0.0001,1e-05,0.22105781581969625
4,16,1.0,3,ancilla,15,34,4,20,3964,3860,104,9656,10538,54368,79280,1e-05,1.0000000000000002e-06,0.8599091713785072
4,16,1.0,3,primitive,15,34,0,16,3184,3080,104,8096,8978,30272,50944,0.001,0.0001,1.4703837103631699e-05
4,16,1.0,3,primitive,15,34,0,16,3184,3080,104,8096,8978,30272,50944,0.0001,1e-05,0.32878146261175184
4,16,1.0,3,primitive,15,34,0,16,3184,3080,104,8096,8978,30272,50944,1e-05,1.0000000000000002e-06,0.8947307714893957
4,16,1.0,3,pipelined,15,34,0,16,2764,2660,104,7376,8258,24992,44224,0.001,0.0001,5.123870118968466e-05
4,16,1.0,3,pipelined,15,34,0,16,2764,2660,104,7376,8258,24992,44224,0.0001,1e-05,0.37248514093484125
4,16,1.0,3,pipelined,15,34,0,16,2764,2660,104,7376,8258,24992,44224,1e-05,1.0000000000000002e-06,0.9059670146265941
4,16,1.0,4,naive_pauli,15,29,0,16,474,0,474,474,474,6636,7584,0.001,0.0001,0.32050085326531297
4,16,1.0,4,naive_pauli,15,29,0,16,474,0,474,474,474,6636,7584,0.0001,1e-05,0.8924697120702584
4,16,1.0,4,naive_pauli,15,29,0,16,474,0,474,474,474,6636,7584,1e-05,1.0000000000000002e-06,0.98868843530377
4,16,1.0,4,1d,15,29,0,16,820,722,98,1442,2720,4460,13120,0.001,0.0001,0.15126170713605408
4,16,1.0,4,1d,15,29,0,16,820,722,98,1442,2720,4460,13120,0.0001,1e-05,0.8279459260089181
4,16,1.0,4,1d,15,29,0,16,820,722,98,1442,2720,4460,13120,1e-05,1.0000000000000002e-06,0.981297037890703
4,16,1.0,4,ancilla,15,29,4,20,3922,3824,98,9516,10288,54168,78440,0.001,0.0001,3.2552322292935307e-07
4,16,1.0,4,ancilla,15,29,4,20,3922,3824,98,9516,10288,54168,78440,0.0001,1e-05,0.22462334728062636
4,16,1.0,4,ancilla,15,29,4,20,3922,3824,98,9516,10288,54168,78440,1e-05,1.0000000000000002e-06,0.8612861334388895
4,16,1.0,4,primitive,15,29,0,16,3142,3044,98,7956,8728,30168,50272,0.001,0.0001,1.7091462228087758e-05
4,16,1.0,4,primitive,15,29,0,16,3142,3044,98,7956,8728,30168,50272,0.0001,1e-05,0.3337639437678181
4,16,1.0,4,primitive,15,29,0,16,3142,3044,98,7956,8728,30168,50272,1e-05,1.0000000000000002e-06,0.8960774653440671
4,16,1.0,4,pipelined,15,29,0,16,2722,2624,98,7236,8008,24888,43552,0.001,0.0001,5.955889743796676e-05
4,16,1.0,4,pipelined,15,29,0,16,2722,2624,98,7236,8008,24888,43552,0.0001,1e-05,0.3781299244967847
4,16,1.0,4,pipelined,15,29,0,16,2722,2624,98,7236,8008,24888,43552,1e-05,1.0000000000000002e-06,0.907330620584956
4,16,1.0,5,naive_pauli,16,42,0,16,626,0,626,626,626,8764,10016,0.001,0.0001,0.22251583046604592
4,16,1.0,5,naive_pauli,16,42,0,16,626,0,626,626,626,8764,10016,0.0001,1e-05,0.8604983606796579
4,16,1.0,5,naive_pauli,16,42,0,16,626,0,626,626,626,8764,10016,1e-05,1.0000000000000002e-06,0.9850882620498737
4,16,1.0,5,1d,16,42,0,16,851,746,105,1714,3194,4220,13616,0.001,0.0001,0.1180226559737057
4,16,1.0,5,1d,16,42,0,16,851,746,105,1714,3194,4220,13616,0.0001,1e-05,0.8076642963793995
4,16,1.0,5,1d,16,42,0,16,851,746,105,1714,3194,4220,13616,1e-05,1.0000000000000002e-06,0.9788664232331223
4,16,1.0,5,ancilla,16,42,4,20,4191,4086,105,10254,11122,57652,83820,0.001,0.0001,1.0979852957782919e-07
4,16,1.0,5,ancilla,16,42,4,20,4191,4086,105,10254,11122,57652,83820,0.0001,1e-05,0.20149833593134475
4,16,1.0,5,ancilla,16,42,4,20,4191,4086,105,10254,11122,57652,83820,1e-05,1.0000000000000002e-06,0.8519797316911946
4,16,1.0,5,primitive,16,42,0,16,3359,3254,105,8590,9458,32036,53744,0.001,0.0001,7.519145504634901e-06
4,16,1.0,5,primitive,16,42,0,16,3359,3254,105,8590,9458,32036,53744,0.0001,1e-05,0.3074617607746592
4,16,1.0,5,primitive,16,42,0,16,3359,3254,105,8590,9458,32036,53744,1e-05,1.0000000000000002e-06,0.8887525350237073
4,16,1.0,5,pipelined,16,42,0,16,2911,2806,105,7822,8690,26404,46576,0.001,0.0001,2.8476093761101578e-05
4,16,1.0,5,pipelined,16,42,0,16,2911,2806,105,7822,8690,26404,46576,0.0001,1e-05,0.3512417898095524
4,16,1.0,5,pipelined,16,42,0,16,2911,2806,105,7822,8690,26404,46576,1e-05,1.0000000000000002e-06,0.9006627441143333
4,16,1.0,6,naive_pauli,17,38,0,16,576,0,576,576,576,8064,9216,0.001,0.0001,0.2508930528702635
4,16,1.0,6,naive_pauli,17,38,0,16,576,0,576,576,576,8064,9216,0.0001,1e-05,0.8708867936759607
4,16,1.0,6,naive_pauli,17,38,0,16,576,0,576,576,576,8064,9216,1e-05,1.0000000000000002e-06,0.9862710803225795
4,16,1.0,6,1d,17,38,0,16,932,824,108,1822,3434,4676,14912,0.001,0.0001,0.10121229986482426
4,16,1.0,6,1d,17,38,0,16,932,824,108,1822,3434,4676,14912,0.0001,1e-05,0.7953529151452775
4,16,1.0,6,1d,17,38,0,16,932,824,108,1822,3434,4676,14912,1e-05,1.0000000000000002e-06,0.977364033033218
4,16,1.0,6,ancilla,17,38,4,20,4450,4342,108,10826,11718,61328,89000,0.001,0.0001,4.2894455069783044e-08
4,16,1.0,6,ancilla,17,38,4,20,4450,4342,108,10826,11718,61328,89000,0.0001,1e-05,0.1834272404318603
4,16,1.0,6,ancilla,17,38,4,20,4450,4342,108,10826,11718,61328,89000,1e-05,1.0000000000000002e-06,0.8440119953654256
4,16,1.0,6,primitive,17,38,0,16,3566,3458,108,9058,9950,34124,57056,0.001,0.0001,3.820601630029007e-06
4,16,1.0,6,primitive,17,38,0,16,3566,3458,108,9058,9950,34124,57056,0.0001,1e-05,0.2873406023142002
4,16,1.0,6,primitive,17,38,0,16,3566,3458,108,9058,9950,34124,57056,1e-05,1.0000000000000002e-06,0.8827577454661287
4,16,1.0,6,pipelined,17,38,0,16,3090,2982,108,8242,9134,28140,49440,0.001,0.0001,1.572491031432041e-05
4,16,1.0,6,pipelined,17,38,0,16,3090,2982,108,8242,9134,28140,49440,0.0001,1e-05,0.3309981079596008
4,16,1.0,6,pipelined,17,38,0,16,3090,2982,108,8242,9134,28140,49440,1e-05,1.0000000000000002e-06,0.8953322270546644
4,16,1.0,7,naive_pauli,14,26,0,16,388,0,388,388,388,5432,6208,0.001,0.0001,0.39399333296296984
4,16,1.0,7,naive_pauli,14,26,0,16,388,0,388,388,388,5432,6208,0.0001,1e-05,0.9110821485656649
4,16,1.0,7,naive_pauli,14,26,0,16,388,0,388,388,388,5432,6208,1e-05,1.0000000000000002e-06,0.9907312004943291
4,16,1.0,7,1d,14,26,0,16,796,712,84,1440,2734,4160,12736,0.001,0.0001,0.15618075107151866
4,16,1.0,7,1d,14,26,0,16,796,712,84,1440,2734,4160,12736,0.0001,1e-05,0.8305996173462118
4,16,1.0,7,1d,14,26,0,16,796,712,84,1440,2734,4160,12736,1e-05,1.0000000000000002e-06,0.9816111034360079
4,16,1.0,7,ancilla,14,26,4,20,3646,3562,84,8894,9634,50312,72920,0.001,0.0001,8.919091639725612e-07
4,16,1.0,7,ancilla,14,26,4,20,3646,3562,84,8894,9634,50312,72920,0.0001,1e-05,0.24843675109975374
4,16,1.0,7,ancilla,14,26,4,20,3646,3562,84,8894,9634,50312,72920,1e-05,1.0000000000000002e-06,0.8700083498419999
4,16,1.0,7,primitive,14,26,0,16,2918,2834,84,7438,8178,27956,46688,0.001,0.0001,3.5803630090815226e-05
4,16,1.0,7,primitive,14,26,0,16,2918,2834,84,7438,8178,27956,46688,0.0001,1e-05,0.35937150586526595
4,16,1.0,7,primitive,14,26,0,16,2918,2834,84,7438,8178,27956,46688,1e-05,1.0000000000000002e-06,0.9027258363632454
4,16,1.0,7,pipelined,14,26,0,16,2526,2442,84,6766,7506,23028,40416,0.001,0.0001,0.00011480214326440498
4,16,1.0,7,pipelined,14,26,0,16,2526,2442,84,6766,7506,23028,40416,0.0001,1e-05,0.4037679352895698
4,16,1.0,7,pipelined,14,26,0,16,2526,2442,84,6766,7506,23028,40416,1e-05,1.0000000000000002e-06,0.9133022973797102
4,16,1.0,8,naive_pauli,12,29,0,16,438,0,438,438,438,6132,7008,0.001,0.0001,0.3494307741062664
4,16,1.0,8,naive_pauli,12,29,0,16,438,0,438,438,438,6132,7008,0.0001,1e-05,0.9002142425149232
4,16,1.0,8,naive_pauli,12,29,0,16,438,0,438,438,438,6132,7008,1e-05,1.0000000000000002e-06,0.9895430332747231
4,16,1.0,8,1d,12,29,0,16,600,516,84,1198,2246,3076,9600,0.001,0.0001,0.22174775526582555
4,16,1.0,8,1d,12,29,0,16,600,516,84,1198,2246,3076,9600,0.0001,1e-05,0.8602208295068212
4,16,1.0,8,1d,12,29,0,16,600,516,84,1198,2246,3076,9600,1e-05,1.0000000000000002e-06,0.9850567143587274
4,16,1.0,8,ancilla,12,29,4,20,3140,3056,84,7638,8262,43364,62800,0.001,0.0001,6.278130063792033e-06
4,16,1.0,8,ancilla,12,29,4,20,3140,3056,84,7638,8262,43364,62800,0.0001,1e-05,0.30195406954938103
4,16,1.0,8,ancilla,12,29,4,20,3140,3056,84,7638,8262,43364,62800,1e-05,1.0000000000000002e-06,0.8871471593742797
4,16,1.0,8,primitive,12,29,0,16,2516,2432,84,6390,7014,24148,40256,0.001,0.0001,0.00014951439537304065
4,16,1.0,8,primitive,12,29,0,16,2516,2432,84,6390,7014,24148,40256,0.0001,1e-05,0.4145701164782645
4,16,1.0,8,primitive,12,29,0,16,2516,2432,84,6390,7014,24148,40256,1e-05,1.0000000000000002e-06,0.915716617625983
4,16,1.0,8,pipelined,12,29,0,16,2180,2096,84,5814,6438,19924,34880,0.001,0.0001,0.0004058980387053315
4,16,1.0,8,pipelined,12,29,0,16,2180,2096,84,5814,6438,19924,34880,0.0001,1e-05,0.45809895092729186
4,16,1.0,8,pipelined,12,29,0,16,2180,2096,84,5814,6438,19924,34880,1e-05,1.0000000000000002e-06,0.9249049526286288
4,16,1.0,9,naive_pauli,9,20,0,16,252,0,252,252,252,3528,4032,0.001,0.0001,0.546105157712186
4,16,1.0,9,naive_pauli,9,20,0,16,252,0,252,252,252,3528,4032,0.0001,1e-05,0.9413112429015763
4,16,1.0,9,naive_pauli,9,20,0,16,252,0,252,252,252,3528,4032,1e-05,1.0000000000000002e-06,0.9939702380591883
4,16,1.0,9,1d,9,20,0,16,457,394,63,938,1762,2284,7312,0.001,0.0001,0.31133656989636005
4,16,1.0,9,1d,9,20,0,16,457,394,63,938,1762,2284,7312,0.0001,1e-05,0.889901225932409
4,16,1.0,9,1d,9,20,0,16,457,394,63,938,1762,2284,7312,1e-05,1.0000000000000002e-06,0.9884037132531466
4,16,1.0,9,ancilla,9,20,4,20,2367,2304,63,5714,6166,32672,47340,0.001,0.0001,0.00012537237150240615
4,16,1.0,9,ancilla,9,20,4,20,2367,2304,63,5714,6166,32672,47340,0.0001,1e-05,0.40732242607215813
4,16,1.0,9,ancilla,9,20,4,20,2367,2304,63,5714,6166,32672,47340,1e-05,1.0000000000000002e-06,0.9141027443917129
4,16,1.0,9,primitive,9,20,0,16,1899,1836,63,4778,5230,18236,30384,0.001,0.0001,0.001354826631673203
4,16,1.0,9,primitive,9,20,0,16,1899,1836,63,4778,5230,18236,30384,0.0001,1e-05,0.5167558274341197
4,16,1.0,9,primitive,9,20,0,16,1899,1836,63,4778,5230,18236,30384,1e-05,1.0000000000000002e-06,0.9361156541422693
4,16,1.0,9,pipelined,9,20,0,16,1647,1584,63,4346,4798,15068,26352,0.001,0.0001,0.00286539291596081
4,16,1.0,9,pipelined,9,20,0,16,1647,1584,63,4346,4798,15068,26352,0.0001,1e-05,0.5569373712116342
4,16,1.0,9,pipelined,9,20,0,16,1647,1584,63,4346,4798,15068,26352,1e-05,1.0000000000000002e-06,0.9431516197244896
6,36,1.0,0,naive_pauli,15,77,0,36,2400,0,2400,2400,2400,81600,86400,0.001,0.0001,2.5891163429515363e-05
6,36,1.0,0,naive_pauli,15,77,0,36,2400,0,2400,2400,2400,81600,86400,0.0001,1e-05,0.34783881533751
6,36,1.0,0,naive_pauli,15,77,0,36,2400,0,2400,2400,2400,81600,86400,1e-05,1.0000000000000002e-06,0.8997843452106294
6,36,1.0,0,1d,15,77,0,36,1703,1588,115,7554,14666,17616,61308,0.001,0.0001,8.966163303501457e-05
6,36,1.0,0,1d,15,77,0,36,1703,1588,115,7554,14666,17616,61308,0.0001,1e-05,0.39392345968175124
6,36,1.0,0,1d,15,77,0,36,1703,1588,115,7554,14666,17616,61308,1e-05,1.0000000000000002e-06,0.9110510130658995
6,36,1.0,0,ancilla,15,77,6,42,5865,5750,115,23578,26614,180484,246330,0.001,0.0001,8.24838498253503e-19
6,36,1.0,0,ancilla,15,77,6,42,5865,5750,115,23578,26614,180484,246330,0.0001,1e-05,0.015564432712424334
6,36,1.0,0,ancilla,15,77,6,42,5865,5750,115,23578,26614,180484,246330,1e-05,1.0000000000000002e-06,0.6595053008651506
6,36,1.0,0,primitive,15,77,0,36,5685,5570,115,22498,25534,143644,204660,0.001,0.0001,9.675257059817633e-17
6,36,1.0,0,primitive,15,77,0,36,5685,5570,115,22498,25534,143644,204660,0.0001,1e-05,0.025063073791813037
6,36,1.0,0,primitive,15,77,0,36,5685,5570,115,22498,25534,143644,204660,1e-05,1.0000000000000002e-06,0.6916846075241921
6,36,1.0,0,pipelined,15,77,0,36,4425,4310,115,20098,23134,103084,159300,0.001,0.0001,6.167047160355628e-14
6,36,1.0,0,pipelined,15,77,0,36,4425,4310,115,20098,23134,103084,159300,0.0001,1e-05,0.04779923465907726
6,36,1.0,0,pipelined,15,77,0,36,4425,4310,115,20098,23134,103084,159300,1e-05,1.0000000000000002e-06,0.7378128654028537
6,36,1.0,1,naive_pauli,15,70,0,36,2132,0,2132,2132,2132,72488,76752,0.001,0.0001,8.420728036058706e-05
6,36,1.0,1,naive_pauli,15,70,0,36,2132,0,2132,2132,2132,72488,76752,0.0001,1e-05,0.39137297041435576
6,36,1.0,1,naive_pauli,15,70,0,36,2132,0,2132,2132,2132,72488,76752,1e-05,1.0000000000000002e-06,0.910457423254655
6,36,1.0,1,1d,15,70,0,36,1767,1654,113,6640,12886,20560,63612,0.001,0.0001,0.00016668162173123888
6,36,1.0,1,1d,15,70,0,36,1767,1654,113,6640,12886,20560,63612,0.0001,1e-05,0.4191048170925771
6,36,1.0,1,1d,15,70,0,36,1767,1654,113,6640,12886,20560,63612,1e-05,1.0000000000000002e-06,0.9167134496752956
6,36,1.0,1,ancilla,15,70,6,42,5841,5728,113,23440,26386,180214,245322,0.001,0.0001,9.728773332717798e-19
6,36,1.0,1,ancilla,15,70,6,42,5841,5728,113,23440,26386,180214,245322,0.0001,1e-05,0.01582338739418404
6,36,1.0,1,ancilla,15,70,6,42,5841,5728,113,23440,26386,180214,245322,1e-05,1.0000000000000002e-06,0.660594387504449
6,36,1.0,1,primitive,15,70,0,36,5661,5548,113,22360,25306,143452,203796,0.001,0.0001,1.1323065207303283e-16
6,36,1.0,1,primitive,15,70,0,36,5661,5548,113,22360,25306,143452,203796,0.0001,1e-05,0.02546019618935308
6,36,1.0,1,primitive,15,70,0,36,5661,5548,113,22360,25306,143452,203796,1e-05,1.0000000000000002e-06,0.692772795661865
6,36,1.0,1,pipelined,15,70,0,36,4401,4288,113,19960,22906,102892,158436,0.001,0.0001,7.217366598271812e-14
6,36,1.0,1,pipelined,15,70,0,36,4401,4288,113,19960,22906,102892,158436,0.0001,1e-05,0.04855660970517366
6,36,1.0,1,pipelined,15,70,0,36,4401,4288,113,19960,22906,102892,158436,1e-05,1.0000000000000002e-06,0.738973624510719
6,36,1.0,2,naive_pauli,13,62,0,36,1884,0,1884,1884,1884,64056,67824,0.001,0.0001,0.00025079794830920544
6,36,1.0,2,naive_pauli,13,62,0,36,1884,0,1884,1884,1884,64056,67824,0.0001,1e-05,0.4364975033388915
6,36,1.0,2,naive_pauli,13,62,0,36,1884,0,1884,1884,1884,64056,67824,1e-05,1.0000000000000002e-06,0.9204467525284928
6,36,1.0,2,1d,13,62,0,36,1525,1428,97,6214,12064,16768,54900,0.001,0.0001,0.0003729773296903269
6,36,1.0,2,1d,13,62,0,36,1525,1428,97,6214,12064,16768,54900,0.0001,1e-05,0.4542480291178259
6,36,1.0,2,1d,13,62,0,36,1525,1428,97,6214,12064,16768,54900,1e-05,1.0000000000000002e-06,0.9241246451532538
6,36,1.0,2,ancilla,13,62,6,42,5087,4990,97,20436,23088,156444,213654,0.001,0.0001,2.1169034807369328e-16
6,36,1.0,2,ancilla,13,62,6,42,5087,4990,97,20436,23088,156444,213654,0.0001,1e-05,0.02710193885861556
6,36,1.0,2,ancilla,13,62,6,42,5087,4990,97,20436,23088,156444,213654,1e-05,1.0000000000000002e-06,0.6971148528896501
6,36,1.0,2,primitive,13,62,0,36,4931,4834,97,19500,22152,124512,177516,0.001,0.0001,1.3160202173748649e-14
6,36,1.0,2,primitive,13,62,0,36,4931,4834,97,19500,22152,124512,177516,0.0001,1e-05,0.04095736087308667
6,36,1.0,2,primitive,13,62,0,36,4931,4834,97,19500,22152,124512,177516,1e-05,1.0000000000000002e-06,0.7265027307054513
6,36,1.0,2,pipelined,13,62,0,36,3839,3742,97,17420,20072,89360,138204,0.001,0.0001,3.5461356990217935e-12
6,36,1.0,2,pipelined,13,62,0,36,3839,3742,97,17420,20072,89360,138204,0.0001,1e-05,0.07166938759276392
6,36,1.0,2,pipelined,13,62,0,36,3839,3742,97,17420,20072,89360,138204,1e-05,1.0000000000000002e-06,0.768310818831876
6,36,1.0,3,naive_pauli,15,74,0,36,2330,0,2330,2330,2330,79220,83880,0.001,0.0001,3.52317848658415e-05
6,36,1.0,3,naive_pauli,15,74,0,36,2330,0,2330,2330,2330,79220,83880,0.0001,1e-05,0.35871911299373693
6,36,1.0,3,naive_pauli,15,74,0,36,2330,0,2330,2330,2330,79220,83880,1e-05,1.0000000000000002e-06,0.9025599574691139
6,36,1.0,3,1d,15,74,0,36,1862,1750,112,7600,14766,20332,67032,0.001,0.0001,6.526176627187664e-05
6,36,1.0,3,1d,15,74,0,36,1862,1750,112,7600,14766,20332,67032,0.0001,1e-05,0.3816088991183057
6,36,1.0,3,1d,15,74,0,36,1862,1750,112,7600,14766,20332,67032,1e-05,1.0000000000000002e-06,0.9081621017405325
6,36,1.0,3,ancilla,15,74,6,42,5890,5778,112,23662,26790,180778,247380,0.001,0.0001,7.363783943413865e-19
6,36,1.0,3,ancilla,15,74,6,42,5890,5778,112,23662,26790,180778,247380,0.0001,1e-05,0.01538892234208085
6,36,1.0,3,ancilla,15,74,6,42,5890,5778,112,23662,26790,180778,247380,1e-05,1.0000000000000002e-06,0.6587578428774824
6,36,1.0,3,primitive,15,74,0,36,5710,5598,112,22582,25710,143872,205560,0.001,0.0001,8.694830380897064e-17
6,36,1.0,3,primitive,15,74,0,36,5710,5598,112,22582,25710,143872,205560,0.0001,1e-05,0.02479681376782158
6,36,1.0,3,primitive,15,74,0,36,5710,5598,112,22582,25710,143872,205560,1e-05,1.0000000000000002e-06,0.6909462797182286
6,36,1.0,3,pipelined,15,74,0,36,4450,4338,112,20182,23310,103312,160200,0.001,0.0001,5.542119313085805e-14
6,36,1.0,3,pipelined,15,74,0,36,4450,4338,112,20182,23310,103312,160200,0.0001,1e-05,0.04729143479889984
6,36,1.0,3,pipelined,15,74,0,36,4450,4338,112,20182,23310,103312,160200,1e-05,1.0000000000000002e-06,0.7370252987168258
6,36,1.0,4,naive_pauli,15,75,0,36,2384,0,2384,2384,2384,81056,85824,0.001,0.0001,2.7779892168114796e-05
6,36,1.0,4,naive_pauli,15,75,0,36,2384,0,2384,2384,2384,81056,85824,0.0001,1e-05,0.3502962781385534
6,36,1.0,4,naive_pauli,15,75,0,36,2384,0,2384,2384,2384,81056,85824,1e-05,1.0000000000000002e-06,0.9004180173810169
6,36,1.0,4,1d,15,75,0,36,1784,1668,116,7274,14110,19652,64224,0.001,0.0001,9.67928245443151e-05
6,36,1.0,4,1d,15,75,0,36,1784,1668,116,7274,14110,19652,64224,0.0001,1e-05,0.3969450761756433
6,36,1.0,4,1d,15,75,0,36,1784,1668,116,7274,14110,19652,64224,1e-05,1.0000000000000002e-06,0.9117473338323473
6,36,1.0,4,ancilla,15,75,6,42,5880,5764,116,23578,26618,180820,246960,0.001,0.0001,7.975830182549724e-19
6,36,1.0,4,ancilla,15,75,6,42,5880,5764,116,23578,26618,180820,246960,0.0001,1e-05,0.015512223717695018
6,36,1.0,4,ancilla,15,75,6,42,5880,5764,116,23578,26618,180820,246960,1e-05,1.0000000000000002e-06,0.6592837441968799
6,36,1.0,4,primitive,15,75,0,36,5700,5584,116,22498,25538,143932,205200,0.001,0.0001,9.400570396907775e-17
6,36,1.0,4,primitive,15,75,0,36,5700,5584,116,22498,25538,143932,205200,0.0001,1e-05,0.02499099562128772
6,36,1.0,4,primitive,15,75,0,36,5700,5584,116,22498,25538,143932,205200,1e-05,1.0000000000000002e-06,0.691485430940436
6,36,1.0,4,pipelined,15,75,0,36,4440,4324,116,20098,23138,103372,159840,0.001,0.0001,5.991960793759624e-14
6,36,1.0,4,pipelined,15,75,0,36,4440,4324,116,20098,23138,103372,159840,0.0001,1e-05,0.04766177021974492
6,36,1.0,4,pipelined,15,75,0,36,4440,4324,116,20098,23138,103372,159840,1e-05,1.0000000000000002e-06,0.737600405787035
6,36,1.0,5,naive_pauli,13,64,0,36,1858,0,1858,1858,1858,63172,66888,0.001,0.0001,0.0002811996898847519
6,36,1.0,5,naive_pauli,13,64,0,36,1858,0,1858,1858,1858,63172,66888,0.0001,1e-05,0.4415197839260589
6,36,1.0,5,naive_pauli,13,64,0,36,1858,0,1858,1858,1858,63172,66888,1e-05,1.0000000000000002e-06,0.9215003477593172
6,36,1.0,5,1d,13,64,0,36,1482,1384,98,5902,11434,16636,53352,0.001,0.0001,0.0005163962533437257
6,36,1.0,5,1d,13,64,0,36,1482,1384,98,5902,11434,16636,53352,0.0001,1e-05,0.4692637303354225
6,36,1.0,5,1d,13,64,0,36,1482,1384,98,5902,11434,16636,53352,1e-05,1.0000000000000002e-06,0.9271348048671341
6,36,1.0,5,ancilla,13,64,6,42,5074,4976,98,20376,22962,156312,213108,0.001,0.0001,2.277743087241087e-16
6,36,1.0,5,ancilla,13,64,6,42,5074,4976,98,20376,22962,156312,213108,0.0001,1e-05,0.02730106129049112
6,36,1.0,5,ancilla,13,64,6,42,5074,4976,98,20376,22962,156312,213108,1e-05,1.0000000000000002e-06,0.6976253299119131
6,36,1.0,5,primitive,13,64,0,36,4918,4820,98,19440,22026,124416,177048,0.001,0.0001,1.4109210182520435e-14
6,36,1.0,5,primitive,13,64,0,36,4918,4820,98,19440,22026,124416,177048,0.0001,1e-05,0.04124343100212816
6,36,1.0,5,primitive,13,64,0,36,4918,4820,98,19440,22026,124416,177048,1e-05,1.0000000000000002e-06,0.7270085548275633
6,36,1.0,5,pipelined,13,64,0,36,3826,3728,98,17360,19946,89264,137736,0.001,0.0001,3.801854504411895e-12
6,36,1.0,5,pipelined,13,64,0,36,3826,3728,98,17360,19946,89264,137736,0.0001,1e-05,0.07216996845344284
6,36,1.0,5,pipelined,13,64,0,36,3826,3728,98,17360,19946,89264,137736,1e-05,1.0000000000000002e-06,0.7688457516394478
6,36,1.0,6,naive_pauli,17,81,0,36,2644,0,2644,2644,2644,89896,95184,0.001,0.0001,8.847528601937551e-06
6,36,1.0,6,naive_pauli,17,81,0,36,2644,0,2644,2644,2644,89896,95184,0.0001,1e-05,0.31242909994988544
6,36,1.0,6,naive_pauli,17,81,0,36,2644,0,2644,2644,2644,89896,95184,1e-05,1.0000000000000002e-06,0.8901759161864583
6,36,1.0,6,1d,17,81,0,36,1949,1820,129,7858,15256,21688,70164,0.001,0.0001,4.4021162730446445e-05
6,36,1.0,6,1d,17,81,0,36,1949,1820,129,7858,15256,21688,70164,0.0001,1e-05,0.3668800303948562
6,36,1.0,6,1d,17,81,0,36,1949,1820,129,7858,15256,21688,70164,1e-05,1.0000000000000002e-06,0.9045945888722166
6,36,1.0,6,ancilla,17,81,6,42,6637,6508,129,26640,30040,204474,278754,0.001,0.0001,3.499204398876397e-21
6,36,1.0,6,ancilla,17,81,6,42,6637,6508,129,26640,30040,204474,278754,0.0001,1e-05,0.00901483763849609
6,36,1.0,6,ancilla,17,81,6,42,6637,6508,129,26640,30040,204474,278754,1e-05,1.0000000000000002e-06,0.6244553593166827
6,36,1.0,6,primitive,17,81,0,36,6433,6304,129,25416,28816,162756,231588,0.001,0.0001,7.721328650948719e-19
6,36,1.0,6,primitive,17,81,0,36,6433,6304,129,25416,28816,162756,231588,0.0001,1e-05,0.015463154308670122
6,36,1.0,6,primitive,17,81,0,36,6433,6304,129,25416,28816,162756,231588,1e-05,1.0000000000000002e-06,0.6590753888307015
6,36,1.0,6,pipelined,17,81,0,36,5005,4876,129,22696,26096,116788,180180,0.001,0.0001,1.1642031306687766e-15
6,36,1.0,6,pipelined,17,81,0,36,5005,4876,129,22696,26096,116788,180180,0.0001,1e-05,0.032141754624279956
6,36,1.0,6,pipelined,17,81,0,36,5005,4876,129,22696,26096,116788,180180,1e-05,1.0000000000000002e-06,0.7091067545417106
6,36,1.0,7,naive_pauli,14,68,0,36,2204,0,2204,2204,2204,74936,79344,0.001,0.0001,6.134005883001651e-05
6,36,1.0,7,naive_pauli,14,68,0,36,2204,0,2204,2204,2204,74936,79344,0.0001,1e-05,0.37916842951854657
6,36,1.0,7,naive_pauli,14,68,0,36,2204,0,2204,2204,2204,74936,79344,1e-05,1.0000000000000002e-06,0.9075776537160571
6,36,1.0,7,1d,14,68,0,36,1666,1560,106,7208,14032,17480,59976,0.001,0.0001,0.00012848558867633661
6,36,1.0,7,1d,14,68,0,36,1666,1560,106,7208,14032,17480,59976,0.0001,1e-05,0.4083474326177223
6,36,1.0,7,1d,14,68,0,36,1666,1560,106,7208,14032,17480,59976,1e-05,1.0000000000000002e-06,0.9143330659549309
6,36,1.0,7,ancilla,14,68,6,42,5472,5366,106,22098,25052,168198,229824,0.001,0.0001,1.2389313125549064e-17
6,36,1.0,7,ancilla,14,68,6,42,5472,5366,106,22098,25052,168198,229824,0.0001,1e-05,0.020406559058888336
6,36,1.0,7,ancilla,14,68,6,42,5472,5366,106,22098,25052,168198,229824,1e-05,1.0000000000000002e-06,0.6776128383608465
6,36,1.0,7,primitive,14,68,0,36,5304,5198,106,21090,24044,133824,190944,0.001,0.0001,1.0567045972459335e-15
6,36,1.0,7,primitive,14,68,0,36,5304,5198,106,21090,24044,133824,190944,0.0001,1e-05,0.0318298055008113
6,36,1.0,7,primitive,14,68,0,36,5304,5198,106,21090,24044,133824,190944,1e-05,1.0000000000000002e-06,0.7084150548298889
6,36,1.0,7,pipelined,14,68,0,36,4128,4022,106,18850,21804,95968,148608,0.001,0.0001,4.379326953000202e-13
6,36,1.0,7,pipelined,14,68,0,36,4128,4022,106,18850,21804,95968,148608,0.0001,1e-05,0.05814711265124393
6,36,1.0,7,pipelined,14,68,0,36,4128,4022,106,18850,21804,95968,148608,1e-05,1.0000000000000002e-06,0.7524136870803256
6,36,1.0,8,naive_pauli,16,79,0,36,2736,0,2736,2736,2736,93024,98496,0.001,0.0001,5.9019127558034175e-06
6,36,1.0,8,naive_pauli,16,79,0,36,2736,0,2736,2736,2736,93024,98496,0.0001,1e-05,0.30003434362179415
6,36,1.0,8,naive_pauli,16,79,0,36,2736,0,2736,2736,2736,93024,98496,1e-05,1.0000000000000002e-06,0.8865797621281374
6,36,1.0,8,1d,16,79,0,36,1955,1834,121,8614,16762,20140,70380,0.001,0.0001,2.41214136158057e-05
6,36,1.0,8,1d,16,79,0,36,1955,1834,121,8614,16762,20140,70380,0.0001,1e-05,0.34547186220831355
6,36,1.0,8,1d,16,79,0,36,1955,1834,121,8614,16762,20140,70380,1e-05,1.0000000000000002e-06,0.8991724480975352
6,36,1.0,8,ancilla,16,79,6,42,6265,6144,121,25274,28642,192422,263130,0.001,0.0001,4.580894362637431e-20
6,36,1.0,8,ancilla,16,79,6,42,6265,6144,121,25274,28642,192422,263130,0.0001,1e-05,0.011658077406793277
6,36,1.0,8,ancilla,16,79,6,42,6265,6144,121,25274,28642,192422,263130,1e-05,1.0000000000000002e-06,0.6407195995775726
6,36,1.0,8,primitive,16,79,0,36,6073,5952,121,24122,27490,153104,218628,0.001,0.0001,7.398646337810666e-18
6,36,1.0,8,primitive,16,79,0,36,6073,5952,121,24122,27490,153104,218628,0.0001,1e-05,0.019382818042029168
6,36,1.0,8,primitive,16,79,0,36,6073,5952,121,24122,27490,153104,218628,1e-05,1.0000000000000002e-06,0.6741347362293906
6,36,1.0,8,pipelined,16,79,0,36,4729,4608,121,21562,24930,109840,170244,0.001,0.0001,7.253172545021099e-15
6,36,1.0,8,pipelined,16,79,0,36,4729,4608,121,21562,24930,109840,170244,0.0001,1e-05,0.038591883014633295
6,36,1.0,8,pipelined,16,79,0,36,4729,4608,121,21562,24930,109840,170244,1e-05,1.0000000000000002e-06,0.7221942492232896
6,36,1.0,9,naive_pauli,10,53,0,36,1650,0,1650,1650,1650,56100,59400,0.001,0.0001,0.0007023307794535155
6,36,1.0,9,naive_pauli,10,53,0,36,1650,0,1650,1650,1650,56100,59400,0.0001,1e-05,0.4838351373670458
6,36,1.0,9,naive_pauli,10,53,0,36,1650,0,1650,1650,1650,56100,59400,1e-05,1.0000000000000002e-06,0.9299726419253457
6,36,1.0,9,1d,10,53,0,36,1209,1132,77,5336,10360,12476,43524,0.001,0.0001,0.0013790889704483084
6,36,1.0,9,1d,10,53,0,36,1209,1132,77,5336,10360,12476,43524,0.0001,1e-05,0.5176855302242017
6,36,1.0,9,1d,10,53,0,36,1209,1132,77,5336,10360,12476,43524,1e-05,1.0000000000000002e-06,0.9362841467001752
6,36,1.0,9,ancilla,10,53,6,42,3913,3836,77,15778,17844,120274,164346,0.001,0.0001,8.328726268543003e-13
6,36,1.0,9,ancilla,10,53,6,42,3913,3836,77,15778,17844,120274,164346,0.0001,1e-05,0.0619997510669579
6,36,1.0,9,ancilla,10,53,6,42,3913,3836,77,15778,17844,120274,164346,1e-05,1.0000000000000002e-06,0.7572552856459754
6,36,1.0,9,primitive,10,53,0,36,3793,3716,77,15058,17124,95704,136548,0.001,0.0001,1.9977537970441957e-11
6,36,1.0,9,primitive,10,53,0,36,3793,3716,77,15058,17124,95704,136548,0.0001,1e-05,0.0851858379466088
6,36,1.0,9,primitive,10,53,0,36,3793,3716,77,15058,17124,95704,136548,1e-05,1.0000000000000002e-06,0.7816995645906685
6,36,1.0,9,pipelined,10,53,0,36,2953,2876,77,13458,15524,68664,106308,0.001,0.0001,1.4796254844268249e-09
6,36,1.0,9,pipelined,10,53,0,36,2953,2876,77,13458,15524,68664,106308,0.0001,1e-05,0.1310061870239289
6,36,1.0,9,pipelined,10,53,0,36,2953,2876,77,13458,15524,68664,106308,1e-05,1.0000000000000002e-06,0.8160785166698599
8,64,1.0,0,naive_pauli,17,115,0,64,5670,0,5670,5670,5670,351540,362880,0.001,0.0001,1.855096961955444e-18
8,64,1.0,0,naive_pauli,17,115,0,64,5670,0,5670,5670,5670,351540,362880,0.0001,1e-05,0.016866161726124273
8,64,1.0,0,naive_pauli,17,115,0,64,5670,0,5670,5670,5670,351540,362880,1e-05,1.0000000000000002e-06,0.6648189977019696
8,64,1.0,0,1d,17,115,0,64,4026,3900,126,24328,47978,84208,257664,0.001,0.0001,5.914359522926459e-15
8,64,1.0,0,1d,17,115,0,64,4026,3900,126,24328,47978,84208,257664,0.0001,1e-05,0.037816647678563284
8,64,1.0,0,1d,17,115,0,64,4026,3900,126,24328,47978,84208,257664,1e-05,1.0000000000000002e-06,0.7207310329566576
8,64,1.0,0,ancilla,17,115,8,72,8886,8760,126,51400,59758,486016,639792,0.001,0.0001,3.611043192284727e-44
8,64,1.0,0,ancilla,17,115,8,72,8886,8760,126,51400,59758,486016,639792,0.0001,1e-05,4.537989837335721e-05
8,64,1.0,0,ancilla,17,115,8,72,8886,8760,126,51400,59758,486016,639792,1e-05,1.0000000000000002e-06,0.3678725203070305
8,64,1.0,0,primitive,17,115,0,64,8478,8352,126,50720,59078,395840,542592,0.001,0.0001,5.8828860625152444e-40
8,64,1.0,0,primitive,17,115,0,64,8478,8352,126,50720,59078,395840,542592,0.0001,1e-05,0.00011968187117753404
8,64,1.0,0,primitive,17,115,0,64,8478,8352,126,50720,59078,395840,542592,1e-05,1.0000000000000002e-06,0.4053344565857143
8,64,1.0,0,pipelined,17,115,0,64,6506,6380,126,45008,53366,281056,416384,0.001,0.0001,1.7249509032470047e-32
8,64,1.0,0,pipelined,17,115,0,64,6506,6380,126,45008,53366,281056,416384,0.0001,1e-05,0.0006677483961265321
8,64,1.0,0,pipelined,17,115,0,64,6506,6380,126,45008,53366,281056,416384,1e-05,1.0000000000000002e-06,0.4813607014002325
8,64,1.0,1,naive_pauli,16,127,0,64,6508,0,6508,6508,6508,403496,416512,0.001,0.0001,4.443370310402872e-21
8,64,1.0,1,naive_pauli,16,127,0,64,6508,0,6508,6508,6508,403496,416512,0.0001,1e-05,0.009225234059392377
8,64,1.0,1,naive_pauli,16,127,0,64,6508,0,6508,6508,6508,403496,416512,1e-05,1.0000000000000002e-06,0.625892575549305
8,64,1.0,1,1d,16,127,0,64,3493,3366,127,24710,48672,66420,223552,0.001,0.0001,2.3904841936898843e-14
8,64,1.0,1,1d,16,127,0,64,3493,3366,127,24710,48672,66420,223552,0.0001,1e-05,0.04348553698585139
8,64,1.0,1,1d,16,127,0,64,3493,3366,127,24710,48672,66420,223552,1e-05,1.0000000000000002e-06,0.730868834194403
8,64,1.0,1,ancilla,16,127,8,72,8383,8256,127,48706,56792,457780,603576,0.001,0.0001,9.006221403984553e-42
8,64,1.0,1,ancilla,16,127,8,72,8383,8256,127,48706,56792,457780,603576,0.0001,1e-05,7.879457289463014e-05
8,64,1.0,1,ancilla,16,127,8,72,8383,8256,127,48706,56792,457780,603576,1e-05,1.0000000000000002e-06,0.38874072891729267
8,64,1.0,1,primitive,16,127,0,64,7999,7872,127,48066,56152,372796,511936,0.001,0.0001,8.387314581090261e-38
8,64,1.0,1,primitive,16,127,0,64,7999,7872,127,48066,56152,372796,511936,0.0001,1e-05,0.00019650572623589266
8,64,1.0,1,primitive,16,127,0,64,7999,7872,127,48066,56152,372796,511936,1e-05,1.0000000000000002e-06,0.42593923244833903
8,64,1.0,1,pipelined,16,127,0,64,6143,6016,127,42690,50776,264764,393152,0.001,0.0001,8.94464235845704e-31
8,64,1.0,1,pipelined,16,127,0,64,6143,6016,127,42690,50776,264764,393152,0.0001,1e-05,0.0009909299597125494
8,64,1.0,1,pipelined,16,127,0,64,6143,6016,127,42690,50776,264764,393152,1e-05,1.0000000000000002e-06,0.5007410053760439
8,64,1.0,2,naive_pauli,15,131,0,64,6862,0,6862,6862,6862,425444,439168,0.001,0.0001,3.4726270935749264e-22
8,64,1.0,2,naive_pauli,15,131,0,64,6862,0,6862,6862,6862,425444,439168,0.0001,1e-05,0.007149623474228767
8,64,1.0,2,naive_pauli,15,131,0,64,6862,0,6862,6862,6862,425444,439168,1e-05,1.0000000000000002e-06,0.6101413936313257
8,64,1.0,2,1d,15,131,0,64,3311,3194,117,24696,48620,60304,211904,0.001,0.0001,4.468860809282264e-14
8,64,1.0,2,1d,15,131,0,64,3311,3194,117,24696,48620,60304,211904,0.0001,1e-05,0.046292908051789296
8,64,1.0,2,1d,15,131,0,64,3311,3194,117,24696,48620,60304,211904,1e-05,1.0000000000000002e-06,0.7354554844593179
8,64,1.0,2,ancilla,15,131,8,72,7847,7730,117,45962,53772,428060,564984,0.001,0.0001,2.739243676737265e-39
8,64,1.0,2,ancilla,15,131,8,72,7847,7730,117,45962,53772,428060,564984,0.0001,1e-05,0.00013955507546124346
8,64,1.0,2,ancilla,15,131,8,72,7847,7730,117,45962,53772,428060,564984,1e-05,1.0000000000000002e-06,0.4116085460845971
8,64,1.0,2,primitive,15,131,0,64,7487,7370,117,45362,53172,348444,479168,0.001,0.0001,1.4328132031094795e-35
8,64,1.0,2,primitive,15,131,0,64,7487,7370,117,45362,53172,348444,479168,0.0001,1e-05,0.00032852939306993634
8,64,1.0,2,primitive,15,131,0,64,7487,7370,117,45362,53172,348444,479168,1e-05,1.0000000000000002e-06,0.4484014104170389
8,64,1.0,2,pipelined,15,131,0,64,5747,5630,117,40322,48132,247164,367808,0.001,0.0001,5.55754988892541e-29
8,64,1.0,2,pipelined,15,131,0,64,5747,5630,117,40322,48132,247164,367808,0.0001,1e-05,0.0014973566156426964
8,64,1.0,2,pipelined,15,131,0,64,5747,5630,117,40322,48132,247164,367808,1e-05,1.0000000000000002e-06,0.5218442330754894
8,64,1.0,3,naive_pauli,14,126,0,64,6376,0,6376,6376,6376,395312,408064,0.001,0.0001,1.1495091683968394e-20
8,64,1.0,3,naive_pauli,14,126,0,64,6376,0,6376,6376,6376,395312,408064,0.0001,1e-05,0.010145026964077836
8,64,1.0,3,naive_pauli,14,126,0,64,6376,0,6376,6376,6376,395312,408064,1e-05,1.0000000000000002e-06,0.631869422298484
8,64,1.0,3,1d,14,126,0,64,3068,2960,108,22434,44122,56764,196352,0.001,0.0001,6.120831090388462e-13
8,64,1.0,3,1d,14,126,0,64,3068,2960,108,22434,44122,56764,196352,0.0001,1e-05,0.060135494824381006
8,64,1.0,3,1d,14,126,0,64,3068,2960,108,22434,44122,56764,196352,1e-05,1.0000000000000002e-06,0.7549489483565527
8,64,1.0,3,ancilla,14,126,8,72,7310,7202,108,42766,49898,399244,526320,0.001,0.0001,1.1963433887581647e-36
8,64,1.0,3,ancilla,14,126,8,72,7310,7202,108,42766,49898,399244,526320,0.0001,1e-05,0.0002562713262534662
8,64,1.0,3,ancilla,14,126,8,72,7310,7202,108,42766,49898,399244,526320,1e-05,1.0000000000000002e-06,0.43740036426404905
8,64,1.0,3,primitive,14,126,0,64,6974,6866,108,42206,49338,324996,446336,0.001,0.0001,3.514741221087837e-33
8,64,1.0,3,primitive,14,126,0,64,6974,6866,108,42206,49338,324996,446336,0.0001,1e-05,0.0005694797723537925
8,64,1.0,3,primitive,14,126,0,64,6974,6866,108,42206,49338,324996,446336,1e-05,1.0000000000000002e-06,0.4737581721470784
8,64,1.0,3,pipelined,14,126,0,64,5350,5242,108,37502,44634,230468,342400,0.001,0.0001,4.958392442969256e-27
8,64,1.0,3,pipelined,14,126,0,64,5350,5242,108,37502,44634,230468,342400,0.0001,1e-05,0.0023459166780893767
8,64,1.0,3,pipelined,14,126,0,64,5350,5242,108,37502,44634,230468,342400,1e-05,1.0000000000000002e-06,0.5458069209824038
8,64,1.0,4,naive_pauli,14,111,0,64,6556,0,6556,6556,6556,406472,419584,0.001,0.0001,3.1448753983626345e-21
8,64,1.0,4,naive_pauli,14,111,0,64,6556,0,6556,6556,6556,406472,419584,0.0001,1e-05,0.008911852863157002
8,64,1.0,4,naive_pauli,14,111,0,64,6556,0,6556,6556,6556,406472,419584,1e-05,1.0000000000000002e-06,0.623733221891262
8,64,1.0,4,1d,14,111,0,64,3142,3032,110,22342,44028,59380,201088,0.001,0.0001,5.16616604581997e-13
8,64,1.0,4,1d,14,111,0,64,3142,3032,110,22342,44028,59380,201088,0.0001,1e-05,0.05912421634501945
8,64,1.0,4,1d,14,111,0,64,3142,3032,110,22342,44028,59380,201088,1e-05,1.0000000000000002e-06,0.7536696425812364
8,64,1.0,4,ancilla,14,111,8,72,7332,7222,110,42780,50016,400080,527904,0.001,0.0001,1.085085237393508e-36
8,64,1.0,4,ancilla,14,111,8,72,7332,7222,110,42780,50016,400080,527904,0.0001,1e-05,0.00025378225601772875
8,64,1.0,4,ancilla,14,111,8,72,7332,7222,110,42780,50016,400080,527904,1e-05,1.0000000000000002e-06,0.4369736692807634
8,64,1.0,4,primitive,14,111,0,64,6996,6886,110,42220,49456,325736,447744,0.001,0.0001,3.218628046748991e-33
8,64,1.0,4,primitive,14,111,0,64,6996,6886,110,42220,49456,325736,447744,0.0001,1e-05,0.0005644902756719417
8,64,1.0,4,primitive,14,111,0,64,6996,6886,110,42220,49456,325736,447744,1e-05,1.0000000000000002e-06,0.47334144783446874
8,64,1.0,4,pipelined,14,111,0,64,5372,5262,110,37516,44752,231208,343808,0.001,0.0001,4.540653203136701e-27
8,64,1.0,4,pipelined,14,111,0,64,5372,5262,110,37516,44752,231208,343808,0.0001,1e-05,0.002325362930529834
8,64,1.0,4,pipelined,14,111,0,64,5372,5262,110,37516,44752,231208,343808,1e-05,1.0000000000000002e-06,0.545326821582887
8,64,1.0,5,naive_pauli,16,140,0,64,7608,0,7608,7608,7608,471696,486912,0.001,0.0001,1.61329239496207e-24
8,64,1.0,5,naive_pauli,16,140,0,64,7608,0,7608,7608,7608,471696,486912,0.0001,1e-05,0.004178421950740172
8,64,1.0,5,naive_pauli,16,140,0,64,7608,0,7608,7608,7608,471696,486912,1e-05,1.0000000000000002e-06,0.5782340183199163
8,64,1.0,5,1d,16,140,0,64,3528,3402,126,24470,48110,67988,225792,0.001,0.0001,2.5981721445468733e-14
8,64,1.0,5,1d,16,140,0,64,3528,3402,126,24470,48110,67988,225792,0.0001,1e-05,0.04384889510737634
8,64,1.0,5,1d,16,140,0,64,3528,3402,126,24470,48110,67988,225792,1e-05,1.0000000000000002e-06,0.7314771783013613
8,64,1.0,5,ancilla,16,140,8,72,8366,8240,126,48692,56682,457160,602352,0.001,0.0001,9.717474022855727e-42
8,64,1.0,5,ancilla,16,140,8,72,8366,8240,126,48692,56682,457160,602352,0.0001,1e-05,7.939570103103553e-05
8,64,1.0,5,ancilla,16,140,8,72,8366,8240,126,48692,56682,457160,602352,1e-05,1.0000000000000002e-06,0.3890362845609743
8,64,1.0,5,primitive,16,140,0,64,7982,7856,126,48052,56042,372248,510848,0.001,0.0001,8.984762979673997e-38
8,64,1.0,5,primitive,16,140,0,64,7982,7856,126,48052,56042,372248,510848,0.0001,1e-05,0.00019786236632953578
8,64,1.0,5,primitive,16,140,0,64,7982,7856,126,48052,56042,372248,510848,1e-05,1.0000000000000002e-06,0.426232379886435
8,64,1.0,5,pipelined,16,140,0,64,6126,6000,126,42676,50666,264216,392064,0.001,0.0001,9.581790542336144e-31
8,64,1.0,5,pipelined,16,140,0,64,6126,6000,126,42676,50666,264216,392064,0.0001,1e-05,0.0009977711614377572
8,64,1.0,5,pipelined,16,140,0,64,6126,6000,126,42676,50666,264216,392064,1e-05,1.0000000000000002e-06,0.5010856342143686
8,64,1.0,6,naive_pauli,19,140,0,64,7528,0,7528,7528,7528,466736,481792,0.001,0.0001,2.8700856859427986e-24
8,64,1.0,6,naive_pauli,19,140,0,64,7528,0,7528,7528,7528,466736,481792,0.0001,1e-05,0.004426168447512816
8,64,1.0,6,naive_pauli,19,140,0,64,7528,0,7528,7528,7528,466736,481792,1e-05,1.0000000000000002e-06,0.5815742606862121
8,64,1.0,6,1d,19,140,0,64,4288,4142,146,28288,55774,85312,274432,0.001,0.0001,1.0076102751127032e-16
8,64,1.0,6,1d,19,140,0,64,4288,4142,146,28288,55774,85312,274432,0.0001,1e-05,0.025170925134829884
8,64,1.0,6,1d,19,140,0,64,4288,4142,146,28288,55774,85312,274432,1e-05,1.0000000000000002e-06,0.6919832996796291
8,64,1.0,6,ancilla,19,140,8,72,9936,9790,146,57512,66874,543416,715392,0.001,0.0001,2.5640219772851106e-49
8,64,1.0,6,ancilla,19,140,8,72,9936,9790,146,57512,66874,543416,715392,0.0001,1e-05,1.3871492124834014e-05
8,64,1.0,6,ancilla,19,140,8,72,9936,9790,146,57512,66874,543416,715392,1e-05,1.0000000000000002e-06,0.32675678965370136
8,64,1.0,6,primitive,19,140,0,64,9480,9334,146,56752,66114,442592,606720,0.001,0.0001,1.3125030675585915e-44
8,64,1.0,6,primitive,19,140,0,64,9480,9334,146,56752,66114,442592,606720,0.0001,1e-05,4.102102127430206e-05
8,64,1.0,6,primitive,19,140,0,64,9480,9334,146,56752,66114,442592,606720,1e-05,1.0000000000000002e-06,0.3641770753379673
8,64,1.0,6,pipelined,19,140,0,64,7276,7130,146,50368,59730,314304,465664,0.001,0.0001,2.909237214083053e-36
8,64,1.0,6,pipelined,19,140,0,64,7276,7130,146,50368,59730,314304,465664,0.0001,1e-05,0.0002801717998442071
8,64,1.0,6,pipelined,19,140,0,64,7276,7130,146,50368,59730,314304,465664,1e-05,1.0000000000000002e-06,0.4413192795520394
8,64,1.0,7,naive_pauli,16,132,0,64,7380,0,7380,7380,7380,457560,472320,0.001,0.0001,8.331652513566447e-24
8,64,1.0,7,naive_pauli,16,132,0,64,7380,0,7380,7380,7380,457560,472320,0.0001,1e-05,0.004923873405922839
8,64,1.0,7,naive_pauli,16,132,0,64,7380,0,7380,7380,7380,457560,472320,1e-05,1.0000000000000002e-06,0.5878046596277374
8,64,1.0,7,1d,16,132,0,64,3680,3554,126,27048,53318,67696,235520,0.001,0.0001,2.0285167674730125e-15
8,64,1.0,7,1d,16,132,0,64,3680,3554,126,27048,53318,67696,235520,0.0001,1e-05,0.03398287241350581
8,64,1.0,7,1d,16,132,0,64,3680,3554,126,27048,53318,67696,235520,1e-05,1.0000000000000002e-06,0.7130687880751108
8,64,1.0,7,ancilla,16,132,8,72,8410,8284,126,48844,57038,458440,605520,0.001,0.0001,7.343703352880117e-42
8,64,1.0,7,ancilla,16,132,8,72,8410,8284,126,48844,57038,458440,605520,0.0001,1e-05,7.720339243704689e-05
8,64,1.0,7,ancilla,16,132,8,72,8410,8284,126,48844,57038,458440,605520,1e-05,1.0000000000000002e-06,0.3879485033673536
8,64,1.0,7,primitive,16,132,0,64,8026,7900,126,48204,56398,373352,513664,0.001,0.0001,6.910545438035889e-38
8,64,1.0,7,primitive,16,132,0,64,8026,7900,126,48204,56398,373352,513664,0.0001,1e-05,0.00019273782663071953
8,64,1.0,7,primitive,16,132,0,64,8026,7900,126,48204,56398,373352,513664,1e-05,1.0000000000000002e-06,0.42511540875850795
8,64,1.0,7,pipelined,16,132,0,64,6170,6044,126,42828,51022,265320,394880,0.001,0.0001,7.369743539184495e-31
8,64,1.0,7,pipelined,16,132,0,64,6170,6044,126,42828,51022,265320,394880,0.0001,1e-05,0.0009719293703888926
8,64,1.0,7,pipelined,16,132,0,64,6170,6044,126,42828,51022,265320,394880,1e-05,1.0000000000000002e-06,0.4997725050096246
8,64,1.0,8,naive_pauli,14,119,0,64,6216,0,6216,6216,6216,385392,397824,0.001,0.0001,3.63811138911736e-20
8,64,1.0,8,naive_pauli,14,119,0,64,6216,0,6216,6216,6216,385392,397824,0.0001,1e-05,0.011383727543289797
8,64,1.0,8,naive_pauli,14,119,0,64,6216,0,6216,6216,6216,385392,397824,1e-05,1.0000000000000002e-06,0.6391906556169723
8,64,1.0,8,1d,14,119,0,64,3122,3010,112,22186,43678,59116,199808,0.001,0.0001,6.200377692446475e-13
8,64,1.0,8,1d,14,119,0,64,3122,3010,112,22186,43678,59116,199808,0.0001,1e-05,0.060212585129283826
8,64,1.0,8,1d,14,119,0,64,3122,3010,112,22186,43678,59116,199808,1e-05,1.0000000000000002e-06,0.755045596481382
8,64,1.0,8,ancilla,14,119,8,72,7350,7238,112,42800,50018,400760,529200,0.001,0.0001,9.936652862562296e-37
8,64,1.0,8,ancilla,14,119,8,72,7350,7238,112,42800,50018,400760,529200,0.0001,1e-05,0.0002515587361421781
8,64,1.0,8,ancilla,14,119,8,72,7350,7238,112,42800,50018,400760,529200,1e-05,1.0000000000000002e-06,0.4365893010133403
8,64,1.0,8,primitive,14,119,0,64,7014,6902,112,42240,49458,326336,448896,0.001,0.0001,2.971129517540778e-33
8,64,1.0,8,primitive,14,119,0,64,7014,6902,112,42240,49458,326336,448896,0.0001,1e-05,0.0005599922962789031
8,64,1.0,8,primitive,14,119,0,64,7014,6902,112,42240,49458,326336,448896,1e-05,1.0000000000000002e-06,0.47296292549021796
8,64,1.0,8,pipelined,14,119,0,64,5390,5278,112,37536,44754,231808,344960,0.001,0.0001,4.191496676474354e-27
8,64,1.0,8,pipelined,14,119,0,64,5390,5278,112,37536,44754,231808,344960,0.0001,1e-05,0.0023068339407604204
8,64,1.0,8,pipelined,14,119,0,64,5390,5278,112,37536,44754,231808,344960,1e-05,1.0000000000000002e-06,0.5448907338753077
8,64,1.0,9,naive_pauli,19,145,0,64,7888,0,7888,7888,7888,489056,504832,0.001,0.0001,2.1482106730078552e-25
8,64,1.0,9,naive_pauli,19,145,0,64,7888,0,7888,7888,7888,489056,504832,0.0001,1e-05,0.0034155255761185604
8,64,1.0,9,naive_pauli,19,145,0,64,7888,0,7888,7888,7888,489056,504832,1e-05,1.0000000000000002e-06,0.566693526544707
8,64,1.0,9,1d,19,145,0,64,4124,3988,136,28774,56690,78772,263936,0.001,0.0001,1.1916882546615537e-16
8,64,1.0,9,1d,19,145,0,64,4124,3988,136,28774,56690,78772,263936,0.0001,1e-05,0.0255973149384461
8,64,1.0,9,1d,19,145,0,64,4124,3988,136,28774,56690,78772,263936,1e-05,1.0000000000000002e-06,0.6931467941201657
8,64,1.0,9,ancilla,19,145,8,72,9914,9778,136,57612,67018,542064,713808,0.001,0.0001,2.6557678916357895e-49
8,64,1.0,9,ancilla,19,145,8,72,9914,9778,136,57612,67018,542064,713808,0.0001,1e-05,1.3920399795061806e-05
8,64,1.0,9,ancilla,19,145,8,72,9914,9778,136,57612,67018,542064,713808,1e-05,1.0000000000000002e-06,0.3268718268758813
8,64,1.0,9,primitive,19,145,0,64,9458,9322,136,56852,66258,441368,605312,0.001,0.0001,1.3421759493015654e-44
8,64,1.0,9,primitive,19,145,0,64,9458,9322,136,56852,66258,441368,605312,0.0001,1e-05,4.1112993310638395e-05
8,64,1.0,9,primitive,19,145,0,64,9458,9322,136,56852,66258,441368,605312,1e-05,1.0000000000000002e-06,0.3642586585416352
8,64,1.0,9,pipelined,19,145,0,64,7254,7118,136,50468,59874,313080,464256,0.001,0.0001,2.9750088331744435e-36
8,64,1.0,9,pipelined,19,145,0,64,7254,7118,136,50468,59874,313080,464256,0.0001,1e-05,0.0002807999648716788
8,64,1.0,9,pipelined,19,145,0,64,7254,7118,136,50468,59874,313080,464256,1e-05,1.0000000000000002e-06,0.4414181442063641
10,100,1.0,0,naive_pauli,15,175,0,100,13592,0,13592,13592,13592,1332016,1359200,0.001,0.0001,1.7478472599558823e-64
10,100,1.0,0,naive_pauli,15,175,0,100,13592,0,13592,13592,13592,1332016,1359200,0.0001,1e-05,4.2147955512844875e-07
10,100,1.0,0,naive_pauli,15,175,0,100,13592,0,13592,13592,13592,1332016,1359200,1e-05,1.0000000000000002e-06,0.23040023143916072
10,100,1.0,0,1d,15,175,0,100,5574,5454,120,56832,112624,171036,557400,0.001,0.0001,7.54147565866793e-33
10,100,1.0,0,1d,15,175,0,100,5574,5454,120,56832,112624,171036,557400,0.0001,1e-05,0.0006150218693975243
10,100,1.0,0,1d,15,175,0,100,5574,5454,120,56832,112624,171036,557400,1e-05,1.0000000000000002e-06,0.4774198783654809
10,100,1.0,0,ancilla,15,175,10,110,9776,9656,120,74830,89880,836820,1075360,0.001,0.0001,1.383680635099541e-69
10,100,1.0,0,ancilla,15,175,10,110,9776,9656,120,74830,89880,836820,1075360,0.0001,1e-05,1.3053610050915645e-07
10,100,1.0,0,ancilla,15,175,10,110,9776,9656,120,74830,89880,836820,1075360,1e-05,1.0000000000000002e-06,0.2049223483874871
10,100,1.0,0,primitive,15,175,0,100,9296,9176,120,76390,91440,696020,929600,0.001,0.0001,3.787647587815648e-64
10,100,1.0,0,primitive,15,175,0,100,9296,9176,120,76390,91440,696020,929600,0.0001,1e-05,4.5652755528421116e-07
10,100,1.0,0,primitive,15,175,0,100,9296,9176,120,76390,91440,696020,929600,1e-05,1.0000000000000002e-06,0.23225388644269296
10,100,1.0,0,pipelined,15,175,0,100,7076,6956,120,67750,82800,491300,707600,0.001,0.0001,1.674451214799888e-51
10,100,1.0,0,pipelined,15,175,0,100,7076,6956,120,67750,82800,491300,707600,0.0001,1e-05,8.390895258743049e-06
10,100,1.0,0,pipelined,15,175,0,100,7076,6956,120,67750,82800,491300,707600,1e-05,1.0000000000000002e-06,0.31073847617656786
10,100,1.0,1,naive_pauli,16,196,0,100,15842,0,15842,15842,15842,1552516,1584200,0.001,0.0001,4.877303922982855e-75
10,100,1.0,1,naive_pauli,16,196,0,100,15842,0,15842,15842,15842,1552516,1584200,0.0001,1e-05,3.710489848073172e-08
10,100,1.0,1,naive_pauli,16,196,0,100,15842,0,15842,15842,15842,1552516,1584200,1e-05,1.0000000000000002e-06,0.18069629803272663
10,100,1.0,1,1d,16,196,0,100,5672,5546,126,62006,122840,165888,567200,0.001,0.0001,7.126534527973982e-35
10,100,1.0,1,1d,16,196,0,100,5672,5546,126,62006,122840,165888,567200,0.0001,1e-05,0.0003859516925685751
10,100,1.0,1,1d,16,196,0,100,5672,5546,126,62006,122840,165888,567200,1e-05,1.0000000000000002e-06,0.4556860546293556
10,100,1.0,1,ancilla,16,196,10,110,10428,10302,126,80214,96600,891722,1147080,0.001,0.0001,2.613013665236967e-74
10,100,1.0,1,ancilla,16,196,10,110,10428,10302,126,80214,96600,891722,1147080,0.0001,1e-05,4.400046287945892e-08
10,100,1.0,1,ancilla,16,196,10,110,10428,10302,126,80214,96600,891722,1147080,1e-05,1.0000000000000002e-06,0.18380746471998546
10,100,1.0,1,primitive,16,196,0,100,9916,9790,126,81878,98264,741544,991600,0.001,0.0001,1.646599155901326e-68
10,100,1.0,1,primitive,16,196,0,100,9916,9790,126,81878,98264,741544,991600,0.0001,1e-05,1.6726499350237867e-07
10,100,1.0,1,primitive,16,196,0,100,9916,9790,126,81878,98264,741544,991600,1e-05,1.0000000000000002e-06,0.21006706025002908
10,100,1.0,1,pipelined,16,196,0,100,7548,7422,126,72662,89048,523176,754800,0.001,0.0001,5.07135896147957e-55
10,100,1.0,1,pipelined,16,196,0,100,7548,7422,126,72662,89048,523176,754800,0.0001,1e-05,3.7328091174011874e-06
10,100,1.0,1,pipelined,16,196,0,100,7548,7422,126,72662,89048,523176,754800,1e-05,1.0000000000000002e-06,0.2865621337181157
10,100,1.0,2,naive_pauli,20,203,0,100,16178,0,16178,16178,16178,1585444,1617800,0.001,0.0001,1.2943969646452057e-76
10,100,1.0,2,naive_pauli,20,203,0,100,16178,0,16178,16178,16178,1585444,1617800,0.0001,1e-05,2.5812675478512814e-08
10,100,1.0,2,naive_pauli,20,203,0,100,16178,0,16178,16178,16178,1585444,1617800,1e-05,1.0000000000000002e-06,0.1742567310012765
10,100,1.0,2,1d,20,203,0,100,6390,6238,152,62358,123508,202384,639000,0.001,0.0001,1.3027163164171564e-36
10,100,1.0,2,1d,20,203,0,100,6390,6238,152,62358,123508,202384,639000,0.0001,1e-05,0.00025866883854563005
10,100,1.0,2,1d,20,203,0,100,6390,6238,152,62358,123508,202384,639000,1e-05,1.0000000000000002e-06,0.43781132812416235
10,100,1.0,2,ancilla,20,203,10,110,12924,12772,152,97924,116320,1112932,1421640,0.001,0.0001,1.3014561664508032e-91
10,100,1.0,2,ancilla,20,203,10,110,12924,12772,152,97924,116320,1112932,1421640,0.0001,1e-05,8.195503337455344e-10
10,100,1.0,2,ancilla,20,203,10,110,12924,12772,152,97924,116320,1112932,1421640,1e-05,1.0000000000000002e-06,0.12341810593255295
10,100,1.0,2,primitive,20,203,0,100,12284,12132,152,100004,118400,925792,1228400,0.001,0.0001,2.179909109848491e-84
10,100,1.0,2,primitive,20,203,0,100,12284,12132,152,100004,118400,925792,1228400,0.0001,1e-05,4.324945303628023e-09
10,100,1.0,2,primitive,20,203,0,100,12284,12132,152,100004,118400,925792,1228400,1e-05,1.0000000000000002e-06,0.14575364242543695
10,100,1.0,2,pipelined,20,203,0,100,9324,9172,152,88484,106880,652832,932400,0.001,0.0001,1.5816448284009983e-67
10,100,1.0,2,pipelined,20,203,0,100,9324,9172,152,88484,106880,652832,932400,0.0001,1e-05,2.097823879664238e-07
10,100,1.0,2,pipelined,20,203,0,100,9324,9172,152,88484,106880,652832,932400,1e-05,1.0000000000000002e-06,0.21487974118724182
10,100,1.0,3,naive_pauli,16,197,0,100,15882,0,15882,15882,15882,1556436,1588200,0.001,0.0001,3.1662660067393847e-75
10,100,1.0,3,naive_pauli,16,197,0,100,15882,0,15882,15882,15882,1556436,1588200,0.0001,1e-05,3.5536082879008555e-08
10,100,1.0,3,naive_pauli,16,197,0,100,15882,0,15882,15882,15882,1556436,1588200,1e-05,1.0000000000000002e-06,0.17991737300064292
10,100,1.0,3,1d,16,197,0,100,5304,5180,124,53252,105344,164896,530400,0.001,0.0001,5.008165016617145e-31
10,100,1.0,3,1d,16,197,0,100,5304,5180,124,53252,105344,164896,530400,0.0001,1e-05,0.0009354952192809665
10,100,1.0,3,1d,16,197,0,100,5304,5180,124,53252,105344,164896,530400,1e-05,1.0000000000000002e-06,0.49786877282367004
10,100,1.0,3,ancilla,16,197,10,110,10382,10258,124,79348,94880,890814,1142020,0.001,0.0001,6.805574429660453e-74
10,100,1.0,3,ancilla,16,197,10,110,10382,10258,124,79348,94880,890814,1142020,0.0001,1e-05,4.8418623827752843e-08
10,100,1.0,3,ancilla,16,197,10,110,10382,10258,124,79348,94880,890814,1142020,1e-05,1.0000000000000002e-06,0.18557458303622743
10,100,1.0,3,primitive,16,197,0,100,9870,9746,124,81012,96544,740876,987000,0.001,0.0001,4.1868500466192114e-68
10,100,1.0,3,primitive,16,197,0,100,9870,9746,124,81012,96544,740876,987000,0.0001,1e-05,1.8361913721066286e-07
10,100,1.0,3,primitive,16,197,0,100,9870,9746,124,81012,96544,740876,987000,1e-05,1.0000000000000002e-06,0.21203574265689984
10,100,1.0,3,pipelined,16,197,0,100,7502,7378,124,71796,87328,522508,750200,0.001,0.0001,1.2895074935630484e-54
10,100,1.0,3,pipelined,16,197,0,100,7502,7378,124,71796,87328,522508,750200,0.0001,1e-05,4.097780265657049e-06
10,100,1.0,3,pipelined,16,197,0,100,7502,7378,124,71796,87328,522508,750200,1e-05,1.0000000000000002e-06,0.2892477038901109
10,100,1.0,4,naive_pauli,14,169,0,100,14054,0,14054,14054,14054,1377292,1405400,0.001,0.0001,1.189457749171009e-66
10,100,1.0,4,naive_pauli,14,169,0,100,14054,0,14054,14054,14054,1377292,1405400,0.0001,1e-05,2.5590510630497845e-07
10,100,1.0,4,naive_pauli,14,169,0,100,14054,0,14054,14054,14054,1377292,1405400,1e-05,1.0000000000000002e-06,0.2191862637183959
10,100,1.0,4,1d,14,169,0,100,5222,5110,112,51546,102092,163608,522200,0.001,0.0001,3.139754149088549e-30
10,100,1.0,4,1d,14,169,0,100,5222,5110,112,51546,102092,163608,522200,0.0001,1e-05,0.0011239051382692757
10,100,1.0,4,1d,14,169,0,100,5222,5110,112,51546,102092,163608,522200,1e-05,1.0000000000000002e-06,0.5070880310891442
10,100,1.0,4,ancilla,14,169,10,110,9122,9010,112,69982,84140,780626,1003420,0.001,0.0001,4.876917251777652e-65
10,100,1.0,4,ancilla,14,169,10,110,9122,9010,112,69982,84140,780626,1003420,0.0001,1e-05,3.718226049396445e-07
10,100,1.0,4,ancilla,14,169,10,110,9122,9010,112,69982,84140,780626,1003420,1e-05,1.0000000000000002e-06,0.22753529962159397
10,100,1.0,4,primitive,14,169,0,100,8674,8562,112,71438,85596,649224,867400,0.001,0.0001,5.787592561806383e-60
10,100,1.0,4,primitive,14,169,0,100,8674,8562,112,71438,85596,649224,867400,0.0001,1e-05,1.1961174855434706e-06
10,100,1.0,4,primitive,14,169,0,100,8674,8562,112,71438,85596,649224,867400,1e-05,1.0000000000000002e-06,0.2557364398804308
10,100,1.0,4,pipelined,14,169,0,100,6602,6490,112,63374,77532,458152,660200,0.001,0.0001,3.672546939997529e-48
10,100,1.0,4,pipelined,14,169,0,100,6602,6490,112,63374,77532,458152,660200,0.0001,1e-05,1.810613369616818e-05
10,100,1.0,4,pipelined,14,169,0,100,6602,6490,112,63374,77532,458152,660200,1e-05,1.0000000000000002e-06,0.33557983325470786
10,100,1.0,5,naive_pauli,16,214,0,100,18152,0,18152,18152,18152,1778896,1815200,0.001,0.0001,7.118812083430789e-86
10,100,1.0,5,naive_pauli,16,214,0,100,18152,0,18152,18152,18152,1778896,1815200,0.0001,1e-05,3.061564701345836e-09
10,100,1.0,5,naive_pauli,16,214,0,100,18152,0,18152,18152,18152,1778896,1815200,1e-05,1.0000000000000002e-06,0.1407995829725915
10,100,1.0,5,1d,16,214,0,100,5744,5618,126,61704,122140,170092,574400,0.001,0.0001,6.331613839778581e-35
10,100,1.0,5,1d,16,214,0,100,5744,5618,126,61704,122140,170092,574400,0.0001,1e-05,0.00038140946630533807
10,100,1.0,5,1d,16,214,0,100,5744,5618,126,61704,122140,170092,574400,1e-05,1.0000000000000002e-06,0.45514684753375145
10,100,1.0,5,ancilla,16,214,10,110,10428,10302,126,79884,95844,892382,1147080,0.001,0.0001,3.4030293699918476e-74
10,100,1.0,5,ancilla,16,214,10,110,10428,10302,126,79884,95844,892382,1147080,0.0001,1e-05,4.517761726604544e-08
10,100,1.0,5,ancilla,16,214,10,110,10428,10302,126,79884,95844,892382,1147080,1e-05,1.0000000000000002e-06,0.18429336050317746
10,100,1.0,5,primitive,16,214,0,100,9916,9790,126,81548,97508,742204,991600,0.001,0.0001,2.144430150780646e-68
10,100,1.0,5,primitive,16,214,0,100,9916,9790,126,81548,97508,742204,991600,0.0001,1e-05,1.717398718999787e-07
10,100,1.0,5,primitive,16,214,0,100,9916,9790,126,81548,97508,742204,991600,1e-05,1.0000000000000002e-06,0.21062237338118253
10,100,1.0,5,pipelined,16,214,0,100,7548,7422,126,72332,88292,523836,754800,0.001,0.0001,6.604628104813702e-55
10,100,1.0,5,pipelined,16,214,0,100,7548,7422,126,72332,88292,523836,754800,0.0001,1e-05,3.832673808344935e-06
10,100,1.0,5,pipelined,16,214,0,100,7548,7422,126,72332,88292,523836,754800,1e-05,1.0000000000000002e-06,0.2873196618881944
10,100,1.0,6,naive_pauli,17,214,0,100,18026,0,18026,18026,18026,1766548,1802600,0.001,0.0001,2.776192993668975e-85
10,100,1.0,6,naive_pauli,17,214,0,100,18026,0,18026,18026,18026,1766548,1802600,0.0001,1e-05,3.507864237832114e-09
10,100,1.0,6,naive_pauli,17,214,0,100,18026,0,18026,18026,18026,1766548,1802600,1e-05,1.0000000000000002e-06,0.14272868128221383
10,100,1.0,6,1d,17,214,0,100,6192,6060,132,65958,130652,184284,619200,0.001,0.0001,2.1712997618708545e-37
10,100,1.0,6,1d,17,214,0,100,6192,6060,132,65958,130652,184284,619200,0.0001,1e-05,0.0002162708444580794
10,100,1.0,6,1d,17,214,0,100,6192,6060,132,65958,130652,184284,619200,1e-05,1.0000000000000002e-06,0.43004415476499097
10,100,1.0,6,ancilla,17,214,10,110,11068,10936,132,85194,102552,946772,1217480,0.001,0.0001,7.283873184804408e-79
10,100,1.0,6,ancilla,17,214,10,110,11068,10936,132,85194,102552,946772,1217480,0.0001,1e-05,1.5420109968731696e-08
10,100,1.0,6,ancilla,17,214,10,110,11068,10936,132,85194,102552,946772,1217480,1e-05,1.0000000000000002e-06,0.16551114697033725
10,100,1.0,6,primitive,17,214,0,100,10524,10392,132,86962,104320,787276,1052400,0.001,0.0001,1.0503044179880965e-72
10,100,1.0,6,primitive,17,214,0,100,10524,10392,132,86962,104320,787276,1052400,0.0001,1e-05,6.367752241192109e-08
10,100,1.0,6,primitive,17,214,0,100,10524,10392,132,86962,104320,787276,1052400,1e-05,1.0000000000000002e-06,0.19072918402216066
10,100,1.0,6,pipelined,17,214,0,100,8008,7876,132,77170,94528,555260,800800,0.001,0.0001,2.253643333401027e-58
10,100,1.0,6,pipelined,17,214,0,100,8008,7876,132,77170,94528,555260,800800,0.0001,1e-05,1.7254655861500577e-06
10,100,1.0,6,pipelined,17,214,0,100,8008,7876,132,77170,94528,555260,800800,1e-05,1.0000000000000002e-06,0.26528139825924124
10,100,1.0,7,naive_pauli,18,203,0,100,16800,0,16800,16800,16800,1646400,1680000,0.001,0.0001,1.5645280194702866e-79
10,100,1.0,7,naive_pauli,18,203,0,100,16800,0,16800,16800,16800,1646400,1680000,0.0001,1e-05,1.3185259629275247e-08
10,100,1.0,7,naive_pauli,18,203,0,100,16800,0,16800,16800,16800,1646400,1680000,1e-05,1.0000000000000002e-06,0.16293536944899462
10,100,1.0,7,1d,18,203,0,100,6174,6036,138,62516,123838,190568,617400,0.001,0.0001,3.6256427754456024e-36
10,100,1.0,7,1d,18,203,0,100,6174,6036,138,62516,123838,190568,617400,0.0001,1e-05,0.00028654867834049865
10,100,1.0,7,1d,18,203,0,100,6174,6036,138,62516,123838,190568,617400,1e-05,1.0000000000000002e-06,0.4423157784494717
10,100,1.0,7,ancilla,18,203,10,110,11700,11562,138,89270,106858,1003190,1287000,0.001,0.0001,4.374891218217296e-83
10,100,1.0,7,ancilla,18,203,10,110,11700,11562,138,89270,106858,1003190,1287000,0.0001,1e-05,5.834971009815312e-09
10,100,1.0,7,ancilla,18,203,10,110,11700,11562,138,89270,106858,1003190,1287000,1e-05,1.0000000000000002e-06,0.15018386555687524
10,100,1.0,7,primitive,18,203,0,100,11124,10986,138,91142,108730,834416,1112400,0.001,0.0001,1.4377700054454514e-76
10,100,1.0,7,primitive,18,203,0,100,11124,10986,138,91142,108730,834416,1112400,0.0001,1e-05,2.6164626777255855e-08
10,100,1.0,7,primitive,18,203,0,100,11124,10986,138,91142,108730,834416,1112400,1e-05,1.0000000000000002e-06,0.17449817874971488
10,100,1.0,7,pipelined,18,203,0,100,8460,8322,138,80774,98362,588752,846000,0.001,0.0001,2.149279718807378e-61
10,100,1.0,7,pipelined,18,203,0,100,8460,8322,138,80774,98362,588752,846000,0.0001,1e-05,8.608433103853281e-07
10,100,1.0,7,pipelined,18,203,0,100,8460,8322,138,80774,98362,588752,846000,1e-05,1.0000000000000002e-06,0.247462472899916
10,100,1.0,8,naive_pauli,15,188,0,100,15152,0,15152,15152,15152,1484896,1515200,0.001,0.0001,8.410834247294107e-72
10,100,1.0,8,naive_pauli,15,188,0,100,15152,0,15152,15152,15152,1484896,1515200,0.0001,1e-05,7.817546305724366e-08
10,100,1.0,8,naive_pauli,15,188,0,100,15152,0,15152,15152,15152,1484896,1515200,1e-05,1.0000000000000002e-06,0.19467622206126178
10,100,1.0,8,1d,15,188,0,100,5278,5158,120,56714,112310,156472,527800,0.001,0.0001,3.641386970022241e-32
10,100,1.0,8,1d,15,188,0,100,5278,5158,120,56714,112310,156472,527800,0.0001,1e-05,0.0007198905203749552
10,100,1.0,8,1d,15,188,0,100,5278,5158,120,56714,112310,156472,527800,1e-05,1.0000000000000002e-06,0.48499586495020014
10,100,1.0,8,ancilla,15,188,10,110,9770,9650,120,75218,90578,835714,1074700,0.001,0.0001,1.0482881249704083e-69
10,100,1.0,8,ancilla,15,188,10,110,9770,9650,120,75218,90578,835714,1074700,0.0001,1e-05,1.2696455283092046e-07
10,100,1.0,8,ancilla,15,188,10,110,9770,9650,120,75218,90578,835714,1074700,1e-05,1.0000000000000002e-06,0.20435467765954887
10,100,1.0,8,primitive,15,188,0,100,9290,9170,120,76778,92138,694944,929000,0.001,0.0001,2.860957583176005e-64
10,100,1.0,8,primitive,15,188,0,100,9290,9170,120,76778,92138,694944,929000,0.0001,1e-05,4.439034900055286e-07
10,100,1.0,8,primitive,15,188,0,100,9290,9170,120,76778,92138,694944,929000,1e-05,1.0000000000000002e-06,0.23160355436213054
10,100,1.0,8,pipelined,15,188,0,100,7070,6950,120,68138,83498,490224,707000,0.001,0.0001,1.2647781478008977e-51
10,100,1.0,8,pipelined,15,188,0,100,7070,6950,120,68138,83498,490224,707000,0.0001,1e-05,8.158867184496763e-06
10,100,1.0,8,pipelined,15,188,0,100,7070,6950,120,68138,83498,490224,707000,1e-05,1.0000000000000002e-06,0.309868380081222
10,100,1.0,9,naive_pauli,17,218,0,100,17420,0,17420,17420,17420,1707160,1742000,0.001,0.0001,1.9323279068076651e-82
10,100,1.0,9,naive_pauli,17,218,0,100,17420,0,17420,17420,17420,1707160,1742000,0.0001,1e-05,6.749668365552005e-09
10,100,1.0,9,naive_pauli,17,218,0,100,17420,0,17420,17420,17420,1707160,1742000,1e-05,1.0000000000000002e-06,0.15238246146013046
10,100,1.0,9,1d,17,218,0,100,5848,5716,132,66168,131046,166664,584800,0.001,0.0001,1.0250320697617281e-36
10,100,1.0,9,1d,17,218,0,100,5848,5716,132,66168,131046,166664,584800,0.0001,1e-05,0.0002525808417094398
10,100,1.0,9,1d,17,218,0,100,5848,5716,132,66168,131046,166664,584800,1e-05,1.0000000000000002e-06,0.43677050074525553
10,100,1.0,9,ancilla,17,218,10,110,11040,10908,132,84970,102078,945680,1214400,0.001,0.0001,1.0165303324227115e-78
10,100,1.0,9,ancilla,17,218,10,110,11040,10908,132,84970,102078,945680,1214400,0.0001,1e-05,1.5942582504921344e-08
10,100,1.0,9,ancilla,17,218,10,110,11040,10908,132,84970,102078,945680,1214400,1e-05,1.0000000000000002e-06,0.16606355185485377
10,100,1.0,9,primitive,17,218,0,100,10496,10364,132,86738,103846,786324,1049600,0.001,0.0001,1.4454155803641384e-72
10,100,1.0,9,primitive,17,218,0,100,10496,10364,132,86738,103846,786324,1049600,0.0001,1e-05,6.574297370900754e-08
10,100,1.0,9,primitive,17,218,0,100,10496,10364,132,86738,103846,786324,1049600,1e-05,1.0000000000000002e-06,0.19133896650317764
10,100,1.0,9,pipelined,17,218,0,100,7980,7848,132,76946,94054,554308,798000,0.001,0.0001,3.1014352895148305e-58
10,100,1.0,9,pipelined,17,218,0,100,7980,7848,132,76946,94054,554308,798000,0.0001,1e-05,1.7814329824620177e-06
10,100,1.0,9,pipelined,17,218,0,100,7980,7848,132,76946,94054,554308,798000,1e-05,1.0000000000000002e-06,0.2661295324869815
12,144,1.0,0,naive_pauli,17,311,0,144,36168,0,36168,36168,36168,5135856,5208192,0.001,0.0001,1.6828018439620599e-239
12,144,1.0,0,naive_pauli,17,311,0,144,36168,0,36168,36168,36168,5135856,5208192,0.0001,1e-05,1.3314180610133764e-24
12,144,1.0,0,naive_pauli,17,311,0,144,36168,0,36168,36168,36168,5135856,5208192,1e-05,1.0000000000000002e-06,0.004096835729692873
12,144,1.0,0,1d,17,311,0,144,9034,8900,134,137638,273430,384820,1300896,0.001,0.0001,3.0290923448561804e-77
12,144,1.0,0,1d,17,311,0,144,9034,8900,134,137638,273430,384820,1300896,0.0001,1e-05,2.2433566909783806e-08
12,144,1.0,0,1d,17,311,0,144,9034,8900,134,137638,273430,384820,1300896,1e-05,1.0000000000000002e-06,0.17183731816574152
12,144,1.0,0,ancilla,17,311,12,156,13236,13102,134,130094,160490,1631312,2064816,0.001,0.0001,4.1889261077940246e-128
12,144,1.0,0,ancilla,17,311,12,156,13236,13102,134,130094,160490,1631312,2064816,0.0001,1e-05,1.8410832652237165e-13
12,144,1.0,0,ancilla,17,311,12,156,13236,13102,134,130094,160490,1631312,2064816,1e-05,1.0000000000000002e-06,0.053276533306215255
12,144,1.0,0,primitive,17,311,0,144,12556,12422,134,133766,164162,1380548,1808064,0.001,0.0001,8.272983815929404e-119
12,144,1.0,0,primitive,17,311,0,144,12556,12422,134,133766,164162,1380548,1808064,0.0001,1e-05,1.5654967934778197e-12
12,144,1.0,0,primitive,17,311,0,144,12556,12422,134,133766,164162,1380548,1808064,1e-05,1.0000000000000002e-06,0.06599242088320904
12,144,1.0,0,pipelined,17,311,0,144,9496,9362,134,118806,149202,969828,1367424,0.001,0.0001,1.8038200144911737e-94
12,144,1.0,0,pipelined,17,311,0,144,9496,9362,134,118806,149202,969828,1367424,0.0001,1e-05,4.2474906304233427e-10
12,144,1.0,0,pipelined,17,311,0,144,9496,9362,134,118806,149202,969828,1367424,1e-05,1.0000000000000002e-06,0.1155682025212216
12,144,1.0,1,naive_pauli,15,282,0,144,32946,0,32946,32946,32946,4678332,4744224,0.001,0.0001,3.140785924251588e-218
12,144,1.0,1,naive_pauli,15,282,0,144,32946,0,32946,32946,32946,4678332,4744224,0.0001,1e-05,1.783456592141467e-22
12,144,1.0,1,naive_pauli,15,282,0,144,32946,0,32946,32946,32946,4678332,4744224,1e-05,1.0000000000000002e-06,0.006685622280905439
12,144,1.0,1,1d,15,282,0,144,8066,7946,120,126590,251504,336212,1161504,0.001,0.0001,2.4712846315135743e-70
12,144,1.0,1,1d,15,282,0,144,8066,7946,120,126590,251504,336212,1161504,0.0001,1e-05,1.101117802646908e-07
12,144,1.0,1,1d,15,282,0,144,8066,7946,120,126590,251504,336212,1161504,1e-05,1.0000000000000002e-06,0.20146925343457497
12,144,1.0,1,ancilla,15,282,12,156,11700,11580,120,115062,142108,1440636,1825200,0.001,0.0001,2.723022469239681e-113
12,144,1.0,1,ancilla,15,282,12,156,11700,11580,120,115062,142108,1440636,1825200,0.0001,1e-05,5.572332543766653e-12
12,144,1.0,1,ancilla,15,282,12,156,11700,11580,120,115062,142108,1440636,1825200,1e-05,1.0000000000000002e-06,0.07492538903306743
12,144,1.0,1,primitive,15,282,0,144,11100,10980,120,118302,145348,1219236,1598400,0.001,0.0001,4.395352419333816e-105
12,144,1.0,1,primitive,15,282,0,144,11100,10980,120,118302,145348,1219236,1598400,0.0001,1e-05,3.6885134261854644e-11
12,144,1.0,1,primitive,15,282,0,144,11100,10980,120,118302,145348,1219236,1598400,1e-05,1.0000000000000002e-06,0.09051293368984366
12,144,1.0,1,pipelined,15,282,0,144,8400,8280,120,105102,132148,856836,1209600,0.001,0.0001,1.312708017678347e-83
12,144,1.0,1,pipelined,15,282,0,144,8400,8280,120,105102,132148,856836,1209600,0.0001,1e-05,5.176542952913172e-09
12,144,1.0,1,pipelined,15,282,0,144,8400,8280,120,105102,132148,856836,1209600,1e-05,1.0000000000000002e-06,0.14839736810121
12,144,1.0,2,naive_pauli,18,291,0,144,34692,0,34692,34692,34692,4926264,4995648,0.001,0.0001,9.338828851935463e-230
12,144,1.0,2,naive_pauli,18,291,0,144,34692,0,34692,34692,34692,4926264,4995648,0.0001,1e-05,1.2550775364167083e-23
12,144,1.0,2,naive_pauli,18,291,0,144,34692,0,34692,34692,34692,4926264,4995648,1e-05,1.0000000000000002e-06,0.005127237838306356
12,144,1.0,2,1d,18,291,0,144,8946,8808,138,128154,254574,397740,1288224,0.001,0.0001,1.0992226035541723e-73
12,144,1.0,2,1d,18,291,0,144,8946,8808,138,128154,254574,397740,1288224,0.0001,1e-05,5.089705875496605e-08
12,144,1.0,2,1d,18,291,0,144,8946,8808,138,128154,254574,397740,1288224,1e-05,1.0000000000000002e-06,0.186506981437353
12,144,1.0,2,ancilla,18,291,12,156,13956,13818,138,135968,166594,1725956,2177136,0.001,0.0001,9.104127136275604e-135
12,144,1.0,2,ancilla,18,291,12,156,13956,13818,138,135968,166594,1725956,2177136,0.0001,1e-05,3.971187301183596e-14
12,144,1.0,2,ancilla,18,291,12,156,13956,13818,138,135968,166594,1725956,2177136,1e-05,1.0000000000000002e-06,0.04570060871044278
12,144,1.0,2,primitive,18,291,0,144,13236,13098,138,139856,170482,1460816,1905984,0.001,0.0001,6.099808660998146e-125
12,144,1.0,2,primitive,18,291,0,144,13236,13098,138,139856,170482,1460816,1905984,0.0001,1e-05,3.815508101589328e-13
12,144,1.0,2,primitive,18,291,0,144,13236,13098,138,139856,170482,1460816,1905984,1e-05,1.0000000000000002e-06,0.05730406454607227
12,144,1.0,2,pipelined,18,291,0,144,9996,9858,138,124016,154642,1025936,1439424,0.001,0.0001,3.5935652470371266e-99
12,144,1.0,2,pipelined,18,291,0,144,9996,9858,138,124016,154642,1025936,1439424,0.0001,1e-05,1.4393901421779142e-10
12,144,1.0,2,pipelined,18,291,0,144,9996,9858,138,124016,154642,1025936,1439424,1e-05,1.0000000000000002e-06,0.10371560282968298
12,144,1.0,3,naive_pauli,18,285,0,144,33006,0,33006,33006,33006,4686852,4752864,0.001,0.0001,1.2616248328566246e-218
12,144,1.0,3,naive_pauli,18,285,0,144,33006,0,33006,33006,33006,4686852,4752864,0.0001,1e-05,1.6280006403530896e-22
12,144,1.0,3,naive_pauli,18,285,0,144,33006,0,33006,33006,33006,4686852,4752864,1e-05,1.0000000000000002e-06,0.00662492655060901
12,144,1.0,3,1d,18,285,0,144,9126,8990,136,114942,228188,436980,1314144,0.001,0.0001,1.1956345255249892e-69
12,144,1.0,3,1d,18,285,0,144,9126,8990,136,114942,228188,436980,1314144,0.0001,1e-05,1.2885261599165295e-07
12,144,1.0,3,1d,18,285,0,144,9126,8990,136,114942,228188,436980,1314144,1e-05,1.0000000000000002e-06,0.20465984603182938
12,144,1.0,3,ancilla,18,285,12,156,13984,13848,136,134112,162920,1731696,2181504,0.001,0.0001,3.2839358798716566e-134
12,144,1.0,3,ancilla,18,285,12,156,13984,13848,136,134112,162920,1731696,2181504,0.0001,1e-05,4.5144082353545124e-14
12,144,1.0,3,ancilla,18,285,12,156,13984,13848,136,134112,162920,1731696,2181504,1e-05,1.0000000000000002e-06,0.0462902662794537
12,144,1.0,3,primitive,18,285,0,144,13264,13128,136,138000,166808,1466400,1910016,0.001,0.0001,2.2348475331607172e-124
12,144,1.0,3,primitive,18,285,0,144,13264,13128,136,138000,166808,1466400,1910016,0.0001,1e-05,4.344205301713313e-13
12,144,1.0,3,primitive,18,285,0,144,13264,13128,136,138000,166808,1466400,1910016,1e-05,1.0000000000000002e-06,0.05805249257862993
12,144,1.0,3,pipelined,18,285,0,144,10024,9888,136,122160,150968,1031520,1443456,0.001,0.0001,1.3166102207341755e-98
12,144,1.0,3,pipelined,18,285,0,144,10024,9888,136,122160,150968,1031520,1443456,0.0001,1e-05,1.638839735205521e-10
12,144,1.0,3,pipelined,18,285,0,144,10024,9888,136,122160,150968,1031520,1443456,1e-05,1.0000000000000002e-06,0.10507019547832386
12,144,1.0,4,naive_pauli,14,250,0,144,29280,0,29280,29280,29280,4157760,4216320,0.001,0.0001,5.003151868543836e-194
12,144,1.0,4,naive_pauli,14,250,0,144,29280,0,29280,29280,29280,4157760,4216320,0.0001,1e-05,4.6914774816789447e-20
12,144,1.0,4,naive_pauli,14,250,0,144,29280,0,29280,29280,29280,4157760,4216320,1e-05,1.0000000000000002e-06,0.011671987449715357
12,144,1.0,4,1d,14,250,0,144,7318,7206,112,106336,211188,322288,1053792,0.001,0.0001,6.284433189090784e-61
12,144,1.0,4,1d,14,250,0,144,7318,7206,112,106336,211188,322288,1053792,0.0001,1e-05,9.593327656265357e-07
12,144,1.0,4,1d,14,250,0,144,7318,7206,112,106336,211188,322288,1053792,1e-05,1.0000000000000002e-06,0.2501602721363463
12,144,1.0,4,ancilla,14,250,12,156,10916,10804,112,106650,131232,1345764,1702896,0.001,0.0001,1.6240855502608e-105
12,144,1.0,4,ancilla,14,250,12,156,10916,10804,112,106650,131232,1345764,1702896,0.0001,1e-05,3.337411307347289e-11
12,144,1.0,4,ancilla,14,250,12,156,10916,10804,112,106650,131232,1345764,1702896,1e-05,1.0000000000000002e-06,0.08961164459463886
12,144,1.0,4,primitive,14,250,0,144,10356,10244,112,109674,134256,1139148,1491264,0.001,0.0001,7.418444567953133e-98
12,144,1.0,4,primitive,14,250,0,144,10356,10244,112,109674,134256,1139148,1491264,0.0001,1e-05,1.9471476646443497e-10
12,144,1.0,4,primitive,14,250,0,144,10356,10244,112,109674,134256,1139148,1491264,1e-05,1.0000000000000002e-06,0.10689651593054655
12,144,1.0,4,pipelined,14,250,0,144,7836,7724,112,97354,121936,800908,1128384,0.001,0.0001,8.199908296578765e-78
12,144,1.0,4,pipelined,14,250,0,144,7836,7724,112,97354,121936,800908,1128384,0.0001,1e-05,1.9653569757481097e-08
12,144,1.0,4,pipelined,14,250,0,144,7836,7724,112,97354,121936,800908,1128384,1e-05,1.0000000000000002e-06,0.1695761368252289
12,144,1.0,5,naive_pauli,18,304,0,144,35400,0,35400,35400,35400,5026800,5097600,0.001,0.0001,1.9779565692909562e-234
12,144,1.0,5,naive_pauli,18,304,0,144,35400,0,35400,35400,35400,5026800,5097600,0.0001,1e-05,4.278548765481926e-24
12,144,1.0,5,naive_pauli,18,304,0,144,35400,0,35400,35400,35400,5026800,5097600,1e-05,1.0000000000000002e-06,0.004604117424519689
12,144,1.0,5,1d,18,304,0,144,9418,9280,138,126136,250470,435760,1356192,0.001,0.0001,1.8478223902105055e-74
12,144,1.0,5,1d,18,304,0,144,9418,9280,138,126136,250470,435760,1356192,0.0001,1e-05,4.258122067149498e-08
12,144,1.0,5,1d,18,304,0,144,9418,9280,138,126136,250470,435760,1356192,1e-05,1.0000000000000002e-06,0.1832092155605834
12,144,1.0,5,ancilla,18,304,12,156,14014,13876,138,135750,166090,1730916,2186184,0.001,0.0001,6.895107576559547e-135
12,144,1.0,5,ancilla,18,304,12,156,14014,13876,138,135750,166090,1730916,2186184,0.0001,1e-05,3.862311970902925e-14
12,144,1.0,5,ancilla,18,304,12,156,14014,13876,138,135750,166090,1730916,2186184,1e-05,1.0000000000000002e-06,0.045573737834714856
12,144,1.0,5,primitive,18,304,0,144,13294,13156,138,139638,169978,1465428,1914336,0.001,0.0001,4.78336089155508e-125
12,144,1.0,5,primitive,18,304,0,144,13294,13156,138,139638,169978,1465428,1914336,0.0001,1e-05,3.7238374179471347e-13
12,144,1.0,5,primitive,18,304,0,144,13294,13156,138,139638,169978,1465428,1914336,1e-05,1.0000000000000002e-06,0.05716487088106782
12,144,1.0,5,pipelined,18,304,0,144,10054,9916,138,123798,154138,1030548,1447776,0.001,0.0001,2.818009616241975e-99
12,144,1.0,5,pipelined,18,304,0,144,10054,9916,138,123798,154138,1030548,1447776,0.0001,1e-05,1.404807623979009e-10
12,144,1.0,5,pipelined,18,304,0,144,10054,9916,138,123798,154138,1030548,1447776,1e-05,1.0000000000000002e-06,0.10346367384366137
12,144,1.0,6,naive_pauli,17,303,0,144,36976,0,36976,36976,36976,5250592,5324544,0.001,0.0001,7.79430032239455e-245
12,144,1.0,6,naive_pauli,17,303,0,144,36976,0,36976,36976,36976,5250592,5324544,0.0001,1e-05,3.898765253788484e-25
12,144,1.0,6,naive_pauli,17,303,0,144,36976,0,36976,36976,36976,5250592,5324544,1e-05,1.0000000000000002e-06,0.003623349247982203
12,144,1.0,6,1d,17,303,0,144,8761,8626,135,134352,266914,371808,1261584,0.001,0.0001,2.980234512817179e-75
12,144,1.0,6,1d,17,303,0,144,8761,8626,135,134352,266914,371808,1261584,0.0001,1e-05,3.549157845267707e-08
12,144,1.0,6,1d,17,303,0,144,8761,8626,135,134352,266914,371808,1261584,1e-05,1.0000000000000002e-06,0.17990346031482088
12,144,1.0,6,ancilla,17,303,12,156,13235,13100,135,129744,159846,1632012,2064660,0.001,0.0001,5.543444279893253e-128
12,144,1.0,6,ancilla,17,303,12,156,13235,13100,135,129744,159846,1632012,2064660,0.0001,1e-05,1.8933653319558557e-13
12,144,1.0,6,ancilla,17,303,12,156,13235,13100,135,129744,159846,1632012,2064660,1e-05,1.0000000000000002e-06,0.053425917554799585
12,144,1.0,6,primitive,17,303,0,144,12555,12420,135,133416,163518,1381248,1807920,0.001,0.0001,1.0948110239217032e-118
12,144,1.0,6,primitive,17,303,0,144,12555,12420,135,133416,163518,1381248,1807920,0.0001,1e-05,1.6099529076425487e-12
12,144,1.0,6,primitive,17,303,0,144,12555,12420,135,133416,163518,1381248,1807920,1e-05,1.0000000000000002e-06,0.066177459728534
12,144,1.0,6,pipelined,17,303,0,144,9495,9360,135,118456,148558,970528,1367280,0.001,0.0001,2.3870976675102876e-94
12,144,1.0,6,pipelined,17,303,0,144,9495,9360,135,118456,148558,970528,1367280,0.0001,1e-05,4.368108525756255e-10
12,144,1.0,6,pipelined,17,303,0,144,9495,9360,135,118456,148558,970528,1367280,1e-05,1.0000000000000002e-06,0.11589224892631796
12,144,1.0,7,naive_pauli,20,290,0,144,34336,0,34336,34336,34336,4875712,4944384,0.001,0.0001,2.0918659577541914e-227
12,144,1.0,7,naive_pauli,20,290,0,144,34336,0,34336,34336,34336,4875712,4944384,0.0001,1e-05,2.1561444727238555e-23
12,144,1.0,7,naive_pauli,20,290,0,144,34336,0,34336,34336,34336,4875712,4944384,1e-05,1.0000000000000002e-06,0.005412326969718812
12,144,1.0,7,1d,20,290,0,144,9640,9490,150,131186,260650,442508,1388160,0.001,0.0001,6.0158804325600225e-77
12,144,1.0,7,1d,20,290,0,144,9640,9490,150,131186,260650,442508,1388160,0.0001,1e-05,2.4020502528558396e-08
12,144,1.0,7,1d,20,290,0,144,9640,9490,150,131186,260650,442508,1388160,1e-05,1.0000000000000002e-06,0.1730153810549004
12,144,1.0,7,ancilla,20,290,12,156,15476,15326,150,149484,182126,1918260,2414256,0.001,0.0001,5.4237911834195845e-149
12,144,1.0,7,ancilla,20,290,12,156,15476,15326,150,149484,182126,1918260,2414256,0.0001,1e-05,1.5022034719768265e-15
12,144,1.0,7,ancilla,20,290,12,156,15476,15326,150,149484,182126,1918260,2414256,1e-05,1.0000000000000002e-06,0.03293865346680052
12,144,1.0,7,primitive,20,290,0,144,14676,14526,150,153804,186446,1623864,2113344,0.001,0.0001,4.3985267943144296e-138
12,144,1.0,7,primitive,20,290,0,144,14676,14526,150,153804,186446,1623864,2113344,0.0001,1e-05,1.8520646373264062e-14
12,144,1.0,7,primitive,20,290,0,144,14676,14526,150,153804,186446,1623864,2113344,1e-05,1.0000000000000002e-06,0.042344679296490204
12,144,1.0,7,pipelined,20,290,0,144,11076,10926,150,136204,168846,1140664,1594944,0.001,0.0001,1.891791002440952e-109
12,144,1.0,7,pipelined,20,290,0,144,11076,10926,150,136204,168846,1140664,1594944,0.0001,1e-05,1.3507472043028231e-11
12,144,1.0,7,pipelined,20,290,0,144,11076,10926,150,136204,168846,1140664,1594944,1e-05,1.0000000000000002e-06,0.08186273640561789
12,144,1.0,8,naive_pauli,17,272,0,144,30820,0,30820,30820,30820,4376440,4438080,0.001,0.0001,3.407759478320259e-204
12,144,1.0,8,naive_pauli,17,272,0,144,30820,0,30820,30820,30820,4376440,4438080,0.0001,1e-05,4.515491405353719e-21
12,144,1.0,8,naive_pauli,17,272,0,144,30820,0,30820,30820,30820,4376440,4438080,1e-05,1.0000000000000002e-06,0.009236024550555584
12,144,1.0,8,1d,17,272,0,144,8830,8700,130,116512,231406,412096,1271520,0.001,0.0001,2.9934181628699666e-69
12,144,1.0,8,1d,17,272,0,144,8830,8700,130,116512,231406,412096,1271520,0.0001,1e-05,1.4124594097999493e-07
12,144,1.0,8,1d,17,272,0,144,8830,8700,130,116512,231406,412096,1271520,1e-05,1.0000000000000002e-06,0.20654808600210653
12,144,1.0,8,ancilla,17,272,12,156,13210,13080,130,127666,155862,1633828,2060760,0.001,0.0001,3.696777663122764e-127
12,144,1.0,8,ancilla,17,272,12,156,13210,13080,130,127666,155862,1633828,2060760,0.0001,1e-05,2.2887507495397355e-13
12,144,1.0,8,ancilla,17,272,12,156,13210,13080,130,127666,155862,1633828,2060760,1e-05,1.0000000000000002e-06,0.054448760149767746
12,144,1.0,8,primitive,17,272,0,144,12530,12400,130,131338,159534,1383244,1804320,0.001,0.0001,7.170758808202923e-118
12,144,1.0,8,primitive,17,272,0,144,12530,12400,130,131338,159534,1383244,1804320,0.0001,1e-05,1.942654272268294e-12
12,144,1.0,8,primitive,17,272,0,144,12530,12400,130,131338,159534,1383244,1804320,1e-05,1.0000000000000002e-06,0.06743229249953854
12,144,1.0,8,pipelined,17,272,0,144,9470,9340,130,116378,144574,972524,1363680,0.001,0.0001,1.563493721868498e-93
12,144,1.0,8,pipelined,17,272,0,144,9470,9340,130,116378,144574,972524,1363680,0.0001,1e-05,5.270790623135416e-10
12,144,1.0,8,pipelined,17,272,0,144,9470,9340,130,116378,144574,972524,1363680,1e-05,1.0000000000000002e-06,0.11808975533491546
12,144,1.0,9,naive_pauli,19,307,0,144,36216,0,36216,36216,36216,5142672,5215104,0.001,0.0001,8.112346522553289e-240
12,144,1.0,9,naive_pauli,19,307,0,144,36216,0,36216,36216,36216,5142672,5215104,0.0001,1e-05,1.2377361242133318e-24
12,144,1.0,9,naive_pauli,19,307,0,144,36216,0,36216,36216,36216,5142672,5215104,1e-05,1.0000000000000002e-06,0.004067053968476184
12,144,1.0,9,1d,19,307,0,144,9764,9618,146,139330,276832,434860,1406016,0.001,0.0001,3.739386334841466e-80
12,144,1.0,9,1d,19,307,0,144,9764,9618,146,139330,276832,434860,1406016,0.0001,1e-05,1.1483915421996779e-08
12,144,1.0,9,1d,19,307,0,144,9764,9618,146,139330,276832,434860,1406016,1e-05,1.0000000000000002e-06,0.16070784592805237
12,144,1.0,9,ancilla,19,307,12,156,14762,14616,146,143250,175308,1824804,2302872,0.001,0.0001,3.176836184545009e-142
12,144,1.0,9,ancilla,19,307,12,156,14762,14616,146,143250,175308,1824804,2302872,0.0001,1e-05,7.134405005085726e-15
12,144,1.0,9,ancilla,19,307,12,156,14762,14616,146,143250,175308,1824804,2302872,1e-05,1.0000000000000002e-06,0.038491721953721594
12,144,1.0,9,primitive,19,307,0,144,14002,13856,146,147354,179412,1544748,2016288,0.001,0.0001,7.62156603820979e-132
12,144,1.0,9,primitive,19,307,0,144,14002,13856,146,147354,179412,1544748,2016288,0.0001,1e-05,7.787323699524614e-14
12,144,1.0,9,primitive,19,307,0,144,14002,13856,146,147354,179412,1544748,2016288,1e-05,1.0000000000000002e-06,0.0488844396766516
12,144,1.0,9,pipelined,19,307,0,144,10582,10436,146,130634,162692,1085708,1523808,0.001,0.0001,1.2131984171137312e-104
12,144,1.0,9,pipelined,19,307,0,144,10582,10436,146,130634,162692,1085708,1523808,0.0001,1e-05,4.0847009700054196e-11
12,144,1.0,9,pipelined,19,307,0,144,10582,10436,146,130634,162692,1085708,1523808,1e-05,1.0000000000000002e-06,0.09144157139823435
14,196,1.0,0,naive_pauli,17,418,0,196,65966,0,65966,65966,65966,12797404,12929336,0.001,0.0001,0.0
14,196,1.0,0,naive_pauli,17,418,0,196,65966,0,65966,65966,65966,12797404,12929336,0.0001,1e-05,3.599916896088276e-59
14,196,1.0,0,naive_pauli,17,418,0,196,65966,0,65966,65966,65966,12797404,12929336,1e-05,1.0000000000000002e-06,1.4310906710277192e-06
14,196,1.0,0,1d,17,418,0,196,12400,12266,134,247018,491542,734296,2430400,0.001,0.0001,5.971808980132998e-140
14,196,1.0,0,1d,17,418,0,196,12400,12266,134,247018,491542,734296,2430400,0.0001,1e-05,1.2094423850189662e-14
14,196,1.0,0,1d,17,418,0,196,12400,12266,134,247018,491542,734296,2430400,1e-05,1.0000000000000002e-06,0.040579643970659766
14,196,1.0,0,ancilla,17,418,14,210,15410,15276,134,184008,232310,2592144,3236100,0.001,0.0001,2.9197441183185317e-193
14,196,1.0,0,ancilla,17,418,14,210,15410,15276,134,184008,232310,2592144,3236100,0.0001,1e-05,5.63170450651466e-20
14,196,1.0,0,ancilla,17,418,14,210,15410,15276,134,184008,232310,2592144,3236100,1e-05,1.0000000000000002e-06,0.011887896508353389
14,196,1.0,0,primitive,17,418,0,196,14594,14460,134,192032,240334,2218816,2860424,0.001,0.0001,1.5597754374992e-180
14,196,1.0,0,primitive,17,418,0,196,14594,14460,134,192032,240334,2218816,2860424,0.0001,1e-05,1.055590692598175e-18
14,196,1.0,0,primitive,17,418,0,196,14594,14460,134,192032,240334,2218816,2860424,1e-05,1.0000000000000002e-06,0.015936444094892276
14,196,1.0,0,pipelined,17,418,0,196,10990,10856,134,170816,219118,1554864,2154040,0.001,0.0001,1.7708211852056425e-142
14,196,1.0,0,pipelined,17,418,0,196,10990,10856,134,170816,219118,1554864,2154040,0.0001,1e-05,6.736931231369666e-15
14,196,1.0,0,pipelined,17,418,0,196,10990,10856,134,170816,219118,1554864,2154040,1e-05,1.0000000000000002e-06,0.0382721302141025
14,196,1.0,1,naive_pauli,17,384,0,196,61386,0,61386,61386,61386,11908884,12031656,0.001,0.0001,0.0
14,196,1.0,1,naive_pauli,17,384,0,196,61386,0,61386,61386,61386,11908884,12031656,0.0001,1e-05,4.111704721422853e-55
14,196,1.0,1,naive_pauli,17,384,0,196,61386,0,61386,61386,61386,11908884,12031656,1e-05,1.0000000000000002e-06,3.6428179122258963e-06
14,196,1.0,1,1d,17,384,0,196,11962,11830,132,228684,455086,727844,2344552,0.001,0.0001,1.0535753069937054e-131
14,196,1.0,1,1d,17,384,0,196,11962,11830,132,228684,455086,727844,2344552,0.0001,1e-05,8.070144704419663e-14
14,196,1.0,1,1d,17,384,0,196,11962,11830,132,228684,455086,727844,2344552,1e-05,1.0000000000000002e-06,0.04906075758756309
14,196,1.0,1,ancilla,17,384,14,210,15366,15234,132,182010,228526,2591310,3226860,0.001,0.0001,2.3427248682598937e-192
14,196,1.0,1,ancilla,17,384,14,210,15366,15234,132,182010,228526,2591310,3226860,0.0001,1e-05,6.934869132207173e-20
14,196,1.0,1,ancilla,17,384,14,210,15366,15234,132,182010,228526,2591310,3226860,1e-05,1.0000000000000002e-06,0.012137925415687072
14,196,1.0,1,primitive,17,384,0,196,14550,14418,132,190034,236550,2218304,2851800,0.001,0.0001,1.211863180932008e-179
14,196,1.0,1,primitive,17,384,0,196,14550,14418,132,190034,236550,2218304,2851800,0.0001,1e-05,1.2956733542739526e-18
14,196,1.0,1,primitive,17,384,0,196,14550,14418,132,190034,236550,2218304,2851800,1e-05,1.0000000000000002e-06,0.016266384341920754
14,196,1.0,1,pipelined,17,384,0,196,10946,10814,132,168818,215334,1554352,2145416,0.001,0.0001,1.3758345866798528e-141
14,196,1.0,1,pipelined,17,384,0,196,10946,10814,132,168818,215334,1554352,2145416,0.0001,1e-05,8.269173219571429e-15
14,196,1.0,1,pipelined,17,384,0,196,10946,10814,132,168818,215334,1554352,2145416,1e-05,1.0000000000000002e-06,0.0390644974462126
14,196,1.0,2,naive_pauli,17,395,0,196,61242,0,61242,61242,61242,11880948,12003432,0.001,0.0001,0.0
14,196,1.0,2,naive_pauli,17,395,0,196,61242,0,61242,61242,61242,11880948,12003432,0.0001,1e-05,5.515706962048529e-55
14,196,1.0,2,naive_pauli,17,395,0,196,61242,0,61242,61242,61242,11880948,12003432,1e-05,1.0000000000000002e-06,3.7514166989551203e-06
14,196,1.0,2,1d,17,395,0,196,12662,12530,132,229792,457234,794228,2481752,0.001,0.0001,4.550529021268438e-135
14,196,1.0,2,1d,17,395,0,196,12662,12530,132,229792,457234,794228,2481752,0.0001,1e-05,3.7192519289235975e-14
14,196,1.0,2,1d,17,395,0,196,12662,12530,132,229792,457234,794228,2481752,1e-05,1.0000000000000002e-06,0.04540378139324277
14,196,1.0,2,ancilla,17,395,14,210,15428,15296,132,182276,228990,2597288,3239880,0.001,0.0001,9.874313977879455e-193
14,196,1.0,2,ancilla,17,395,14,210,15428,15296,132,182276,228990,2597288,3239880,0.0001,1e-05,6.360967916949146e-20
14,196,1.0,2,ancilla,17,395,14,210,15428,15296,132,182276,228990,2597288,3239880,1e-05,1.0000000000000002e-06,0.012033529354793954
14,196,1.0,2,primitive,17,395,0,196,14612,14480,132,190300,237014,2223848,2863952,0.001,0.0001,5.334436610611695e-180
14,196,1.0,2,primitive,17,395,0,196,14612,14480,132,190300,237014,2223848,2863952,0.0001,1e-05,1.19361786468448e-18
14,196,1.0,2,primitive,17,395,0,196,14612,14480,132,190300,237014,2223848,2863952,1e-05,1.0000000000000002e-06,0.01613348058107035
14,196,1.0,2,pipelined,17,395,0,196,11008,10876,132,169084,215798,1559896,2157568,0.001,0.0001,6.0562136921152895e-142
14,196,1.0,2,pipelined,17,395,0,196,11008,10876,132,169084,215798,1559896,2157568,0.0001,1e-05,7.61784044450142e-15
14,196,1.0,2,pipelined,17,395,0,196,11008,10876,132,169084,215798,1559896,2157568,1e-05,1.0000000000000002e-06,0.03874532272875848
14,196,1.0,3,naive_pauli,16,388,0,196,61576,0,61576,61576,61576,11945744,12068896,0.001,0.0001,0.0
14,196,1.0,3,naive_pauli,16,388,0,196,61576,0,61576,61576,61576,11945744,12068896,0.0001,1e-05,2.7905394363548844e-55
14,196,1.0,3,naive_pauli,16,388,0,196,61576,0,61576,61576,61576,11945744,12068896,1e-05,1.0000000000000002e-06,3.5043235492535007e-06
14,196,1.0,3,1d,16,388,0,196,12244,12118,126,218762,435204,774736,2399824,0.001,0.0001,1.9828775198948522e-129
14,196,1.0,3,1d,16,388,0,196,12244,12118,126,218762,435204,774736,2399824,0.0001,1e-05,1.3619446783840915e-13
14,196,1.0,3,1d,16,388,0,196,12244,12118,126,218762,435204,774736,2399824,1e-05,1.0000000000000002e-06,0.051696390014007505
14,196,1.0,3,ancilla,16,388,14,210,14506,14380,126,172528,217360,2441224,3046260,0.001,0.0001,1.0191544833517759e-181
14,196,1.0,3,ancilla,16,388,14,210,14506,14380,126,172528,217360,2441224,3046260,0.0001,1e-05,8.02925709486336e-19
14,196,1.0,3,ancilla,16,388,14,210,14506,14380,126,172528,217360,2441224,3046260,1e-05,1.0000000000000002e-06,0.01550622307173771
14,196,1.0,3,primitive,16,388,0,196,13738,13612,126,180080,224912,2089840,2692648,0.001,0.0001,9.72710035139924e-170
14,196,1.0,3,primitive,16,388,0,196,13738,13612,126,180080,224912,2089840,2692648,0.0001,1e-05,1.2668602917223171e-17
14,196,1.0,3,primitive,16,388,0,196,13738,13612,126,180080,224912,2089840,2692648,1e-05,1.0000000000000002e-06,0.020432059879319186
14,196,1.0,3,pipelined,16,388,0,196,10346,10220,126,160112,204944,1464944,2027816,0.001,0.0001,6.376171520865377e-134
14,196,1.0,3,pipelined,16,388,0,196,10346,10220,126,160112,204944,1464944,2027816,0.0001,1e-05,4.829183669826988e-14
14,196,1.0,3,pipelined,16,388,0,196,10346,10220,126,160112,204944,1464944,2027816,1e-05,1.0000000000000002e-06,0.046603821342218785
14,196,1.0,4,naive_pauli,17,347,0,196,56148,0,56148,56148,56148,10892712,11005008,0.001,0.0001,0.0
14,196,1.0,4,naive_pauli,17,347,0,196,56148,0,56148,56148,56148,10892712,11005008,0.0001,1e-05,1.797702125206367e-50
14,196,1.0,4,naive_pauli,17,347,0,196,56148,0,56148,56148,56148,10892712,11005008,1e-05,1.0000000000000002e-06,1.0604837912919234e-05
14,196,1.0,4,1d,17,347,0,196,11832,11698,134,209526,416982,753616,2319072,0.001,0.0001,1.6893609234657776e-124
14,196,1.0,4,1d,17,347,0,196,11832,11698,134,209526,416982,753616,2319072,0.0001,1e-05,4.236599014111666e-13
14,196,1.0,4,1d,17,347,0,196,11832,11698,134,209526,416982,753616,2319072,1e-05,1.0000000000000002e-06,0.05790874594671288
14,196,1.0,4,ancilla,17,347,14,210,15362,15228,134,179630,223978,2595860,3226020,0.001,0.0001,1.6078496657376123e-191
14,196,1.0,4,ancilla,17,347,14,210,15362,15228,134,179630,223978,2595860,3226020,0.0001,1e-05,8.40707704295366e-20
14,196,1.0,4,ancilla,17,347,14,210,15362,15228,134,179630,223978,2595860,3226020,1e-05,1.0000000000000002e-06,0.012373845354626111
14,196,1.0,4,primitive,17,347,0,196,14546,14412,134,187654,232002,2222868,2851016,0.001,0.0001,8.305574921874132e-179
14,196,1.0,4,primitive,17,347,0,196,14546,14412,134,187654,232002,2222868,2851016,0.0001,1e-05,1.5705128110958324e-18
14,196,1.0,4,primitive,17,347,0,196,14546,14412,134,187654,232002,2222868,2851016,1e-05,1.0000000000000002e-06,0.016582315310315433
14,196,1.0,4,pipelined,17,347,0,196,10942,10808,134,166438,210786,1558916,2144632,0.001,0.0001,9.429362505251629e-141
14,196,1.0,4,pipelined,17,347,0,196,10942,10808,134,166438,210786,1558916,2144632,0.0001,1e-05,1.0023238060479252e-14
14,196,1.0,4,pipelined,17,347,0,196,10942,10808,134,166438,210786,1558916,2144632,1e-05,1.0000000000000002e-06,0.03982322072783501
14,196,1.0,5,naive_pauli,17,410,0,196,65590,0,65590,65590,65590,12724460,12855640,0.001,0.0001,0.0
14,196,1.0,5,naive_pauli,17,410,0,196,65590,0,65590,65590,65590,12724460,12855640,0.0001,1e-05,7.752041965825751e-59
14,196,1.0,5,naive_pauli,17,410,0,196,65590,0,65590,65590,65590,12724460,12855640,1e-05,1.0000000000000002e-06,1.545180784066775e-06
14,196,1.0,5,1d,17,410,0,196,12280,12144,136,240772,479100,735224,2406880,0.001,0.0001,2.8168382204772955e-137
14,196,1.0,5,1d,17,410,0,196,12280,12144,136,240772,479100,735224,2406880,0.0001,1e-05,2.2378388482158814e-14
14,196,1.0,5,1d,17,410,0,196,12280,12144,136,240772,479100,735224,2406880,1e-05,1.0000000000000002e-06,0.043155025332330295
14,196,1.0,5,ancilla,17,410,14,210,15416,15280,136,184138,232620,2592724,3237360,0.001,0.0001,2.419178544610202e-193
14,196,1.0,5,ancilla,17,410,14,210,15416,15280,136,184138,232620,2592724,3237360,0.0001,1e-05,5.526813736062581e-20
14,196,1.0,5,ancilla,17,410,14,210,15416,15280,136,184138,232620,2592724,3237360,1e-05,1.0000000000000002e-06,0.011865568177481531
14,196,1.0,5,primitive,17,410,0,196,14600,14464,136,192162,240644,2219340,2861600,0.001,0.0001,1.299622967026856e-180
14,196,1.0,5,primitive,17,410,0,196,14600,14464,136,192162,240644,2219340,2861600,0.0001,1e-05,1.0365105509019393e-18
14,196,1.0,5,primitive,17,410,0,196,14600,14464,136,192162,240644,2219340,2861600,1e-05,1.0000000000000002e-06,0.01590740240726923
14,196,1.0,5,pipelined,17,410,0,196,10996,10860,136,170946,219428,1555388,2155216,0.001,0.0001,1.4754687293196662e-142
14,196,1.0,5,pipelined,17,410,0,196,10996,10860,136,170946,219428,1555388,2155216,0.0001,1e-05,6.615159029896437e-15
14,196,1.0,5,pipelined,17,410,0,196,10996,10860,136,170946,219428,1555388,2155216,1e-05,1.0000000000000002e-06,0.03820238521680397
14,196,1.0,6,naive_pauli,17,409,0,196,67174,0,67174,67174,67174,13031756,13166104,0.001,0.0001,0.0
14,196,1.0,6,naive_pauli,17,409,0,196,67174,0,67174,67174,67174,13031756,13166104,0.0001,1e-05,3.0622749752430953e-60
14,196,1.0,6,naive_pauli,17,409,0,196,67174,0,67174,67174,67174,13031756,13166104,1e-05,1.0000000000000002e-06,1.118518098639456e-06
14,196,1.0,6,1d,17,409,0,196,12256,12122,134,247370,492306,719480,2402176,0.001,0.0001,1.8477390707645e-139
14,196,1.0,6,1d,17,409,0,196,12256,12122,134,247370,492306,719480,2402176,0.0001,1e-05,1.3540747709725892e-14
14,196,1.0,6,1d,17,409,0,196,12256,12122,134,247370,492306,719480,2402176,1e-05,1.0000000000000002e-06,0.04104062996011364
14,196,1.0,6,ancilla,17,409,14,210,15404,15270,134,183094,230542,2593342,3234840,0.001,0.0001,6.463347007415673e-193
14,196,1.0,6,ancilla,17,409,14,210,15404,15270,134,183094,230542,2593342,3234840,0.0001,1e-05,6.09724275124716e-20
14,196,1.0,6,ancilla,17,409,14,210,15404,15270,134,183094,230542,2593342,3234840,1e-05,1.0000000000000002e-06,0.011982686634059611
14,196,1.0,6,primitive,17,409,0,196,14588,14454,134,191118,238566,2220056,2859248,0.001,0.0001,3.4383543320056047e-180
14,196,1.0,6,primitive,17,409,0,196,14588,14454,134,191118,238566,2220056,2859248,0.0001,1e-05,1.1423699600067614e-18
14,196,1.0,6,primitive,17,409,0,196,14588,14454,134,191118,238566,2220056,2859248,1e-05,1.0000000000000002e-06,0.016062841336234947
14,196,1.0,6,pipelined,17,409,0,196,10984,10850,134,169902,217350,1556104,2152864,0.001,0.0001,3.90358159705425e-142
14,196,1.0,6,pipelined,17,409,0,196,10984,10850,134,169902,217350,1556104,2152864,0.0001,1e-05,7.290768965009887e-15
14,196,1.0,6,pipelined,17,409,0,196,10984,10850,134,169902,217350,1556104,2152864,1e-05,1.0000000000000002e-06,0.0385756792147808
14,196,1.0,7,naive_pauli,17,393,0,196,63756,0,63756,63756,63756,12368664,12496176,0.001,0.0001,0.0
14,196,1.0,7,naive_pauli,17,393,0,196,63756,0,63756,63756,63756,12368664,12496176,0.0001,1e-05,3.2679832863467554e-57
14,196,1.0,7,naive_pauli,17,393,0,196,63756,0,63756,63756,63756,12368664,12496176,1e-05,1.0000000000000002e-06,2.246283753166447e-06
14,196,1.0,7,1d,17,393,0,196,12154,12020,134,233156,463966,737912,2382184,0.001,0.0001,4.3879268781242577e-134
14,196,1.0,7,1d,17,393,0,196,12154,12020,134,233156,463966,737912,2382184,0.0001,1e-05,4.665843107375658e-14
14,196,1.0,7,1d,17,393,0,196,12154,12020,134,233156,463966,737912,2382184,1e-05,1.0000000000000002e-06,0.04644511310755703
14,196,1.0,7,ancilla,17,393,14,210,15380,15246,134,182560,229562,2591890,3229800,0.001,0.0001,1.275115345844065e-192
14,196,1.0,7,ancilla,17,393,14,210,15380,15246,134,182560,229562,2591890,3229800,0.0001,1e-05,6.525772935747374e-20
14,196,1.0,7,ancilla,17,393,14,210,15380,15246,134,182560,229562,2591890,3229800,1e-05,1.0000000000000002e-06,0.012064350387604582
14,196,1.0,7,primitive,17,393,0,196,14564,14430,134,190584,237586,2218772,2854544,0.001,0.0001,6.6703115209179885e-180
14,196,1.0,7,primitive,17,393,0,196,14564,14430,134,190584,237586,2218772,2854544,0.0001,1e-05,1.2206063593368057e-18
14,196,1.0,7,primitive,17,393,0,196,14564,14430,134,190584,237586,2218772,2854544,1e-05,1.0000000000000002e-06,0.016169595216407068
14,196,1.0,7,pipelined,17,393,0,196,10960,10826,134,169368,216370,1554820,2148160,0.001,0.0001,7.572839441619235e-142
14,196,1.0,7,pipelined,17,393,0,196,10960,10826,134,169368,216370,1554820,2148160,0.0001,1e-05,7.790084889044017e-15
14,196,1.0,7,pipelined,17,393,0,196,10960,10826,134,169368,216370,1554820,2148160,1e-05,1.0000000000000002e-06,0.03883205374717209
14,196,1.0,8,naive_pauli,16,372,0,196,55492,0,55492,55492,55492,10765448,10876432,0.001,0.0001,0.0
14,196,1.0,8,naive_pauli,16,372,0,196,55492,0,55492,55492,55492,10765448,10876432,0.0001,1e-05,6.85349605935041e-50
14,196,1.0,8,naive_pauli,16,372,0,196,55492,0,55492,55492,55492,10765448,10876432,1e-05,1.0000000000000002e-06,1.2123362792830996e-05
14,196,1.0,8,1d,16,372,0,196,11434,11310,124,217888,433556,696908,2241064,0.001,0.0001,1.1409202437090468e-125
14,196,1.0,8,1d,16,372,0,196,11434,11310,124,217888,433556,696908,2241064,0.0001,1e-05,3.2368539360837796e-13
14,196,1.0,8,1d,16,372,0,196,11434,11310,124,217888,433556,696908,2241064,1e-05,1.0000000000000002e-06,0.05637106731695972
14,196,1.0,8,ancilla,16,372,14,210,14478,14354,124,171966,216336,2439198,3040380,0.001,0.0001,2.1899192342185208e-181
14,196,1.0,8,ancilla,16,372,14,210,14478,14354,124,171966,216336,2439198,3040380,0.0001,1e-05,8.667279158236256e-19
14,196,1.0,8,ancilla,16,372,14,210,14478,14354,124,171966,216336,2439198,3040380,1e-05,1.0000000000000002e-06,0.015625238522761528
14,196,1.0,8,primitive,16,372,0,196,13710,13586,124,179518,223888,2088024,2687160,0.001,0.0001,2.0466841907450924e-169
14,196,1.0,8,primitive,16,372,0,196,13710,13586,124,179518,223888,2088024,2687160,0.0001,1e-05,1.3646589299633375e-17
14,196,1.0,8,primitive,16,372,0,196,13710,13586,124,179518,223888,2088024,2687160,1e-05,1.0000000000000002e-06,0.02058455956261457
14,196,1.0,8,pipelined,16,372,0,196,10318,10194,124,159550,203920,1463128,2022328,0.001,0.0001,1.3416135310413469e-133
14,196,1.0,8,pipelined,16,372,0,196,10318,10194,124,159550,203920,1463128,2022328,0.0001,1e-05,5.201985303764673e-14
14,196,1.0,8,pipelined,16,372,0,196,10318,10194,124,159550,203920,1463128,2022328,1e-05,1.0000000000000002e-06,0.046951660377392936
14,196,1.0,9,naive_pauli,17,411,0,196,64496,0,64496,64496,64496,12512224,12641216,0.001,0.0001,0.0
14,196,1.0,9,naive_pauli,17,411,0,196,64496,0,64496,64496,64496,12512224,12641216,0.0001,1e-05,7.222110891039377e-58
14,196,1.0,9,naive_pauli,17,411,0,196,64496,0,64496,64496,64496,12512224,12641216,1e-05,1.0000000000000002e-06,1.9315389655962526e-06
14,196,1.0,9,1d,17,411,0,196,11942,11808,134,248590,494732,686268,2340632,0.001,0.0001,1.5100357693867902e-138
14,196,1.0,9,1d,17,411,0,196,11942,11808,134,248590,494732,686268,2340632,0.0001,1e-05,1.6706853900775833e-14
14,196,1.0,9,1d,17,411,0,196,11942,11808,134,248590,494732,686268,2340632,1e-05,1.0000000000000002e-06,0.041912097409917554
14,196,1.0,9,ancilla,17,411,14,210,15390,15256,134,184308,232956,2589444,3231900,0.001,0.0001,2.8330656178677973e-193
14,196,1.0,9,ancilla,17,411,14,210,15390,15256,134,184308,232956,2589444,3231900,0.0001,1e-05,5.614827045540429e-20
14,196,1.0,9,ancilla,17,411,14,210,15390,15256,134,184308,232956,2589444,3231900,1e-05,1.0000000000000002e-06,0.011884330512081528
14,196,1.0,9,primitive,17,411,0,196,14574,14440,134,192332,240980,2216256,2856504,0.001,0.0001,1.492428354365044e-180
14,196,1.0,9,primitive,17,411,0,196,14574,14440,134,192332,240980,2216256,2856504,0.0001,1e-05,1.0509548546831698e-18
14,196,1.0,9,primitive,17,411,0,196,14574,14440,134,192332,240980,2216256,2856504,1e-05,1.0000000000000002e-06,0.015929433383360062
14,196,1.0,9,pipelined,17,411,0,196,10970,10836,134,171116,219764,1552304,2150120,0.001,0.0001,1.6943616906472597e-142
14,196,1.0,9,pipelined,17,411,0,196,10970,10836,134,171116,219764,1552304,2150120,0.0001,1e-05,6.707344648755627e-15
14,196,1.0,9,pipelined,17,411,0,196,10970,10836,134,171116,219764,1552304,2150120,1e-05,1.0000000000000002e-06,0.03825529365614411
16,256,1.0,0,naive_pauli,16,541,0,256,111564,0,111564,111564,111564,28337256,28560384,0.001,0.0001,0.0
16,256,1.0,0,naive_pauli,16,541,0,256,111564,0,111564,111564,111564,28337256,28560384,0.0001,1e-05,1.2213504528195524e-128
16,256,1.0,0,naive_pauli,16,541,0,256,111564,0,111564,111564,111564,28337256,28560384,1e-05,1.0000000000000002e-06,1.6171906242353035e-13
16,256,1.0,0,1d,16,541,0,256,15468,15340,128,419412,835592,1157464,3959808,0.001,0.0001,3.0903768853403216e-233
16,256,1.0,0,1d,16,541,0,256,15468,15340,128,419412,835592,1157464,3959808,0.0001,1e-05,5.720448197418596e-24
16,256,1.0,0,1d,16,541,0,256,15468,15340,128,419412,835592,1157464,3959808,1e-05,1.0000000000000002e-06,0.00474053372460522
16,256,1.0,0,ancilla,16,541,16,272,16556,16428,128,240052,311048,3634168,4503232,0.001,0.0001,7.190792071493924e-263
16,256,1.0,0,ancilla,16,541,16,272,16556,16428,128,240052,311048,3634168,4503232,0.0001,1e-05,6.181342379370504e-27
16,256,1.0,0,ancilla,16,541,16,272,16556,16428,128,240052,311048,3634168,4503232,1e-05,1.0000000000000002e-06,0.002394210326896873
16,256,1.0,0,primitive,16,541,0,256,15660,15532,128,250676,321672,3141528,4008960,0.001,0.0001,4.331884071991577e-246
16,256,1.0,0,primitive,16,541,0,256,15660,15532,128,250676,321672,3141528,4008960,0.0001,1e-05,2.945671438995178e-25
16,256,1.0,0,primitive,16,541,0,256,15660,15532,128,250676,321672,3141528,4008960,1e-05,1.0000000000000002e-06,0.0035234942231195904
16,256,1.0,0,pipelined,16,541,0,256,11756,11628,128,223796,294792,2195864,3009536,0.001,0.0001,2.4438391898351383e-193
16,256,1.0,0,pipelined,16,541,0,256,11756,11628,128,223796,294792,2195864,3009536,0.0001,1e-05,5.541321506801446e-20
16,256,1.0,0,pipelined,16,541,0,256,11756,11628,128,223796,294792,2195864,3009536,1e-05,1.0000000000000002e-06,0.011868869822085425
16,256,1.0,1,naive_pauli,16,502,0,256,104850,0,104850,104850,104850,26631900,26841600,0.001,0.0001,0.0
16,256,1.0,1,naive_pauli,16,502,0,256,104850,0,104850,104850,104850,26631900,26841600,0.0001,1e-05,6.091780263267856e-121
16,256,1.0,1,naive_pauli,16,502,0,256,104850,0,104850,104850,104850,26631900,26841600,1e-05,1.0000000000000002e-06,9.518027668569261e-13
16,256,1.0,1,1d,16,502,0,256,15168,15042,126,382428,761864,1192776,3883008,0.001,0.0001,1.0625210394008165e-218
16,256,1.0,1,1d,16,502,0,256,15168,15042,126,382428,761864,1192776,3883008,0.0001,1e-05,1.6231036330138842e-22
16,256,1.0,1,1d,16,502,0,256,15168,15042,126,382428,761864,1192776,3883008,1e-05,1.0000000000000002e-06,0.006623868474939283
16,256,1.0,1,ancilla,16,502,16,272,16538,16412,126,237360,305904,3636832,4498336,0.001,0.0001,8.142927936715448e-262
16,256,1.0,1,ancilla,16,502,16,272,16538,16412,126,237360,305904,3636832,4498336,0.0001,1e-05,7.8782735645216e-27
16,256,1.0,1,ancilla,16,502,16,272,16538,16412,126,237360,305904,3636832,4498336,1e-05,1.0000000000000002e-06,0.002452994669920541
16,256,1.0,1,primitive,16,502,0,256,15642,15516,126,247984,316528,3144352,4004352,0.001,0.0001,4.8276038728909355e-245
16,256,1.0,1,primitive,16,502,0,256,15642,15516,126,247984,316528,3144352,4004352,0.0001,1e-05,3.7483288613424903e-25
16,256,1.0,1,primitive,16,502,0,256,15642,15516,126,247984,316528,3144352,4004352,1e-05,1.0000000000000002e-06,0.003609427987028791
16,256,1.0,1,pipelined,16,502,0,256,11738,11612,126,221104,289648,2198688,3004928,0.001,0.0001,2.7235002925982508e-192
16,256,1.0,1,pipelined,16,502,0,256,11738,11612,126,221104,289648,2198688,3004928,0.0001,1e-05,7.051260048543288e-20
16,256,1.0,1,pipelined,16,502,0,256,11738,11612,126,221104,289648,2198688,3004928,1e-05,1.0000000000000002e-06,0.012158337206611775
16,256,1.0,2,naive_pauli,19,515,0,256,106396,0,106396,106396,106396,27024584,27237376,0.001,0.0001,0.0
16,256,1.0,2,naive_pauli,19,515,0,256,106396,0,106396,106396,106396,27024584,27237376,0.0001,1e-05,1.0284554285707818e-122
16,256,1.0,2,naive_pauli,19,515,0,256,106396,0,106396,106396,106396,27024584,27237376,1e-05,1.0000000000000002e-06,6.328374284099411e-13
16,256,1.0,2,1d,19,515,0,256,18144,17994,150,408320,813556,1524992,4644864,0.001,0.0001,2.224742132433714e-244
16,256,1.0,2,1d,19,515,0,256,18144,17994,150,408320,813556,1524992,4644864,0.0001,1e-05,4.395535376843847e-25
16,256,1.0,2,1d,19,515,0,256,18144,17994,150,408320,813556,1524992,4644864,1e-05,1.0000000000000002e-06,0.0036676168824808023
16,256,1.0,2,ancilla,19,515,16,272,19618,19468,150,276160,352320,4327360,5336096,0.001,0.0001,1.150732017954988e-308
16,256,1.0,2,ancilla,19,515,16,272,19618,19468,150,276160,352320,4327360,5336096,0.0001,1e-05,1.630587894904311e-31
16,256,1.0,2,ancilla,19,515,16,272,19618,19468,150,276160,352320,4327360,5336096,1e-05,1.0000000000000002e-06,0.0008342512250531648
16,256,1.0,2,primitive,19,515,0,256,18554,18404,150,288776,364936,3742704,4749824,0.001,0.0001,9.36980960812371e-289
16,256,1.0,2,primitive,19,515,0,256,18554,18404,150,288776,364936,3742704,4749824,0.0001,1e-05,1.5979100941645927e-29
16,256,1.0,2,primitive,19,515,0,256,18554,18404,150,288776,364936,3742704,4749824,1e-05,1.0000000000000002e-06,0.0013195291502896668
16,256,1.0,2,pipelined,19,515,0,256,13918,13768,150,256856,333016,2619728,3563008,0.001,0.0001,4.111622915186885e-226
16,256,1.0,2,pipelined,19,515,0,256,13918,13768,150,256856,333016,2619728,3563008,0.0001,1e-05,2.930466970967302e-23
16,256,1.0,2,pipelined,19,515,0,256,13918,13768,150,256856,333016,2619728,3563008,1e-05,1.0000000000000002e-06,0.0055814752667279095
16,256,1.0,3,naive_pauli,18,507,0,256,106708,0,106708,106708,106708,27103832,27317248,0.001,0.0001,0.0
16,256,1.0,3,naive_pauli,18,507,0,256,106708,0,106708,106708,106708,27103832,27317248,0.0001,1e-05,4.512979883125141e-123
16,256,1.0,3,naive_pauli,18,507,0,256,106708,0,106708,106708,106708,27103832,27317248,1e-05,1.0000000000000002e-06,5.828008348350794e-13
16,256,1.0,3,1d,18,507,0,256,17316,17178,138,376082,749140,1481948,4432896,0.001,0.0001,1.677030238318591e-228
16,256,1.0,3,1d,18,507,0,256,17316,17178,138,376082,749140,1481948,4432896,0.0001,1e-05,1.6986307845279052e-23
16,256,1.0,3,1d,18,507,0,256,17316,17178,138,376082,749140,1481948,4432896,1e-05,1.0000000000000002e-06,0.005285502703693575
16,256,1.0,3,ancilla,18,507,16,272,18616,18478,138,261008,332440,4104432,5063552,0.001,0.0001,2.1223682369243453e-292
16,256,1.0,3,ancilla,18,507,16,272,18616,18478,138,261008,332440,4104432,5063552,0.0001,1e-05,6.895868333669176e-30
16,256,1.0,3,ancilla,18,507,16,272,18616,18478,138,261008,332440,4104432,5063552,1e-05,1.0000000000000002e-06,0.0012131595760479547
16,256,1.0,3,primitive,18,507,0,256,17608,17470,138,272960,344392,3550336,4507648,0.001,0.0001,1.5806030776353992e-273
16,256,1.0,3,primitive,18,507,0,256,17608,17470,138,272960,344392,3550336,4507648,0.0001,1e-05,5.320036663796723e-28
16,256,1.0,3,primitive,18,507,0,256,17608,17470,138,272960,344392,3550336,4507648,1e-05,1.0000000000000002e-06,0.0018734915999580567
16,256,1.0,3,pipelined,18,507,0,256,13216,13078,138,242720,314152,2486464,3383296,0.001,0.0001,3.5006049081932958e-214
16,256,1.0,3,pipelined,18,507,0,256,13216,13078,138,242720,314152,2486464,3383296,0.0001,1e-05,4.567171296952558e-22
16,256,1.0,3,pipelined,18,507,0,256,13216,13078,138,242720,314152,2486464,3383296,1e-05,1.0000000000000002e-06,0.007345426683311466
16,256,1.0,4,naive_pauli,16,459,0,256,95784,0,95784,95784,95784,24329136,24520704,0.001,0.0001,0.0
16,256,1.0,4,naive_pauli,16,459,0,256,95784,0,95784,95784,95784,24329136,24520704,0.0001,1e-05,1.5112011733082044e-110
16,256,1.0,4,naive_pauli,16,459,0,256,95784,0,95784,95784,95784,24329136,24520704,1e-05,1.0000000000000002e-06,1.0423138196013576e-11
16,256,1.0,4,1d,16,459,0,256,15156,15030,126,357132,711520,1241832,3879936,0.001,0.0001,7.711978900962216e-210
16,256,1.0,4,1d,16,459,0,256,15156,15030,126,357132,711520,1241832,3879936,0.0001,1e-05,1.2472225035661963e-21
16,256,1.0,4,1d,16,459,0,256,15156,15030,126,357132,711520,1241832,3879936,1e-05,1.0000000000000002e-06,0.008122067998181269
16,256,1.0,4,ancilla,16,459,16,272,16524,16398,126,233988,299408,3641672,4494528,0.001,0.0001,1.4646884386179548e-260
16,256,1.0,4,ancilla,16,459,16,272,16524,16398,126,233988,299408,3641672,4494528,0.0001,1e-05,1.051628920790166e-26
16,256,1.0,4,ancilla,16,459,16,272,16524,16398,126,233988,299408,3641672,4494528,1e-05,1.0000000000000002e-06,0.002524870460332962
16,256,1.0,4,primitive,16,459,0,256,15628,15502,126,244612,310032,3149304,4000768,0.001,0.0001,8.586811865263772e-244
16,256,1.0,4,primitive,16,459,0,256,15628,15502,126,244612,310032,3149304,4000768,0.0001,1e-05,4.997844488605704e-25
16,256,1.0,4,primitive,16,459,0,256,15628,15502,126,244612,310032,3149304,4000768,1e-05,1.0000000000000002e-06,0.0037147726318631107
16,256,1.0,4,pipelined,16,459,0,256,11724,11598,126,217732,283152,2203640,3001344,0.001,0.0001,4.8442633743947924e-191
16,256,1.0,4,pipelined,16,459,0,256,11724,11598,126,217732,283152,2203640,3001344,0.0001,1e-05,9.401816776214193e-20
16,256,1.0,4,pipelined,16,459,0,256,11724,11598,126,217732,283152,2203640,3001344,1e-05,1.0000000000000002e-06,0.012513190030773742
16,256,1.0,5,naive_pauli,17,533,0,256,109334,0,109334,109334,109334,27770836,27989504,0.001,0.0001,0.0
16,256,1.0,5,naive_pauli,17,533,0,256,109334,0,109334,109334,109334,27770836,27989504,0.0001,1e-05,4.401856840070798e-126
16,256,1.0,5,naive_pauli,17,533,0,256,109334,0,109334,109334,109334,27770836,27989504,1e-05,1.0000000000000002e-06,2.913662427386895e-13
16,256,1.0,5,1d,17,533,0,256,16268,16134,134,414548,825908,1270360,4164608,0.001,0.0001,5.014418370574375e-236
16,256,1.0,5,1d,17,533,0,256,16268,16134,134,414548,825908,1270360,4164608,0.0001,1e-05,3.0086932109448714e-24
16,256,1.0,5,1d,17,533,0,256,16268,16134,134,414548,825908,1270360,4164608,1e-05,1.0000000000000002e-06,0.004445506969068264
16,256,1.0,5,ancilla,17,533,16,272,17556,17422,134,252182,324988,3862052,4775232,0.001,0.0001,4.8840225882039344e-278
16,256,1.0,5,ancilla,17,533,16,272,17556,17422,134,252182,324988,3862052,4775232,0.0001,1e-05,1.8817618759969163e-28
16,256,1.0,5,ancilla,17,533,16,272,17556,17422,134,252182,324988,3862052,4775232,1e-05,1.0000000000000002e-06,0.0016885475789324442
16,256,1.0,5,primitive,17,533,0,256,16604,16470,134,263470,336276,3338916,4250624,0.001,0.0001,3.196337414017784e-260
16,256,1.0,5,primitive,17,533,0,256,16604,16470,134,263470,336276,3338916,4250624,0.0001,1e-05,1.1383365535719025e-26
16,256,1.0,5,primitive,17,533,0,256,16604,16470,134,263470,336276,3338916,4250624,1e-05,1.0000000000000002e-06,0.0025449841850340594
16,256,1.0,5,pipelined,17,533,0,256,12456,12322,134,234910,307716,2334148,3188736,0.001,0.0001,3.572816036518484e-204
16,256,1.0,5,pipelined,17,533,0,256,12456,12322,134,234910,307716,2334148,3188736,0.0001,1e-05,4.57458331776977e-21
16,256,1.0,5,pipelined,17,533,0,256,12456,12322,134,234910,307716,2334148,3188736,1e-05,1.0000000000000002e-06,0.009248805113604213
16,256,1.0,6,naive_pauli,17,531,0,256,112606,0,112606,112606,112606,28601924,28827136,0.001,0.0001,0.0
16,256,1.0,6,naive_pauli,17,531,0,256,112606,0,112606,112606,112606,28601924,28827136,0.0001,1e-05,7.800820474926314e-130
16,256,1.0,6,naive_pauli,17,531,0,256,112606,0,112606,112606,112606,28601924,28827136,1e-05,1.0000000000000002e-06,1.228264597505826e-13
16,256,1.0,6,1d,17,531,0,256,16044,15908,136,424102,845034,1222836,4107264,0.001,0.0001,4.101468463888711e-238
16,256,1.0,6,1d,17,531,0,256,16044,15908,136,424102,845034,1222836,4107264,0.0001,1e-05,1.861347035663381e-24
16,256,1.0,6,1d,17,531,0,256,16044,15908,136,424102,845034,1222836,4107264,1e-05,1.0000000000000002e-06,0.00423709317545971
16,256,1.0,6,ancilla,17,531,16,272,17538,17402,136,252414,325470,3859412,4770336,0.001,0.0001,5.042320055645968e-278
16,256,1.0,6,ancilla,17,531,16,272,17538,17402,136,252414,325470,3859412,4770336,0.0001,1e-05,1.8877912181111366e-28
16,256,1.0,6,ancilla,17,531,16,272,17538,17402,136,252414,325470,3859412,4770336,1e-05,1.0000000000000002e-06,0.0016890879832567537
16,256,1.0,6,primitive,17,531,0,256,16586,16450,136,263702,336758,3336404,4246016,0.001,0.0001,3.2579627594662935e-260
16,256,1.0,6,primitive,17,531,0,256,16586,16450,136,263702,336758,3336404,4246016,0.0001,1e-05,1.1405230794351144e-26
16,256,1.0,6,primitive,17,531,0,256,16586,16450,136,263702,336758,3336404,4246016,1e-05,1.0000000000000002e-06,0.0025454728425793817
16,256,1.0,6,pipelined,17,531,0,256,12438,12302,136,235142,308198,2331636,3184128,0.001,0.0001,3.6416998851099455e-204
16,256,1.0,6,pipelined,17,531,0,256,12438,12302,136,235142,308198,2331636,3184128,0.0001,1e-05,4.5833702136190985e-21
16,256,1.0,6,pipelined,17,531,0,256,12438,12302,136,235142,308198,2331636,3184128,1e-05,1.0000000000000002e-06,0.00925058095898296
16,256,1.0,7,naive_pauli,16,512,0,256,105062,0,105062,105062,105062,26685748,26895872,0.001,0.0001,0.0
16,256,1.0,7,naive_pauli,16,512,0,256,105062,0,105062,105062,105062,26685748,26895872,0.0001,1e-05,3.4807807155589817e-121
16,256,1.0,7,naive_pauli,16,512,0,256,105062,0,105062,105062,105062,26685748,26895872,1e-05,1.0000000000000002e-06,8.999955313363793e-13
16,256,1.0,7,1d,16,512,0,256,15424,15296,128,391862,780664,1206932,3948544,0.001,0.0001,2.052747124154535e-223
16,256,1.0,7,1d,16,512,0,256,15424,15296,128,391862,780664,1206932,3948544,0.0001,1e-05,5.48445294001235e-23
16,256,1.0,7,1d,16,512,0,256,15424,15296,128,391862,780664,1206932,3948544,1e-05,1.0000000000000002e-06,0.005942815923677748
16,256,1.0,7,ancilla,16,512,16,272,16538,16410,128,237904,306924,3636016,4498336,0.001,0.0001,5.126800146898612e-262
16,256,1.0,7,ancilla,16,512,16,272,16538,16410,128,237904,306924,3636016,4498336,0.0001,1e-05,7.522256125751731e-27
16,256,1.0,7,ancilla,16,512,16,272,16538,16410,128,237904,306924,3636016,4498336,1e-05,1.0000000000000002e-06,0.002441678140976192
16,256,1.0,7,primitive,16,512,0,256,15642,15514,128,248528,317548,3143520,4004352,0.001,0.0001,3.0443342215699406e-245
16,256,1.0,7,primitive,16,512,0,256,15642,15514,128,248528,317548,3143520,4004352,0.0001,1e-05,3.5795153891845406e-25
16,256,1.0,7,primitive,16,512,0,256,15642,15514,128,248528,317548,3143520,4004352,1e-05,1.0000000000000002e-06,0.0035928339085313406
16,256,1.0,7,pipelined,16,512,0,256,11738,11610,128,221648,290668,2197856,3004928,0.001,0.0001,1.7174659233686293e-192
16,256,1.0,7,pipelined,16,512,0,256,11738,11610,128,221648,290668,2197856,3004928,0.0001,1e-05,6.733692477522613e-20
16,256,1.0,7,pipelined,16,512,0,256,11738,11610,128,221648,290668,2197856,3004928,1e-05,1.0000000000000002e-06,0.01210244014959054
16,256,1.0,8,naive_pauli,15,488,0,256,96960,0,96960,96960,96960,24627840,24821760,0.001,0.0001,0.0
16,256,1.0,8,naive_pauli,15,488,0,256,96960,0,96960,96960,96960,24627840,24821760,0.0001,1e-05,6.776184489773512e-112
16,256,1.0,8,naive_pauli,15,488,0,256,96960,0,96960,96960,96960,24627840,24821760,1e-05,1.0000000000000002e-06,7.641271020369845e-12
16,256,1.0,8,1d,15,488,0,256,14270,14150,120,367306,731708,1107308,3653120,0.001,0.0001,2.037221574839133e-208
16,256,1.0,8,1d,15,488,0,256,14270,14150,120,367306,731708,1107308,3653120,0.0001,1e-05,1.731027105113284e-21
16,256,1.0,8,1d,15,488,0,256,14270,14150,120,367306,731708,1107308,3653120,1e-05,1.0000000000000002e-06,0.008392751023581396
16,256,1.0,8,ancilla,15,488,16,272,15526,15406,120,223272,288180,3411232,4223072,0.001,0.0001,6.766372337735937e-246
16,256,1.0,8,ancilla,15,488,16,272,15526,15406,120,223272,288180,3411232,4223072,0.0001,1e-05,3.076585345274328e-25
16,256,1.0,8,ancilla,15,488,16,272,15526,15406,120,223272,288180,3411232,4223072,1e-05,1.0000000000000002e-06,0.003538809636078997
16,256,1.0,8,primitive,15,488,0,256,14686,14566,120,233232,298140,2949344,3759616,0.001,0.0001,3.65731723639308e-230
16,256,1.0,8,primitive,15,488,0,256,14686,14566,120,233232,298140,2949344,3759616,0.0001,1e-05,1.1520044591623894e-23
16,256,1.0,8,primitive,15,488,0,256,14686,14566,120,233232,298140,2949344,3759616,1e-05,1.0000000000000002e-06,0.005083897249483687
16,256,1.0,8,pipelined,15,488,0,256,11026,10906,120,208032,272940,2062784,2822656,0.001,0.0001,1.0413487367932202e-180
16,256,1.0,8,pipelined,15,488,0,256,11026,10906,120,208032,272940,2062784,2822656,0.0001,1e-05,1.014451735771359e-18
16,256,1.0,8,pipelined,15,488,0,256,11026,10906,120,208032,272940,2062784,2822656,1e-05,1.0000000000000002e-06,0.015873322118504254
16,256,1.0,9,naive_pauli,21,531,0,256,109322,0,109322,109322,109322,27767788,27986432,0.001,0.0001,0.0
16,256,1.0,9,naive_pauli,21,531,0,256,109322,0,109322,109322,109322,27767788,27986432,0.0001,1e-05,4.543541042811403e-126
16,256,1.0,9,naive_pauli,21,531,0,256,109322,0,109322,109322,109322,27767788,27986432,1e-05,1.0000000000000002e-06,2.922907552701874e-13
16,256,1.0,9,1d,21,531,0,256,19386,19224,162,427616,852060,1646912,4962816,0.001,0.0001,4.653260877529656e-258
16,256,1.0,9,1d,21,531,0,256,19386,19224,162,427616,852060,1646912,4962816,0.0001,1e-05,1.8856486049583757e-26
16,256,1.0,9,1d,21,531,0,256,19386,19224,162,427616,852060,1646912,4962816,1e-05,1.0000000000000002e-06,0.0026769044596202645
16,256,1.0,9,ancilla,21,531,16,272,21638,21476,162,302664,384512,4781360,5885536,0.001,0.0001,0.0
16,256,1.0,9,ancilla,21,531,16,272,21638,21476,162,302664,384512,4781360,5885536,0.0001,1e-05,1.228926066745583e-34
16,256,1.0,9,ancilla,21,531,16,272,21638,21476,162,302664,384512,4781360,5885536,1e-05,1.0000000000000002e-06,0.0004064630528089254
16,256,1.0,9,primitive,21,531,0,256,20462,20300,162,316608,398456,4135552,5238272,0.001,0.0001,6.552e-318
16,256,1.0,9,primitive,21,531,0,256,20462,20300,162,316608,398456,4135552,5238272,0.0001,1e-05,1.943738249159642e-32
16,256,1.0,9,primitive,21,531,0,256,20462,20300,162,316608,398456,4135552,5238272,1e-05,1.0000000000000002e-06,0.0006744251238164419
16,256,1.0,9,pipelined,21,531,0,256,15338,15176,162,281328,363176,2894368,3926528,0.001,0.0001,1.1287066405290318e-248
16,256,1.0,9,pipelined,21,531,0,256,15338,15176,162,281328,363176,2894368,3926528,0.0001,1e-05,1.6267690533317748e-25
16,256,1.0,9,pipelined,21,531,0,256,15338,15176,162,281328,363176,2894368,3926528,1e-05,1.0000000000000002e-06,0.0033204216080189924
18,324,1.0,0,naive_pauli,18,680,0,324,180236,0,180236,180236,180236,58035992,58396464,0.001,0.0001,0.0
18,324,1.0,0,naive_pauli,18,680,0,324,180236,0,180236,180236,180236,58035992,58396464,0.0001,1e-05,1.3294975940931579e-260
18,324,1.0,0,naive_pauli,18,680,0,324,180236,0,180236,180236,180236,58035992,58396464,1e-05,1.0000000000000002e-06,1.0292417708098773e-26
18,324,1.0,0,1d,18,680,0,324,21226,21086,140,652458,1300856,2156376,6877224,0.001,0.0001,0.0
18,324,1.0,0,1d,18,680,0,324,21226,21086,140,652458,1300856,2156376,6877224,0.0001,1e-05,1.9843734199599565e-38
18,324,1.0,0,1d,18,680,0,324,21226,21086,140,652458,1300856,2156376,6877224,1e-05,1.0000000000000002e-06,0.00016978295000676745
18,324,1.0,0,ancilla,18,680,18,342,20868,20728,140,345252,450644,5832120,7136856,0.001,0.0001,0.0
18,324,1.0,0,ancilla,18,680,18,342,20868,20728,140,345252,450644,5832120,7136856,0.0001,1e-05,4.747275288502066e-41
18,324,1.0,0,ancilla,18,680,18,342,20868,20728,140,345252,450644,5832120,7136856,1e-05,1.0000000000000002e-06,9.283747456622679e-05
18,324,1.0,0,primitive,18,680,0,324,19716,19576,140,363828,469220,5078424,6387984,0.001,0.0001,0.0
18,324,1.0,0,primitive,18,680,0,324,19716,19576,140,363828,469220,5078424,6387984,0.0001,1e-05,1.3897451011114045e-38
18,324,1.0,0,primitive,18,680,0,324,19716,19576,140,363828,469220,5078424,6387984,1e-05,1.0000000000000002e-06,0.000163822877197953
18,324,1.0,0,pipelined,18,680,0,324,14748,14608,140,324660,430052,3547128,4778352,0.001,0.0001,7.479847488807255e-296
18,324,1.0,0,pipelined,18,680,0,324,14748,14608,140,324660,430052,3547128,4778352,0.0001,1e-05,3.121994386907037e-30
18,324,1.0,0,pipelined,18,680,0,324,14748,14608,140,324660,430052,3547128,4778352,1e-05,1.0000000000000002e-06,0.0011207625167942898
18,324,1.0,1,naive_pauli,17,636,0,324,168574,0,168574,168574,168574,54280828,54617976,0.001,0.0001,0.0
18,324,1.0,1,naive_pauli,17,636,0,324,168574,0,168574,168574,168574,54280828,54617976,0.0001,1e-05,8.684377374146386e-244
18,324,1.0,1,naive_pauli,17,636,0,324,168574,0,168574,168574,168574,54280828,54617976,1e-05,1.0000000000000002e-06,4.943253680205735e-25
18,324,1.0,1,1d,17,636,0,324,20218,20084,134,612336,1220866,2072352,6550632,0.001,0.0001,0.0
18,324,1.0,1,1d,17,636,0,324,20218,20084,134,612336,1220866,2072352,6550632,0.0001,1e-05,2.541559440188436e-36
18,324,1.0,1,1d,17,636,0,324,20218,20084,134,612336,1220866,2072352,6550632,1e-05,1.0000000000000002e-06,0.0002758250822249276
18,324,1.0,1,ancilla,17,636,18,342,19716,19582,134,327052,427598,5507710,6742872,0.001,0.0001,0.0
18,324,1.0,1,ancilla,17,636,18,342,19716,19582,134,327052,427598,5507710,6742872,0.0001,1e-05,7.512797281511464e-39
18,324,1.0,1,ancilla,17,636,18,342,19716,19582,134,327052,427598,5507710,6742872,1e-05,1.0000000000000002e-06,0.00015404757006716173
18,324,1.0,1,primitive,17,636,0,324,18628,18494,134,344596,445142,4795804,6035472,0.001,0.0001,0.0
18,324,1.0,1,primitive,17,636,0,324,18628,18494,134,344596,445142,4795804,6035472,0.0001,1e-05,1.6055405021185306e-36
18,324,1.0,1,primitive,17,636,0,324,18628,18494,134,344596,445142,4795804,6035472,1e-05,1.0000000000000002e-06,0.0002634139976360931
18,324,1.0,1,pipelined,17,636,0,324,13936,13802,134,307604,408150,3349580,4515264,0.001,0.0001,7.324115597929599e-280
18,324,1.0,1,pipelined,17,636,0,324,13936,13802,134,307604,408150,3349580,4515264,0.0001,1e-05,1.239213620381906e-28
18,324,1.0,1,pipelined,17,636,0,324,13936,13802,134,307604,408150,3349580,4515264,1e-05,1.0000000000000002e-06,0.0016195012375849916
18,324,1.0,2,naive_pauli,17,652,0,324,170292,0,170292,170292,170292,54834024,55174608,0.001,0.0001,0.0
18,324,1.0,2,naive_pauli,17,652,0,324,170292,0,170292,170292,170292,54834024,55174608,0.0001,1e-05,2.894752580022355e-246
18,324,1.0,2,naive_pauli,17,652,0,324,170292,0,170292,170292,170292,54834024,55174608,1e-05,1.0000000000000002e-06,2.7944837692207063e-25
18,324,1.0,2,1d,17,652,0,324,20574,20438,136,634928,1265956,2085164,6665976,0.001,0.0001,0.0
18,324,1.0,2,1d,17,652,0,324,20574,20438,136,634928,1265956,2085164,6665976,0.0001,1e-05,2.334807228506417e-37
18,324,1.0,2,1d,17,652,0,324,20574,20438,136,634928,1265956,2085164,6665976,1e-05,1.0000000000000002e-06,0.00021724674227233497
18,324,1.0,2,ancilla,17,652,18,342,19768,19632,136,329338,432076,5512372,6760656,0.001,0.0001,0.0
18,324,1.0,2,ancilla,17,652,18,342,19768,19632,136,329338,432076,5512372,6760656,0.0001,1e-05,5.7051895431203003e-39
18,324,1.0,2,ancilla,17,652,18,342,19768,19632,136,329338,432076,5512372,6760656,1e-05,1.0000000000000002e-06,0.00014986566626680825
18,324,1.0,2,primitive,17,652,0,324,18680,18544,136,346882,449620,4799980,6052320,0.001,0.0001,0.0
18,324,1.0,2,primitive,17,652,0,324,18680,18544,136,346882,449620,4799980,6052320,0.0001,1e-05,1.2251812861874698e-36
18,324,1.0,2,primitive,17,652,0,324,18680,18544,136,346882,449620,4799980,6052320,1e-05,1.0000000000000002e-06,0.00025638771580831666
18,324,1.0,2,pipelined,17,652,0,324,13988,13852,136,309890,412628,3353756,4532112,0.001,0.0001,4.898812648692421e-281
18,324,1.0,2,pipelined,17,652,0,324,13988,13852,136,309890,412628,3353756,4532112,0.0001,1e-05,9.456387648129524e-29
18,324,1.0,2,pipelined,17,652,0,324,13988,13852,136,309890,412628,3353756,4532112,1e-05,1.0000000000000002e-06,0.0015763028038729564
18,324,1.0,3,naive_pauli,19,642,0,324,171358,0,171358,171358,171358,55177276,55519992,0.001,0.0001,0.0
18,324,1.0,3,naive_pauli,19,642,0,324,171358,0,171358,171358,171358,55177276,55519992,0.0001,1e-05,8.405845323770973e-248
18,324,1.0,3,naive_pauli,19,642,0,324,171358,0,171358,171358,171358,55177276,55519992,1e-05,1.0000000000000002e-06,1.9615503719497026e-25
18,324,1.0,3,1d,19,642,0,324,22612,22464,148,612432,1221028,2462256,7326288,0.001,0.0001,0.0
18,324,1.0,3,1d,19,642,0,324,22612,22464,148,612432,1221028,2462256,7326288,0.0001,1e-05,5.100242339306669e-38
18,324,1.0,3,1d,19,642,0,324,22612,22464,148,612432,1221028,2462256,7326288,1e-05,1.0000000000000002e-06,0.00018658794912206745
18,324,1.0,3,ancilla,19,642,18,342,22042,21894,148,359460,466184,6168618,7538364,0.001,0.0001,0.0
18,324,1.0,3,ancilla,19,642,18,342,22042,21894,148,359460,466184,6168618,7538364,0.0001,1e-05,3.962492102904084e-43
18,324,1.0,3,ancilla,19,642,18,342,22042,21894,148,359460,466184,6168618,7538364,1e-05,1.0000000000000002e-06,5.752798357991075e-05
18,324,1.0,3,primitive,19,642,0,324,20826,20678,148,379068,485792,5372916,6747624,0.001,0.0001,0.0
18,324,1.0,3,primitive,19,642,0,324,20826,20678,148,379068,485792,5372916,6747624,0.0001,1e-05,1.5924593879297446e-40
18,324,1.0,3,primitive,19,642,0,324,20826,20678,148,379068,485792,5372916,6747624,1e-05,1.0000000000000002e-06,0.00010478314385169847
18,324,1.0,3,pipelined,19,642,0,324,15582,15434,148,337724,444448,3756548,5048568,0.001,0.0001,1.2646813291815e-310
18,324,1.0,3,pipelined,19,642,0,324,15582,15434,148,337724,444448,3756548,5048568,0.0001,1e-05,1.0412077336630456e-31
18,324,1.0,3,pipelined,19,642,0,324,15582,15434,148,337724,444448,3756548,5048568,1e-05,1.0000000000000002e-06,0.0007976770316493976
18,324,1.0,4,naive_pauli,16,588,0,324,152026,0,152026,152026,152026,48952372,49256424,0.001,0.0001,0.0
18,324,1.0,4,naive_pauli,16,588,0,324,152026,0,152026,152026,152026,48952372,49256424,0.0001,1e-05,6.291456772969474e-220
18,324,1.0,4,naive_pauli,16,588,0,324,152026,0,152026,152026,152026,48952372,49256424,1e-05,1.0000000000000002e-06,1.202265828614675e-22
18,324,1.0,4,1d,16,588,0,324,19904,19778,126,579738,1155954,2085384,6448896,0.001,0.0001,0.0
18,324,1.0,4,1d,16,588,0,324,19904,19778,126,579738,1155954,2085384,6448896,0.0001,1e-05,5.811479012593909e-35
18,324,1.0,4,1d,16,588,0,324,19904,19778,126,579738,1155954,2085384,6448896,1e-05,1.0000000000000002e-06,0.00037717773732679757
18,324,1.0,4,ancilla,16,588,18,342,18594,18468,126,307900,402678,5189992,6359148,0.001,0.0001,0.0
18,324,1.0,4,ancilla,16,588,18,342,18594,18468,126,307900,402678,5189992,6359148,0.0001,1e-05,1.2230457255827954e-36
18,324,1.0,4,ancilla,16,588,18,342,18594,18468,126,307900,402678,5189992,6359148,1e-05,1.0000000000000002e-06,0.00025633894373449414
18,324,1.0,4,primitive,16,588,0,324,17570,17444,126,324412,419190,4519624,5692680,0.001,0.0001,0.0
18,324,1.0,4,primitive,16,588,0,324,17570,17444,126,324412,419190,4519624,5692680,0.0001,1e-05,1.9128705338739348e-34
18,324,1.0,4,primitive,16,588,0,324,17570,17444,126,324412,419190,4519624,5692680,1e-05,1.0000000000000002e-06,0.0004248550607914583
18,324,1.0,4,pipelined,16,588,0,324,13154,13028,126,289596,384374,3158472,4261896,0.001,0.0001,9.76277352894036e-264
18,324,1.0,4,pipelined,16,588,0,324,13154,13028,126,289596,384374,3158472,4261896,0.0001,1e-05,5.0726913234774e-27
18,324,1.0,4,pipelined,16,588,0,324,13154,13028,126,289596,384374,3158472,4261896,1e-05,1.0000000000000002e-06,0.002347397387549526
18,324,1.0,5,naive_pauli,17,671,0,324,174478,0,174478,174478,174478,56181916,56530872,0.001,0.0001,0.0
18,324,1.0,5,naive_pauli,17,671,0,324,174478,0,174478,174478,174478,56181916,56530872,0.0001,1e-05,2.6665936579473e-252
18,324,1.0,5,naive_pauli,17,671,0,324,174478,0,174478,174478,174478,56181916,56530872,1e-05,1.0000000000000002e-06,6.96208919711279e-26
18,324,1.0,5,1d,17,671,0,324,20358,20222,136,659406,1314806,2001216,6595992,0.001,0.0001,0.0
18,324,1.0,5,1d,17,671,0,324,20358,20222,136,659406,1314806,2001216,6595992,0.0001,1e-05,4.6742850594523575e-38
18,324,1.0,5,1d,17,671,0,324,20358,20222,136,659406,1314806,2001216,6595992,1e-05,1.0000000000000002e-06,0.00018497128314907412
18,324,1.0,5,ancilla,17,671,18,342,19766,19630,136,331008,435310,5508690,6759972,0.001,0.0001,0.0
18,324,1.0,5,ancilla,17,671,18,342,19766,19630,136,331008,435310,5508690,6759972,0.0001,1e-05,5.008758301375872e-39
18,324,1.0,5,ancilla,17,671,18,342,19766,19630,136,331008,435310,5508690,6759972,1e-05,1.0000000000000002e-06,0.0001479273467601331
18,324,1.0,5,primitive,17,671,0,324,18678,18542,136,348552,452854,4796316,6051672,0.001,0.0001,0.0
18,324,1.0,5,primitive,17,671,0,324,18678,18542,136,348552,452854,4796316,6051672,0.0001,1e-05,1.075430078307778e-36
18,324,1.0,5,primitive,17,671,0,324,18678,18542,136,348552,452854,4796316,6051672,1e-05,1.0000000000000002e-06,0.0002530671154400095
18,324,1.0,5,pipelined,17,671,0,324,13986,13850,136,311560,415862,3350092,4531464,0.001,0.0001,1.3291978278209657e-281
18,324,1.0,5,pipelined,17,671,0,324,13986,13850,136,311560,415862,3350092,4531464,0.0001,1e-05,8.300554231107098e-29
18,324,1.0,5,pipelined,17,671,0,324,13986,13850,136,311560,415862,3350092,4531464,1e-05,1.0000000000000002e-06,0.0015558873496668063
18,324,1.0,6,naive_pauli,20,669,0,324,177304,0,177304,177304,177304,57091888,57446496,0.001,0.0001,0.0
18,324,1.0,6,naive_pauli,20,669,0,324,177304,0,177304,177304,177304,57091888,57446496,0.0001,1e-05,2.245128182709223e-256
18,324,1.0,6,naive_pauli,20,669,0,324,177304,0,177304,177304,177304,57091888,57446496,1e-05,1.0000000000000002e-06,2.724396688778189e-26
18,324,1.0,6,1d,20,669,0,324,25418,25260,158,682374,1360756,2778564,8235432,0.001,0.0001,0.0
18,324,1.0,6,1d,20,669,0,324,25418,25260,158,682374,1360756,2778564,8235432,0.0001,1e-05,1.9777955765145856e-42
18,324,1.0,6,1d,20,669,0,324,25418,25260,158,682374,1360756,2778564,8235432,1e-05,1.0000000000000002e-06,6.757046975779762e-05
18,324,1.0,6,ancilla,20,669,18,342,23244,23086,158,381228,496464,6495126,7949448,0.001,0.0001,0.0
18,324,1.0,6,ancilla,20,669,18,342,23244,23086,158,381228,496464,6495126,7949448,0.0001,1e-05,1.7160723453659573e-45
18,324,1.0,6,ancilla,20,669,18,342,23244,23086,158,381228,496464,6495126,7949448,1e-05,1.0000000000000002e-06,3.3384183793225496e-05
18,324,1.0,6,primitive,20,669,0,324,21964,21806,158,401868,517104,5657148,7116336,0.001,0.0001,0.0
18,324,1.0,6,primitive,20,669,0,324,21964,21806,158,401868,517104,5657148,7116336,0.0001,1e-05,9.493303599105593e-43
18,324,1.0,6,primitive,20,669,0,324,21964,21806,158,401868,517104,5657148,7116336,1e-05,1.0000000000000002e-06,6.278144924884519e-05
18,324,1.0,6,pipelined,20,669,0,324,16444,16286,158,358348,473584,3955708,5327856,0.001,0.0001,0.0
18,324,1.0,6,pipelined,20,669,0,324,16444,16286,158,358348,473584,3955708,5327856,0.0001,1e-05,1.806585180660096e-33
18,324,1.0,6,pipelined,20,669,0,324,16444,16286,158,358348,473584,3955708,5327856,1e-05,1.0000000000000002e-06,0.000531818711011856
18,324,1.0,7,naive_pauli,17,647,0,324,167254,0,167254,167254,167254,53855788,54190296,0.001,0.0001,0.0
18,324,1.0,7,naive_pauli,17,647,0,324,167254,0,167254,167254,167254,53855788,54190296,0.0001,1e-05,6.950289920623933e-242
18,324,1.0,7,naive_pauli,17,647,0,324,167254,0,167254,167254,167254,53855788,54190296,1e-05,1.0000000000000002e-06,7.6619309378317015e-25
18,324,1.0,7,1d,17,647,0,324,20562,20430,132,630092,1256306,2092244,6662088,0.001,0.0001,0.0
18,324,1.0,7,1d,17,647,0,324,20562,20430,132,630092,1256306,2092244,6662088,0.0001,1e-05,3.528077686686664e-37
18,324,1.0,7,1d,17,647,0,324,20562,20430,132,630092,1256306,2092244,6662088,1e-05,1.0000000000000002e-06,0.00022640241358878608
18,324,1.0,7,ancilla,17,647,18,342,19704,19572,132,328630,430682,5502160,6738768,0.001,0.0001,0.0
18,324,1.0,7,ancilla,17,647,18,342,19704,19572,132,328630,430682,5502160,6738768,0.0001,1e-05,6.782191349591226e-39
18,324,1.0,7,ancilla,17,647,18,342,19704,19572,132,328630,430682,5502160,6738768,1e-05,1.0000000000000002e-06,0.00015247968516324115
18,324,1.0,7,primitive,17,647,0,324,18616,18484,132,346174,448226,4790380,6031584,0.001,0.0001,0.0
18,324,1.0,7,primitive,17,647,0,324,18616,18484,132,346174,448226,4790380,6031584,0.0001,1e-05,1.4475794866446961e-36
18,324,1.0,7,primitive,17,647,0,324,18616,18484,132,346174,448226,4790380,6031584,1e-05,1.0000000000000002e-06,0.0002607001389259807
18,324,1.0,7,pipelined,17,647,0,324,13924,13792,132,309182,411234,3344156,4511376,0.001,0.0001,2.598176896813544e-280
18,324,1.0,7,pipelined,17,647,0,324,13924,13792,132,309182,411234,3344156,4511376,0.0001,1e-05,1.1172936553568934e-28
18,324,1.0,7,pipelined,17,647,0,324,13924,13792,132,309182,411234,3344156,4511376,1e-05,1.0000000000000002e-06,0.0016028161047556809
18,324,1.0,8,naive_pauli,16,621,0,324,155798,0,155798,155798,155798,50166956,50478552,0.001,0.0001,0.0
18,324,1.0,8,naive_pauli,16,621,0,324,155798,0,155798,155798,155798,50166956,50478552,0.0001,1e-05,2.2910231759070496e-225
18,324,1.0,8,naive_pauli,16,621,0,324,155798,0,155798,155798,155798,50166956,50478552,1e-05,1.0000000000000002e-06,3.436619428702538e-23
18,324,1.0,8,1d,16,621,0,324,19320,19192,128,611278,1218848,1928020,6259680,0.001,0.0001,0.0
18,324,1.0,8,1d,16,621,0,324,19320,19192,128,611278,1218848,1928020,6259680,0.0001,1e-05,1.1964098245123875e-35
18,324,1.0,8,1d,16,621,0,324,19320,19192,128,611278,1218848,1928020,6259680,1e-05,1.0000000000000002e-06,0.0003220410525541866
18,324,1.0,8,ancilla,16,621,18,342,18588,18460,128,309906,406504,5185296,6357096,0.001,0.0001,0.0
18,324,1.0,8,ancilla,16,621,18,342,18588,18460,128,309906,406504,5185296,6357096,0.0001,1e-05,1.0488501282997343e-36
18,324,1.0,8,ancilla,16,621,18,342,18588,18460,128,309906,406504,5185296,6357096,1e-05,1.0000000000000002e-06,0.000252430627849298
18,324,1.0,8,primitive,16,621,0,324,17564,17436,128,326418,423016,4514964,5690736,0.001,0.0001,0.0
18,324,1.0,8,primitive,16,621,0,324,17564,17436,128,326418,423016,4514964,5690736,0.0001,1e-05,1.6398343218774656e-34
18,324,1.0,8,primitive,16,621,0,324,17564,17436,128,326418,423016,4514964,5690736,1e-05,1.0000000000000002e-06,0.000418362373560027
18,324,1.0,8,pipelined,16,621,0,324,13148,13020,128,291602,388200,3153812,4259952,0.001,0.0001,2.090903283117542e-264
18,324,1.0,8,pipelined,16,621,0,324,13148,13020,128,291602,388200,3153812,4259952,0.0001,1e-05,4.3486337361692436e-27
18,324,1.0,8,pipelined,16,621,0,324,13148,13020,128,291602,388200,3153812,4259952,1e-05,1.0000000000000002e-06,0.002311524172300905
18,324,1.0,9,naive_pauli,17,668,0,324,171942,0,171942,171942,171942,55365324,55709208,0.001,0.0001,0.0
18,324,1.0,9,naive_pauli,17,668,0,324,171942,0,171942,171942,171942,55365324,55709208,0.0001,1e-05,1.2092919379409748e-248
18,324,1.0,9,naive_pauli,17,668,0,324,171942,0,171942,171942,171942,55365324,55709208,1e-05,1.0000000000000002e-06,1.6158272318977047e-25
18,324,1.0,9,1d,17,668,0,324,20360,20224,136,664280,1324570,1991792,6596640,0.001,0.0001,0.0
18,324,1.0,9,1d,17,668,0,324,20360,20224,136,664280,1324570,1991792,6596640,0.0001,1e-05,3.1546965861609637e-38
18,324,1.0,9,1d,17,668,0,324,20360,20224,136,664280,1324570,1991792,6596640,1e-05,1.0000000000000002e-06,0.00017784001390054352
18,324,1.0,9,ancilla,17,668,18,342,19708,19572,136,331360,436030,5498068,6740136,0.001,0.0001,0.0
18,324,1.0,9,ancilla,17,668,18,342,19708,19572,136,331360,436030,5498068,6740136,0.0001,1e-05,5.377409815604915e-39
18,324,1.0,9,ancilla,17,668,18,342,19708,19572,136,331360,436030,5498068,6740136,1e-05,1.0000000000000002e-06,0.00014898166440295742
18,324,1.0,9,primitive,17,668,0,324,18620,18484,136,348904,453574,4786216,6032880,0.001,0.0001,0.0
18,324,1.0,9,primitive,17,668,0,324,18620,18484,136,348904,453574,4786216,6032880,0.0001,1e-05,1.148571962848247e-36
18,324,1.0,9,primitive,17,668,0,324,18620,18484,136,348904,453574,4786216,6032880,1e-05,1.0000000000000002e-06,0.0002547377843460771
18,324,1.0,9,pipelined,17,668,0,324,13928,13792,136,311912,416582,3339992,4512672,0.001,0.0001,2.566261085944398e-281
18,324,1.0,9,pipelined,17,668,0,324,13928,13792,136,311912,416582,3339992,4512672,0.0001,1e-05,8.865089472811381e-29
18,324,1.0,9,pipelined,17,668,0,324,13928,13792,136,311912,416582,3339992,4512672,1e-05,1.0000000000000002e-06,0.001566158824931037
20,400,1.0,0,naive_pauli,18,836,0,400,273484,0,273484,273484,273484,108846632,109393600,0.001,0.0001,0.0
20,400,1.0,0,naive_pauli,18,836,0,400,273484,0,273484,273484,273484,108846632,109393600,0.0001,1e-05,0.0
20,400,1.0,0,naive_pauli,18,836,0,400,273484,0,273484,273484,273484,108846632,109393600,1e-05,1.0000000000000002e-06,3.473384420503556e-49
20,400,1.0,0,1d,18,836,0,400,26900,26758,142,983726,1962456,3440948,10760000,0.001,0.0001,0.0
20,400,1.0,0,1d,18,836,0,400,26900,26758,142,983726,1962456,3440948,10760000,0.0001,1e-05,2.1441954219273902e-58
20,400,1.0,0,1d,18,836,0,400,26900,26758,142,983726,1962456,3440948,10760000,1e-05,1.0000000000000002e-06,1.711297151040006e-06
20,400,1.0,0,ancilla,18,836,20,420,23198,23056,142,446734,594784,7999612,9743160,0.001,0.0001,0.0
20,400,1.0,0,ancilla,18,836,20,420,23198,23056,142,446734,594784,7999612,9743160,0.0001,1e-05,7.170865171781346e-55
20,400,1.0,0,ancilla,18,836,20,420,23198,23056,142,446734,594784,7999612,9743160,1e-05,1.0000000000000002e-06,3.851767836021268e-06
20,400,1.0,0,primitive,18,836,0,400,21902,21760,142,470206,618256,7010788,8760800,0.001,0.0001,0.0
20,400,1.0,0,primitive,18,836,0,400,21902,21760,142,470206,618256,7010788,8760800,0.0001,1e-05,1.350747326590817e-51
20,400,1.0,0,primitive,18,836,0,400,21902,21760,142,470206,618256,7010788,8760800,1e-05,1.0000000000000002e-06,8.187720582160179e-06
20,400,1.0,0,pipelined,18,836,0,400,16358,16216,142,420958,569008,4891684,6543200,0.001,0.0001,0.0
20,400,1.0,0,pipelined,18,836,0,400,16358,16216,142,420958,569008,4891684,6543200,0.0001,1e-05,2.9695612179273243e-40
20,400,1.0,0,pipelined,18,836,0,400,16358,16216,142,420958,569008,4891684,6543200,1e-05,1.0000000000000002e-06,0.0001115221319422633
20,400,1.0,1,naive_pauli,17,786,0,400,258180,0,258180,258180,258180,102755640,103272000,0.001,0.0001,0.0
20,400,1.0,1,naive_pauli,17,786,0,400,258180,0,258180,258180,258180,102755640,103272000,0.0001,1e-05,0.0
20,400,1.0,1,naive_pauli,17,786,0,400,258180,0,258180,258180,258180,102755640,103272000,1e-05,1.0000000000000002e-06,1.7885584994396808e-46
20,400,1.0,1,1d,17,786,0,400,25074,24940,134,940448,1876194,3160704,10029600,0.001,0.0001,0.0
20,400,1.0,1,1d,17,786,0,400,25074,24940,134,940448,1876194,3160704,10029600,0.0001,1e-05,2.67909627026723e-55
20,400,1.0,1,1d,17,786,0,400,25074,24940,134,940448,1876194,3160704,10029600,1e-05,1.0000000000000002e-06,3.491313250056321e-06
20,400,1.0,1,ancilla,17,786,20,420,21884,21750,134,420904,559734,7551892,9191280,0.001,0.0001,0.0
20,400,1.0,1,ancilla,17,786,20,420,21884,21750,134,420904,559734,7551892,9191280,0.0001,1e-05,8.353015226160993e-52
20,400,1.0,1,ancilla,17,786,20,420,21884,21750,134,420904,559734,7551892,9191280,1e-05,1.0000000000000002e-06,7.803354742921554e-06
20,400,1.0,1,primitive,17,786,0,400,20660,20526,134,443072,581902,6618256,8264000,0.001,0.0001,0.0
20,400,1.0,1,primitive,17,786,0,400,20660,20526,134,443072,581902,6618256,8264000,0.0001,1e-05,1.0322883545066923e-48
20,400,1.0,1,primitive,17,786,0,400,20660,20526,134,443072,581902,6618256,8264000,1e-05,1.0000000000000002e-06,1.590302105944162e-05
20,400,1.0,1,pipelined,17,786,0,400,15424,15290,134,396560,535390,4616880,6169600,0.001,0.0001,0.0
20,400,1.0,1,pipelined,17,786,0,400,15424,15290,134,396560,535390,4616880,6169600,0.0001,1e-05,5.318651300409954e-38
20,400,1.0,1,pipelined,17,786,0,400,15424,15290,134,396560,535390,4616880,6169600,1e-05,1.0000000000000002e-06,0.00018735560110609532
20,400,1.0,2,naive_pauli,17,804,0,400,260010,0,260010,260010,260010,103483980,104004000,0.001,0.0001,0.0
20,400,1.0,2,naive_pauli,17,804,0,400,260010,0,260010,260010,260010,103483980,104004000,0.0001,1e-05,0.0
20,400,1.0,2,naive_pauli,17,804,0,400,260010,0,260010,260010,260010,103483980,104004000,1e-05,1.0000000000000002e-06,8.476983143661567e-47
20,400,1.0,2,1d,17,804,0,400,25506,25370,136,970052,1935286,3188296,10202400,0.001,0.0001,0.0
20,400,1.0,2,1d,17,804,0,400,25506,25370,136,970052,1935286,3188296,10202400,0.0001,1e-05,1.0529494313450307e-56
20,400,1.0,2,1d,17,804,0,400,25506,25370,136,970052,1935286,3188296,10202400,1e-05,1.0000000000000002e-06,2.526018785719733e-06
20,400,1.0,2,ancilla,17,804,20,420,21910,21774,136,422468,562746,7554644,9202200,0.001,0.0001,0.0
20,400,1.0,2,ancilla,17,804,20,420,21910,21774,136,422468,562746,7554644,9202200,0.0001,1e-05,6.949673086018172e-52
20,400,1.0,2,ancilla,17,804,20,420,21910,21774,136,422468,562746,7554644,9202200,1e-05,1.0000000000000002e-06,7.661146582121034e-06
20,400,1.0,2,primitive,17,804,0,400,20686,20550,136,444636,584914,6620728,8274400,0.001,0.0001,0.0
20,400,1.0,2,primitive,17,804,0,400,20686,20550,136,444636,584914,6620728,8274400,0.0001,1e-05,8.612677021806114e-49
20,400,1.0,2,primitive,17,804,0,400,20686,20550,136,444636,584914,6620728,8274400,1e-05,1.0000000000000002e-06,1.5617577074022573e-05
20,400,1.0,2,pipelined,17,804,0,400,15450,15314,136,398124,538402,4619352,6180000,0.001,0.0001,0.0
20,400,1.0,2,pipelined,17,804,0,400,15450,15314,136,398124,538402,4619352,6180000,0.0001,1e-05,4.437502916898696e-38
20,400,1.0,2,pipelined,17,804,0,400,15450,15314,136,398124,538402,4619352,6180000,1e-05,1.0000000000000002e-06,0.00018399274764130958
20,400,1.0,3,naive_pauli,17,793,0,400,259456,0,259456,259456,259456,103263488,103782400,0.001,0.0001,0.0
20,400,1.0,3,naive_pauli,17,793,0,400,259456,0,259456,259456,259456,103263488,103782400,0.0001,1e-05,0.0
20,400,1.0,3,naive_pauli,17,793,0,400,259456,0,259456,259456,259456,103263488,103782400,1e-05,1.0000000000000002e-06,1.0626881304586978e-46
20,400,1.0,3,1d,17,793,0,400,26180,26046,134,910608,1816470,3441584,10472000,0.001,0.0001,0.0
20,400,1.0,3,1d,17,793,0,400,26180,26046,134,910608,1816470,3441584,10472000,0.0001,1e-05,3.19253314473465e-55
20,400,1.0,3,1d,17,793,0,400,26180,26046,134,910608,1816470,3441584,10472000,1e-05,1.0000000000000002e-06,3.553024833322573e-06
20,400,1.0,3,ancilla,17,793,20,420,21918,21784,134,420592,559066,7559656,9205560,0.001,0.0001,0.0
20,400,1.0,3,ancilla,17,793,20,420,21918,21784,134,420592,559066,7559656,9205560,0.0001,1e-05,7.973980077401629e-52
20,400,1.0,3,ancilla,17,793,20,420,21918,21784,134,420592,559066,7559656,9205560,1e-05,1.0000000000000002e-06,7.76720007084864e-06
20,400,1.0,3,primitive,17,793,0,400,20694,20560,134,442760,581234,6625680,8277600,0.001,0.0001,0.0
20,400,1.0,3,primitive,17,793,0,400,20694,20560,134,442760,581234,6625680,8277600,0.0001,1e-05,9.888023953639865e-49
20,400,1.0,3,primitive,17,793,0,400,20694,20560,134,442760,581234,6625680,8277600,1e-05,1.0000000000000002e-06,1.58347217310368e-05
20,400,1.0,3,pipelined,17,793,0,400,15458,15324,134,396248,534722,4624304,6183200,0.001,0.0001,0.0
20,400,1.0,3,pipelined,17,793,0,400,15458,15324,134,396248,534722,4624304,6183200,0.0001,1e-05,5.094598929641466e-38
20,400,1.0,3,pipelined,17,793,0,400,15458,15324,134,396248,534722,4624304,6183200,1e-05,1.0000000000000002e-06,0.00018655095765623774
20,400,1.0,4,naive_pauli,19,857,0,400,276818,0,276818,276818,276818,110173564,110727200,0.001,0.0001,0.0
20,400,1.0,4,naive_pauli,19,857,0,400,276818,0,276818,276818,276818,110173564,110727200,0.0001,1e-05,0.0
20,400,1.0,4,naive_pauli,19,857,0,400,276818,0,276818,276818,276818,110173564,110727200,1e-05,1.0000000000000002e-06,8.912383541081969e-50
20,400,1.0,4,1d,19,857,0,400,29012,28864,148,1036294,2067466,3759412,11604800,0.001,0.0001,0.0
20,400,1.0,4,1d,19,857,0,400,29012,28864,148,1036294,2067466,3759412,11604800,0.0001,1e-05,4.624581953760249e-62
20,400,1.0,4,1d,19,857,0,400,29012,28864,148,1036294,2067466,3759412,11604800,1e-05,1.0000000000000002e-06,7.3572774759189e-07
20,400,1.0,4,ancilla,19,857,20,420,24504,24356,148,468738,622350,8452884,10291680,0.001,0.0001,0.0
20,400,1.0,4,ancilla,19,857,20,420,24504,24356,148,468738,622350,8452884,10291680,0.0001,1e-05,8.538018035975167e-58
20,400,1.0,4,ancilla,19,857,20,420,24504,24356,148,468738,622350,8452884,10291680,1e-05,1.0000000000000002e-06,1.964462938534799e-06
20,400,1.0,4,primitive,19,857,0,400,23136,22988,148,493514,647126,7408972,9254400,0.001,0.0001,0.0
20,400,1.0,4,primitive,19,857,0,400,23136,22988,148,493514,647126,7408972,9254400,0.0001,1e-05,2.4488948384371784e-54
20,400,1.0,4,primitive,19,857,0,400,23136,22988,148,493514,647126,7408972,9254400,1e-05,1.0000000000000002e-06,4.355198449312583e-06
20,400,1.0,4,pipelined,19,857,0,400,17284,17136,148,441530,595142,5172140,6913600,0.001,0.0001,0.0
20,400,1.0,4,pipelined,19,857,0,400,17284,17136,148,441530,595142,5172140,6913600,0.0001,1e-05,2.2972379272468128e-42
20,400,1.0,4,pipelined,19,857,0,400,17284,17136,148,441530,595142,5172140,6913600,1e-05,1.0000000000000002e-06,6.858308260873924e-05
20,400,1.0,5,naive_pauli,20,787,0,400,252956,0,252956,252956,252956,100676488,101182400,0.001,0.0001,0.0
20,400,1.0,5,naive_pauli,20,787,0,400,252956,0,252956,252956,252956,100676488,101182400,0.0001,1e-05,0.0
20,400,1.0,5,naive_pauli,20,787,0,400,252956,0,252956,252956,252956,100676488,101182400,1e-05,1.0000000000000002e-06,1.5071466021260815e-45
20,400,1.0,5,1d,20,787,0,400,27968,27816,152,939046,1873392,3745908,11187200,0.001,0.0001,0.0
20,400,1.0,5,1d,20,787,0,400,27968,27816,152,939046,1873392,3745908,11187200,0.0001,1e-05,8.85845662968442e-58
20,400,1.0,5,1d,20,787,0,400,27968,27816,152,939046,1873392,3745908,11187200,1e-05,1.0000000000000002e-06,1.9720896810081106e-06
20,400,1.0,5,ancilla,20,787,20,420,25654,25502,152,480324,629628,8893812,10774680,0.001,0.0001,0.0
20,400,1.0,5,ancilla,20,787,20,420,25654,25502,152,480324,629628,8893812,10774680,0.0001,1e-05,3.2600388300571647e-60
20,400,1.0,5,ancilla,20,787,20,420,25654,25502,152,480324,629628,8893812,10774680,1e-05,1.0000000000000002e-06,1.1257281767167167e-06
20,400,1.0,5,primitive,20,787,0,400,24214,24062,152,506404,655708,7796392,9685600,0.001,0.0001,0.0
20,400,1.0,5,primitive,20,787,0,400,24214,24062,152,506404,655708,7796392,9685600,0.0001,1e-05,1.4014721179834526e-56
20,400,1.0,5,primitive,20,787,0,400,24214,24062,152,506404,655708,7796392,9685600,1e-05,1.0000000000000002e-06,2.5987988023991445e-06
20,400,1.0,5,pipelined,20,787,0,400,18054,17902,152,451684,600988,5441832,7221600,0.001,0.0001,0.0
20,400,1.0,5,pipelined,20,787,0,400,18054,17902,152,451684,600988,5441832,7221600,0.0001,1e-05,5.609678603720389e-44
20,400,1.0,5,pipelined,20,787,0,400,18054,17902,152,451684,600988,5441832,7221600,1e-05,1.0000000000000002e-06,4.7314332039923275e-05
20,400,1.0,6,naive_pauli,18,823,0,400,264142,0,264142,264142,264142,105128516,105656800,0.001,0.0001,0.0
20,400,1.0,6,naive_pauli,18,823,0,400,264142,0,264142,264142,264142,105128516,105656800,0.0001,1e-05,0.0
20,400,1.0,6,naive_pauli,18,823,0,400,264142,0,264142,264142,264142,105128516,105656800,1e-05,1.0000000000000002e-06,1.5706626434827513e-47
20,400,1.0,6,1d,18,823,0,400,28476,28332,144,1013802,2022712,3696396,11390400,0.001,0.0001,0.0
20,400,1.0,6,1d,18,823,0,400,28476,28332,144,1013802,2022712,3696396,11390400,0.0001,1e-05,8.234037715733812e-61
20,400,1.0,6,1d,18,823,0,400,28476,28332,144,1013802,2022712,3696396,11390400,1e-05,1.0000000000000002e-06,9.81220591546562e-07
20,400,1.0,6,ancilla,18,823,20,420,23228,23084,144,445890,593200,8008020,9755760,0.001,0.0001,0.0
20,400,1.0,6,ancilla,18,823,20,420,23228,23084,144,445890,593200,8008020,9755760,0.0001,1e-05,7.173187473015895e-55
20,400,1.0,6,ancilla,18,823,20,420,23228,23084,144,445890,593200,8008020,9755760,1e-05,1.0000000000000002e-06,3.851891240920597e-06
20,400,1.0,6,primitive,18,823,0,400,21932,21788,144,469362,616672,7018876,8772800,0.001,0.0001,0.0
20,400,1.0,6,primitive,18,823,0,400,21932,21788,144,469362,616672,7018876,8772800,0.0001,1e-05,1.3555155076308447e-51
20,400,1.0,6,primitive,18,823,0,400,21932,21788,144,469362,616672,7018876,8772800,1e-05,1.0000000000000002e-06,8.19060347963101e-06
20,400,1.0,6,pipelined,18,823,0,400,16388,16244,144,420114,567424,4899772,6555200,0.001,0.0001,0.0
20,400,1.0,6,pipelined,18,823,0,400,16388,16244,144,420114,567424,4899772,6555200,0.0001,1e-05,2.9800438635100906e-40
20,400,1.0,6,pipelined,18,823,0,400,16388,16244,144,420114,567424,4899772,6555200,1e-05,1.0000000000000002e-06,0.00011156139889927434
20,400,1.0,7,naive_pauli,17,799,0,400,253018,0,253018,253018,253018,100701164,101207200,0.001,0.0001,0.0
20,400,1.0,7,naive_pauli,17,799,0,400,253018,0,253018,253018,253018,100701164,101207200,0.0001,1e-05,0.0
20,400,1.0,7,naive_pauli,17,799,0,400,253018,0,253018,253018,253018,100701164,101207200,1e-05,1.0000000000000002e-06,1.4694999608688276e-45
20,400,1.0,7,1d,17,799,0,400,25444,25312,132,954932,1905090,3205336,10177600,0.001,0.0001,0.0
20,400,1.0,7,1d,17,799,0,400,25444,25312,132,954932,1905090,3205336,10177600,0.0001,1e-05,4.0279999466839522e-56
20,400,1.0,7,1d,17,799,0,400,25444,25312,132,954932,1905090,3205336,10177600,1e-05,1.0000000000000002e-06,2.888696055182331e-06
20,400,1.0,7,ancilla,17,799,20,420,21904,21772,132,422938,563730,7551604,9199680,0.001,0.0001,0.0
20,400,1.0,7,ancilla,17,799,20,420,21904,21772,132,422938,563730,7551604,9199680,0.0001,1e-05,6.835245737401388e-52
20,400,1.0,7,ancilla,17,799,20,420,21904,21772,132,422938,563730,7551604,9199680,1e-05,1.0000000000000002e-06,7.648439460371112e-06
20,400,1.0,7,primitive,17,799,0,400,20680,20548,132,445106,585898,6617788,8272000,0.001,0.0001,0.0
20,400,1.0,7,primitive,17,799,0,400,20680,20548,132,445106,585898,6617788,8272000,0.0001,1e-05,8.462401402211351e-49
20,400,1.0,7,primitive,17,799,0,400,20680,20548,132,445106,585898,6617788,8272000,1e-05,1.0000000000000002e-06,1.559011396924033e-05
20,400,1.0,7,pipelined,17,799,0,400,15444,15312,132,398594,539386,4616412,6177600,0.001,0.0001,0.0
20,400,1.0,7,pipelined,17,799,0,400,15444,15312,132,398594,539386,4616412,6177600,0.0001,1e-05,4.3600765257078795e-38
20,400,1.0,7,pipelined,17,799,0,400,15444,15312,132,398594,539386,4616412,6177600,1e-05,1.0000000000000002e-06,0.00018366920116007904
20,400,1.0,8,naive_pauli,17,769,0,400,238446,0,238446,238446,238446,94901508,95378400,0.001,0.0001,0.0
20,400,1.0,8,naive_pauli,17,769,0,400,238446,0,238446,238446,238446,94901508,95378400,0.0001,1e-05,0.0
20,400,1.0,8,naive_pauli,17,769,0,400,238446,0,238446,238446,238446,94901508,95378400,1e-05,1.0000000000000002e-06,5.6132598143864655e-43
20,400,1.0,8,1d,17,769,0,400,24948,24814,134,930640,1856682,3155120,9979200,0.001,0.0001,0.0
20,400,1.0,8,1d,17,769,0,400,24948,24814,134,930640,1856682,3155120,9979200,0.0001,1e-05,7.554692153721887e-55
20,400,1.0,8,1d,17,769,0,400,24948,24814,134,930640,1856682,3155120,9979200,1e-05,1.0000000000000002e-06,3.872663247654985e-06
20,400,1.0,8,ancilla,17,769,20,420,21890,21756,134,420682,559394,7553596,9193800,0.001,0.0001,0.0
20,400,1.0,8,ancilla,17,769,20,420,21890,21756,134,420682,559394,7553596,9193800,0.0001,1e-05,8.396236783339828e-52
20,400,1.0,8,ancilla,17,769,20,420,21890,21756,134,420682,559394,7553596,9193800,1e-05,1.0000000000000002e-06,7.807382393002784e-06
20,400,1.0,8,primitive,17,769,0,400,20666,20532,134,442850,581562,6619900,8266400,0.001,0.0001,0.0
20,400,1.0,8,primitive,17,769,0,400,20666,20532,134,442850,581562,6619900,8266400,0.0001,1e-05,1.0382525599717777e-48
20,400,1.0,8,primitive,17,769,0,400,20666,20532,134,442850,581562,6619900,8266400,1e-05,1.0000000000000002e-06,1.5912184001744488e-05
20,400,1.0,8,pipelined,17,769,0,400,15430,15296,134,396338,535050,4618524,6172000,0.001,0.0001,0.0
20,400,1.0,8,pipelined,17,769,0,400,15430,15296,134,396338,535050,4618524,6172000,0.0001,1e-05,5.349380630072835e-38
20,400,1.0,8,pipelined,17,769,0,400,15430,15296,134,396338,535050,4618524,6172000,1e-05,1.0000000000000002e-06,0.0001874635509451
20,400,1.0,9,naive_pauli,17,820,0,400,261386,0,261386,261386,261386,104031628,104554400,0.001,0.0001,0.0
20,400,1.0,9,naive_pauli,17,820,0,400,261386,0,261386,261386,261386,104031628,104554400,0.0001,1e-05,0.0
20,400,1.0,9,naive_pauli,17,820,0,400,261386,0,261386,261386,261386,104031628,104554400,1e-05,1.0000000000000002e-06,4.835315027915962e-47
20,400,1.0,9,1d,17,820,0,400,24782,24648,134,1001836,1998778,2979528,9912800,0.001,0.0001,0.0
20,400,1.0,9,1d,17,820,0,400,24782,24648,134,1001836,1998778,2979528,9912800,0.0001,1e-05,3.5371163664564824e-57
20,400,1.0,9,1d,17,820,0,400,24782,24648,134,1001836,1998778,2979528,9912800,1e-05,1.0000000000000002e-06,2.2649914317256263e-06
20,400,1.0,9,ancilla,17,820,20,420,21858,21724,134,424828,567390,7538584,9180360,0.001,0.0001,0.0
20,400,1.0,9,ancilla,17,820,20,420,21858,21724,134,424828,567390,7538584,9180360,0.0001,1e-05,6.4448645682176975e-52
20,400,1.0,9,ancilla,17,820,20,420,21858,21724,134,424828,567390,7538584,9180360,1e-05,1.0000000000000002e-06,7.603597928634006e-06
20,400,1.0,9,primitive,17,820,0,400,20634,20500,134,446996,589558,6605208,8253600,0.001,0.0001,0.0
20,400,1.0,9,primitive,17,820,0,400,20634,20500,134,446996,589558,6605208,8253600,0.0001,1e-05,7.944057504117631e-49
20,400,1.0,9,primitive,17,820,0,400,20634,20500,134,446996,589558,6605208,8253600,1e-05,1.0000000000000002e-06,1.549189378081352e-05
20,400,1.0,9,pipelined,17,820,0,400,15398,15264,134,400484,543046,4603832,6159200,0.001,0.0001,0.0
20,400,1.0,9,pipelined,17,820,0,400,15398,15264,134,400484,543046,4603832,6159200,0.0001,1e-05,4.093010600221083e-38
20,400,1.0,9,pipelined,17,820,0,400,15398,15264,134,400484,543046,4603832,6159200,1e-05,1.0000000000000002e-06,0.00018251205608841773
