L,N,k,instance_idx,baseline,n_colors,n_quartets,n_ancillas,total_qubits,cnot_depth,fp_cnot_depth,interaction_cnot_depth,total_2q_gates,total_cnots,total_idle_slots,spacetime_volume,p_2q,p_idle,mult_fidelity
4,16,1.0,0,naive_pauli,15,38,0,16,536,0,536,536,536,7504,8576,0.001,0.0001,0.2761791025884406
4,16,1.0,0,naive_pauli,15,38,0,16,536,0,536,536,536,7504,8576,0.0001,1e-05,0.8792877665744342
4,16,1.0,0,naive_pauli,15,38,0,16,536,0,536,536,536,7504,8576,1e-05,1.0000000000000002e-06,0.9872183574297548
4,16,1.0,0,1d,15,38,0,16,753,652,101,1424,2648,3984,12048,0.001,0.0001,0.1615190161243563
4,16,1.0,0,1d,15,38,0,16,753,652,101,1424,2648,3984,12048,0.0001,1e-05,0.8333951998948036
4,16,1.0,0,1d,15,38,0,16,753,652,101,1424,2648,3984,12048,1e-05,1.0000000000000002e-06,0.9819409810549256
4,16,1.0,0,ancilla,15,38,4,20,2179,2078,101,5946,6712,26508,43580,0.001,0.0001,0.0001841228182895
4,16,1.0,0,ancilla,15,38,4,20,2179,2078,101,5946,6712,26508,43580,0.0001,1e-05,0.4232843695405321
4,16,1.0,0,ancilla,15,38,4,20,2179,2078,101,5946,6712,26508,43580,1e-05,1.0000000000000002e-06,0.9176233097314516
4,16,1.0,0,primitive,15,38,0,16,3139,3038,101,7986,8752,30108,50224,0.001,0.0001,1.6685904880891554e-05
4,16,1.0,0,primitive,15,38,0,16,3139,3038,101,7986,8752,30108,50224,0.0001,1e-05,0.3329638218253929
4,16,1.0,0,primitive,15,38,0,16,3139,3038,101,7986,8752,30108,50224,1e-05,1.0000000000000002e-06,0.8958624312404271
4,16,1.0,0,pipelined,15,38,0,16,2719,2618,101,7266,8032,24828,43504,0.001,0.0001,5.8145645129619654e-05
4,16,1.0,0,pipelined,15,38,0,16,2719,2618,101,7266,8032,24828,43504,0.0001,1e-05,0.3772234453658696
4,16,1.0,0,pipelined,15,38,0,16,2719,2618,101,7266,8032,24828,43504,1e-05,1.0000000000000002e-06,0.9071128860315848
4,16,1.0,1,naive_pauli,15,38,0,16,594,0,594,594,594,8316,9504,0.001,0.0001,0.2402827843998609
4,16,1.0,1,naive_pauli,15,38,0,16,594,0,594,594,594,8316,9504,0.0001,1e-05,0.8671325884836398
4,16,1.0,1,naive_pauli,15,38,0,16,594,0,594,594,594,8316,9504,1e-05,1.0000000000000002e-06,0.9858451022220668
4,16,1.0,1,1d,15,38,0,16,837,728,109,1766,3328,4036,13392,0.001,0.0001,0.1141201120867705
4,16,1.0,1,1d,15,38,0,16,837,728,109,1766,3328,4036,13392,0.0001,1e-05,0.8049548964484515
4,16,1.0,1,1d,15,38,0,16,837,728,109,1766,3328,4036,13392,1e-05,1.0000000000000002e-06,0.978537576909598
4,16,1.0,1,ancilla,15,38,4,20,2239,2130,109,6088,6992,26904,44780,0.001,0.0001,0.000153535221716
4,16,1.0,1,ancilla,15,38,4,20,2239,2130,109,6088,6992,26904,44780,0.0001,1e-05,0.4156665979707093
4,16,1.0,1,ancilla,15,38,4,20,2239,2130,109,6088,6992,26904,44780,1e-05,1.0000000000000002e-06,0.9159584112955248
4,16,1.0,1,primitive,15,38,0,16,3199,3090,109,8128,9032,30368,51184,0.001,0.0001,1.4104473216582916e-05
4,16,1.0,1,primitive,15,38,0,16,3199,3090,109,8128,9032,30368,51184,0.0001,1e-05,0.3274165187049769
4,16,1.0,1,primitive,15,38,0,16,3199,3090,109,8128,9032,30368,51184,1e-05,1.0000000000000002e-06,0.8943586394230721
4,16,1.0,1,pipelined,15,38,0,16,2779,2670,109,7408,8312,25088,44464,0.001,0.0001,4.915008806809375e-05
4,16,1.0,1,pipelined,15,38,0,16,2779,2670,109,7408,8312,25088,44464,0.0001,1e-05,0.3709387601886628
4,16,1.0,1,pipelined,15,38,0,16,2779,2670,109,7408,8312,25088,44464,1e-05,1.0000000000000002e-06,0.9055902092367306
4,16,1.0,2,naive_pauli,14,33,0,16,530,0,530,530,530,7420,8480,0.001,0.0001,0.2801858126581723
4,16,1.0,2,naive_pauli,14,33,0,16,530,0,530,530,530,7420,8480,0.0001,1e-05,0.8805548831583643
4,16,1.0,2,naive_pauli,14,33,0,16,530,0,530,530,530,7420,8480,1e-05,1.0000000000000002e-06,0.9873605274468772
4,16,1.0,2,1d,14,33,0,16,740,646,94,1390,2604,3892,11840,0.001,0.0001,0.1686524947728984
4,16,1.0,2,1d,14,33,0,16,740,646,94,1390,2604,3892,11840,0.0001,1e-05,0.837003401096304
4,16,1.0,2,1d,14,33,0,16,740,646,94,1390,2604,3892,11840,1e-05,1.0000000000000002e-06,0.9823652729140356
4,16,1.0,2,ancilla,14,33,4,20,2060,1966,94,5584,6344,24932,41200,0.001,0.0001,0.0003096343319635
4,16,1.0,2,ancilla,14,33,4,20,2060,1966,94,5584,6344,24932,41200,0.0001,1e-05,0.4458604945107859
4,16,1.0,2,ancilla,14,33,4,20,2060,1966,94,5584,6344,24932,41200,1e-05,1.0000000000000002e-06,0.9224037065417476
4,16,1.0,2,primitive,14,33,0,16,2956,2862,94,7488,8248,28240,47296,0.001,0.0001,3.310296484330816e-05
4,16,1.0,2,primitive,14,33,0,16,2956,2862,94,7488,8248,28240,47296,0.0001,1e-05,0.3565649547349941
4,16,1.0,2,primitive,14,33,0,16,2956,2862,94,7488,8248,28240,47296,1e-05,1.0000000000000002e-06,0.9020183742848212
4,16,1.0,2,pipelined,14,33,0,16,2564,2470,94,6816,7576,23312,41024,0.001,0.0001,0.0001061426258392
4,16,1.0,2,pipelined,14,33,0,16,2564,2470,94,6816,7576,23312,41024,0.0001,1e-05,0.4006146653818012
4,16,1.0,2,pipelined,14,33,0,16,2564,2470,94,6816,7576,23312,41024,1e-05,1.0000000000000002e-06,0.9125865465775213
4,16,1.0,3,naive_pauli,15,34,0,16,548,0,548,548,548,7672,8768,0.001,0.0001,0.2683367532287014
4,16,1.0,3,naive_pauli,15,34,0,16,548,0,548,548,548,7672,8768,0.0001,1e-05,0.8767590009168583
4,16,1.0,3,naive_pauli,15,34,0,16,548,0,548,548,548,7672,8768,1e-05,1.0000000000000002e-06,0.9869340788057336
4,16,1.0,3,1d,15,34,0,16,844,740,104,1754,3314,4076,13504,0.001,0.0001,0.1150374022587654
4,16,1.0,3,1d,15,34,0,16,844,740,104,1754,3314,4076,13504,0.0001,1e-05,0.8055991647478439
4,16,1.0,3,1d,15,34,0,16,844,740,104,1754,3314,4076,13504,1e-05,1.0000000000000002e-06,0.9786158636147542
4,16,1.0,3,ancilla,15,34,4,20,2224,2120,104,6070,6966,26740,44480,0.001,0.0001,0.0001589102892123
4,16,1.0,3,ancilla,15,34,4,20,2224,2120,104,6070,6966,26740,44480,0.0001,1e-05,0.4170989942680546
4,16,1.0,3,ancilla,15,34,4,20,2224,2120,104,6070,6966,26740,44480,1e-05,1.0000000000000002e-06,0.9162735560904424
4,16,1.0,3,primitive,15,34,0,16,3184,3080,104,8110,9006,30244,50944,0.001,0.0001,1.4539973107054323e-05
4,16,1.0,3,primitive,15,34,0,16,3184,3080,104,8110,9006,30244,50944,0.0001,1e-05,0.328413410977705
4,16,1.0,3,primitive,15,34,0,16,3184,3080,104,8110,9006,30244,50944,1e-05,1.0000000000000002e-06,0.8946305666408113
4,16,1.0,3,pipelined,15,34,0,16,2764,2660,104,7390,8286,24964,44224,0.001,0.0001,5.066768164579283e-05
4,16,1.0,3,pipelined,15,34,0,16,2764,2660,104,7390,8286,24964,44224,0.0001,1e-05,0.3720681655868694
4,16,1.0,3,pipelined,15,34,0,16,2764,2660,104,7390,8286,24964,44224,1e-05,1.0000000000000002e-06,0.9058655513815422
4,16,1.0,4,naive_pauli,15,29,0,16,474,0,474,474,474,6636,7584,0.001,0.0001,0.3205008532653129
4,16,1.0,4,naive_pauli,15,29,0,16,474,0,474,474,474,6636,7584,0.0001,1e-05,0.8924697120702584
4,16,1.0,4,naive_pauli,15,29,0,16,474,0,474,474,474,6636,7584,1e-05,1.0000000000000002e-06,0.98868843530377
4,16,1.0,4,1d,15,29,0,16,820,722,98,1442,2720,4460,13120,0.001,0.0001,0.151261707136054
4,16,1.0,4,1d,15,29,0,16,820,722,98,1442,2720,4460,13120,0.0001,1e-05,0.8279459260089181
4,16,1.0,4,1d,15,29,0,16,820,722,98,1442,2720,4460,13120,1e-05,1.0000000000000002e-06,0.981297037890703
4,16,1.0,4,ancilla,15,29,4,20,2194,2096,98,5936,6728,26648,43880,0.001,0.0001,0.0001833885872093
4,16,1.0,4,ancilla,15,29,4,20,2194,2096,98,5936,6728,26648,43880,0.0001,1e-05,0.4231151078462935
4,16,1.0,4,ancilla,15,29,4,20,2194,2096,98,5936,6728,26648,43880,1e-05,1.0000000000000002e-06,0.9175866059277124
4,16,1.0,4,primitive,15,29,0,16,3154,3056,98,7976,8768,30224,50464,0.001,0.0001,1.665930246853646e-05
4,16,1.0,4,primitive,15,29,0,16,3154,3056,98,7976,8768,30224,50464,0.0001,1e-05,0.3329105665913559
4,16,1.0,4,primitive,15,29,0,16,3154,3056,98,7976,8768,30224,50464,1e-05,1.0000000000000002e-06,0.8958480979521616
4,16,1.0,4,pipelined,15,29,0,16,2734,2636,98,7256,8048,24944,43744,0.001,0.0001,5.8052943269011395e-05
4,16,1.0,4,pipelined,15,29,0,16,2734,2636,98,7256,8048,24944,43744,0.0001,1e-05,0.3771631111146675
4,16,1.0,4,pipelined,15,29,0,16,2734,2636,98,7256,8048,24944,43744,1e-05,1.0000000000000002e-06,0.9070983727424552
4,16,1.0,5,naive_pauli,16,42,0,16,626,0,626,626,626,8764,10016,0.001,0.0001,0.2225158304660459
4,16,1.0,5,naive_pauli,16,42,0,16,626,0,626,626,626,8764,10016,0.0001,1e-05,0.8604983606796579
4,16,1.0,5,naive_pauli,16,42,0,16,626,0,626,626,626,8764,10016,1e-05,1.0000000000000002e-06,0.9850882620498737
4,16,1.0,5,1d,16,42,0,16,851,746,105,1714,3194,4220,13616,0.001,0.0001,0.1180226559737057
4,16,1.0,5,1d,16,42,0,16,851,746,105,1714,3194,4220,13616,0.0001,1e-05,0.8076642963793995
4,16,1.0,5,1d,16,42,0,16,851,746,105,1714,3194,4220,13616,1e-05,1.0000000000000002e-06,0.9788664232331225
4,16,1.0,5,ancilla,16,42,4,20,2329,2224,105,6410,7274,28160,46580,0.001,0.0001,9.811719291687824e-05
4,16,1.0,5,ancilla,16,42,4,20,2329,2224,105,6410,7274,28160,46580,0.0001,1e-05,0.3974709377477584
4,16,1.0,5,ancilla,16,42,4,20,2329,2224,105,6410,7274,28160,46580,1e-05,1.0000000000000002e-06,0.9118677279375064
4,16,1.0,5,primitive,16,42,0,16,3353,3248,105,8586,9450,31996,53648,0.001,0.0001,7.579556609468103e-06
4,16,1.0,5,primitive,16,42,0,16,3353,3248,105,8586,9450,31996,53648,0.0001,1e-05,0.3077078353672705
4,16,1.0,5,primitive,16,42,0,16,3353,3248,105,8586,9450,31996,53648,1e-05,1.0000000000000002e-06,0.8888236382661365
4,16,1.0,5,pipelined,16,42,0,16,2905,2800,105,7818,8682,26364,46480,0.001,0.0001,2.8704879370368164e-05
4,16,1.0,5,pipelined,16,42,0,16,2905,2800,105,7818,8682,26364,46480,0.0001,1e-05,0.351522903402728
4,16,1.0,5,pipelined,16,42,0,16,2905,2800,105,7818,8682,26364,46480,1e-05,1.0000000000000002e-06,0.9007348002142238
4,16,1.0,6,naive_pauli,17,38,0,16,576,0,576,576,576,8064,9216,0.001,0.0001,0.2508930528702635
4,16,1.0,6,naive_pauli,17,38,0,16,576,0,576,576,576,8064,9216,0.0001,1e-05,0.8708867936759607
4,16,1.0,6,naive_pauli,17,38,0,16,576,0,576,576,576,8064,9216,1e-05,1.0000000000000002e-06,0.9862710803225796
4,16,1.0,6,1d,17,38,0,16,932,824,108,1822,3434,4676,14912,0.001,0.0001,0.1012122998648242
4,16,1.0,6,1d,17,38,0,16,932,824,108,1822,3434,4676,14912,0.0001,1e-05,0.7953529151452775
4,16,1.0,6,1d,17,38,0,16,932,824,108,1822,3434,4676,14912,1e-05,1.0000000000000002e-06,0.977364033033218
4,16,1.0,6,ancilla,17,38,4,20,2482,2374,108,6766,7678,30048,49640,0.001,0.0001,5.6893155898662875e-05
4,16,1.0,6,ancilla,17,38,4,20,2482,2374,108,6766,7678,30048,49640,0.0001,1e-05,0.3763953088080471
4,16,1.0,6,ancilla,17,38,4,20,2482,2374,108,6766,7678,30048,49640,1e-05,1.0000000000000002e-06,0.9069133634529628
4,16,1.0,6,primitive,17,38,0,16,3570,3462,108,9078,9990,34116,57120,0.001,0.0001,3.747908452261301e-06
4,16,1.0,6,primitive,17,38,0,16,3570,3462,108,9078,9990,34116,57120,0.0001,1e-05,0.286789409079019
4,16,1.0,6,primitive,17,38,0,16,3570,3462,108,9078,9990,34116,57120,1e-05,1.0000000000000002e-06,0.8825882713698859
4,16,1.0,6,pipelined,17,38,0,16,3094,2986,108,8262,9174,28132,49504,0.001,0.0001,1.5425718246800027e-05
4,16,1.0,6,pipelined,17,38,0,16,3094,2986,108,8262,9174,28132,49504,0.0001,1e-05,0.330363168391382
4,16,1.0,6,pipelined,17,38,0,16,3094,2986,108,8262,9174,28132,49504,1e-05,1.0000000000000002e-06,0.8951603388771927
4,16,1.0,7,naive_pauli,14,26,0,16,388,0,388,388,388,5432,6208,0.001,0.0001,0.3939933329629698
4,16,1.0,7,naive_pauli,14,26,0,16,388,0,388,388,388,5432,6208,0.0001,1e-05,0.9110821485656648
4,16,1.0,7,naive_pauli,14,26,0,16,388,0,388,388,388,5432,6208,1e-05,1.0000000000000002e-06,0.9907312004943292
4,16,1.0,7,1d,14,26,0,16,796,712,84,1440,2734,4160,12736,0.001,0.0001,0.1561807510715186
4,16,1.0,7,1d,14,26,0,16,796,712,84,1440,2734,4160,12736,0.0001,1e-05,0.8305996173462118
4,16,1.0,7,1d,14,26,0,16,796,712,84,1440,2734,4160,12736,1e-05,1.0000000000000002e-06,0.981611103436008
4,16,1.0,7,ancilla,14,26,4,20,2040,1956,84,5546,6298,24708,40800,0.001,0.0001,0.0003289192104518
4,16,1.0,7,ancilla,14,26,4,20,2040,1956,84,5546,6298,24708,40800,0.0001,1e-05,0.4485617314049587
4,16,1.0,7,ancilla,14,26,4,20,2040,1956,84,5546,6298,24708,40800,1e-05,1.0000000000000002e-06,0.922961008525208
4,16,1.0,7,primitive,14,26,0,16,2936,2852,84,7450,8202,28076,46976,0.001,0.0001,3.4954341574384e-05
4,16,1.0,7,primitive,14,26,0,16,2936,2852,84,7450,8202,28076,46976,0.0001,1e-05,0.3585100247505219
4,16,1.0,7,primitive,14,26,0,16,2936,2852,84,7450,8202,28076,46976,1e-05,1.0000000000000002e-06,0.9025092075632802
4,16,1.0,7,pipelined,14,26,0,16,2544,2460,84,6778,7530,23148,40704,0.001,0.0001,0.0001120789517419
4,16,1.0,7,pipelined,14,26,0,16,2544,2460,84,6778,7530,23148,40704,0.0001,1e-05,0.4028000275803771
4,16,1.0,7,pipelined,14,26,0,16,2544,2460,84,6778,7530,23148,40704,1e-05,1.0000000000000002e-06,0.9130831305267
4,16,1.0,8,naive_pauli,12,29,0,16,438,0,438,438,438,6132,7008,0.001,0.0001,0.3494307741062664
4,16,1.0,8,naive_pauli,12,29,0,16,438,0,438,438,438,6132,7008,0.0001,1e-05,0.9002142425149232
4,16,1.0,8,naive_pauli,12,29,0,16,438,0,438,438,438,6132,7008,1e-05,1.0000000000000002e-06,0.9895430332747231
4,16,1.0,8,1d,12,29,0,16,600,516,84,1198,2246,3076,9600,0.001,0.0001,0.2217477552658255
4,16,1.0,8,1d,12,29,0,16,600,516,84,1198,2246,3076,9600,0.0001,1e-05,0.8602208295068212
4,16,1.0,8,1d,12,29,0,16,600,516,84,1198,2246,3076,9600,1e-05,1.0000000000000002e-06,0.9850567143587274
4,16,1.0,8,ancilla,12,29,4,20,1752,1668,84,4780,5426,21280,35040,0.001,0.0001,0.0009972610351866
4,16,1.0,8,ancilla,12,29,4,20,1752,1668,84,4780,5426,21280,35040,0.0001,1e-05,0.5011624566949775
4,16,1.0,8,ancilla,12,29,4,20,1752,1668,84,4780,5426,21280,35040,1e-05,1.0000000000000002e-06,0.9332517839514952
4,16,1.0,8,primitive,12,29,0,16,2520,2436,84,6412,7058,24136,40320,0.001,0.0001,0.0001464350127381
4,16,1.0,8,primitive,12,29,0,16,2520,2436,84,6412,7058,24136,40320,0.0001,1e-05,0.4137086615498462
4,16,1.0,8,primitive,12,29,0,16,2520,2436,84,6412,7058,24136,40320,1e-05,1.0000000000000002e-06,0.9155261673753342
4,16,1.0,8,pipelined,12,29,0,16,2184,2100,84,5836,6482,19912,34944,0.001,0.0001,0.0003975382057353
4,16,1.0,8,pipelined,12,29,0,16,2184,2100,84,5836,6482,19912,34944,0.0001,1e-05,0.457147045367065
4,16,1.0,8,pipelined,12,29,0,16,2184,2100,84,5836,6482,19912,34944,1e-05,1.0000000000000002e-06,0.9247125913929976
4,16,1.0,9,naive_pauli,9,20,0,16,252,0,252,252,252,3528,4032,0.001,0.0001,0.546105157712186
4,16,1.0,9,naive_pauli,9,20,0,16,252,0,252,252,252,3528,4032,0.0001,1e-05,0.9413112429015764
4,16,1.0,9,naive_pauli,9,20,0,16,252,0,252,252,252,3528,4032,1e-05,1.0000000000000002e-06,0.9939702380591884
4,16,1.0,9,1d,9,20,0,16,457,394,63,938,1762,2284,7312,0.001,0.0001,0.31133656989636
4,16,1.0,9,1d,9,20,0,16,457,394,63,938,1762,2284,7312,0.0001,1e-05,0.889901225932409
4,16,1.0,9,1d,9,20,0,16,457,394,63,938,1762,2284,7312,1e-05,1.0000000000000002e-06,0.9884037132531466
4,16,1.0,9,ancilla,9,20,4,20,1311,1248,63,3542,3982,16016,26220,0.001,0.0001,0.0058258389340269
4,16,1.0,9,ancilla,9,20,4,20,1311,1248,63,3542,3982,16016,26220,0.0001,1e-05,0.5978720494919733
4,16,1.0,9,ancilla,9,20,4,20,1311,1248,63,3542,3982,16016,26220,1e-05,1.0000000000000002e-06,0.9498642635121352
4,16,1.0,9,primitive,9,20,0,16,1887,1824,63,4766,5206,18164,30192,0.001,0.0001,0.0013810994198916
4,16,1.0,9,primitive,9,20,0,16,1887,1824,63,4766,5206,18164,30192,0.0001,1e-05,0.5177489846479333
4,16,1.0,9,primitive,9,20,0,16,1887,1824,63,4766,5206,18164,30192,1e-05,1.0000000000000002e-06,0.9362954061989416
4,16,1.0,9,pipelined,9,20,0,16,1635,1572,63,4334,4774,14996,26160,0.001,0.0001,0.002920958594612
4,16,1.0,9,pipelined,9,20,0,16,1635,1572,63,4334,4774,14996,26160,0.0001,1e-05,0.5580077536601645
4,16,1.0,9,pipelined,9,20,0,16,1635,1572,63,4334,4774,14996,26160,1e-05,1.0000000000000002e-06,0.9433327228207248
6,36,1.0,0,naive_pauli,15,77,0,36,2400,0,2400,2400,2400,81600,86400,0.001,0.0001,2.5891163429515363e-05
6,36,1.0,0,naive_pauli,15,77,0,36,2400,0,2400,2400,2400,81600,86400,0.0001,1e-05,0.34783881533751
6,36,1.0,0,naive_pauli,15,77,0,36,2400,0,2400,2400,2400,81600,86400,1e-05,1.0000000000000002e-06,0.8997843452106294
6,36,1.0,0,1d,15,77,0,36,1703,1588,115,7554,14666,17616,61308,0.001,0.0001,8.966163303501457e-05
6,36,1.0,0,1d,15,77,0,36,1703,1588,115,7554,14666,17616,61308,0.0001,1e-05,0.3939234596817512
6,36,1.0,0,1d,15,77,0,36,1703,1588,115,7554,14666,17616,61308,1e-05,1.0000000000000002e-06,0.9110510130658996
6,36,1.0,0,ancilla,15,77,6,42,3413,3298,115,15294,18326,93900,143346,0.001,0.0001,1.8895040548698537e-11
6,36,1.0,0,ancilla,15,77,6,42,3413,3298,115,15294,18326,93900,143346,0.0001,1e-05,0.0847134266238259
6,36,1.0,0,ancilla,15,77,6,42,3413,3298,115,15294,18326,93900,143346,1e-05,1.0000000000000002e-06,0.7812650519218658
6,36,1.0,0,primitive,15,77,0,36,5693,5578,115,22494,25526,143796,204948,0.001,0.0001,9.567510629680402e-17
6,36,1.0,0,primitive,15,77,0,36,5693,5578,115,22494,25526,143796,204948,0.0001,1e-05,0.0250350191733256
6,36,1.0,0,primitive,15,77,0,36,5693,5578,115,22494,25526,143796,204948,1e-05,1.0000000000000002e-06,0.6916071432719904
6,36,1.0,0,pipelined,15,77,0,36,4433,4318,115,20094,23126,103236,159588,0.001,0.0001,6.098369159150274e-14
6,36,1.0,0,pipelined,15,77,0,36,4433,4318,115,20094,23126,103236,159588,0.0001,1e-05,0.0477457300768584
6,36,1.0,0,pipelined,15,77,0,36,4433,4318,115,20094,23126,103236,159588,1e-05,1.0000000000000002e-06,0.7377302350807945
6,36,1.0,1,naive_pauli,15,70,0,36,2132,0,2132,2132,2132,72488,76752,0.001,0.0001,8.420728036058706e-05
6,36,1.0,1,naive_pauli,15,70,0,36,2132,0,2132,2132,2132,72488,76752,0.0001,1e-05,0.3913729704143557
6,36,1.0,1,naive_pauli,15,70,0,36,2132,0,2132,2132,2132,72488,76752,1e-05,1.0000000000000002e-06,0.910457423254655
6,36,1.0,1,1d,15,70,0,36,1767,1654,113,6640,12886,20560,63612,0.001,0.0001,0.0001666816217312
6,36,1.0,1,1d,15,70,0,36,1767,1654,113,6640,12886,20560,63612,0.0001,1e-05,0.4191048170925771
6,36,1.0,1,1d,15,70,0,36,1767,1654,113,6640,12886,20560,63612,1e-05,1.0000000000000002e-06,0.9167134496752956
6,36,1.0,1,ancilla,15,70,6,42,3389,3276,113,15186,18158,93570,142338,0.001,0.0001,2.175742696576836e-11
6,36,1.0,1,ancilla,15,70,6,42,3389,3276,113,15186,18158,93570,142338,0.0001,1e-05,0.0859163944112745
6,36,1.0,1,ancilla,15,70,6,42,3389,3276,113,15186,18158,93570,142338,1e-05,1.0000000000000002e-06,0.7823674169806455
6,36,1.0,1,primitive,15,70,0,36,5669,5556,113,22386,25358,143544,204084,0.001,0.0001,1.0931279357693012e-16
6,36,1.0,1,primitive,15,70,0,36,5669,5556,113,22386,25358,143544,204084,0.0001,1e-05,0.0253707304297445
6,36,1.0,1,primitive,15,70,0,36,5669,5556,113,22386,25358,143544,204084,1e-05,1.0000000000000002e-06,0.6925289816192659
6,36,1.0,1,pipelined,15,70,0,36,4409,4296,113,19986,22958,102984,158724,0.001,0.0001,6.967640746403638e-14
6,36,1.0,1,pipelined,15,70,0,36,4409,4296,113,19986,22958,102984,158724,0.0001,1e-05,0.048385984391096
6,36,1.0,1,pipelined,15,70,0,36,4409,4296,113,19986,22958,102984,158724,1e-05,1.0000000000000002e-06,0.738713550576098
6,36,1.0,2,naive_pauli,13,62,0,36,1884,0,1884,1884,1884,64056,67824,0.001,0.0001,0.0002507979483092
6,36,1.0,2,naive_pauli,13,62,0,36,1884,0,1884,1884,1884,64056,67824,0.0001,1e-05,0.4364975033388915
6,36,1.0,2,naive_pauli,13,62,0,36,1884,0,1884,1884,1884,64056,67824,1e-05,1.0000000000000002e-06,0.9204467525284928
6,36,1.0,2,1d,13,62,0,36,1525,1428,97,6214,12064,16768,54900,0.001,0.0001,0.0003729773296903
6,36,1.0,2,1d,13,62,0,36,1525,1428,97,6214,12064,16768,54900,0.0001,1e-05,0.4542480291178259
6,36,1.0,2,1d,13,62,0,36,1525,1428,97,6214,12064,16768,54900,1e-05,1.0000000000000002e-06,0.9241246451532538
6,36,1.0,2,ancilla,13,62,6,42,2947,2850,97,13258,15908,81088,123774,0.001,0.0001,5.217467027018682e-10
6,36,1.0,2,ancilla,13,62,6,42,2947,2850,97,13258,15908,81088,123774,0.0001,1e-05,0.1180378021232805
6,36,1.0,2,ancilla,13,62,6,42,2947,2850,97,13258,15908,81088,123774,1e-05,1.0000000000000002e-06,0.8076159010682711
6,36,1.0,2,primitive,13,62,0,36,4923,4826,97,19498,22148,124372,177228,0.001,0.0001,1.3372481677234912e-14
6,36,1.0,2,primitive,13,62,0,36,4923,4826,97,19498,22148,124372,177228,0.0001,1e-05,0.041022945801296
6,36,1.0,2,primitive,13,62,0,36,4923,4826,97,19498,22148,124372,177228,1e-05,1.0000000000000002e-06,0.7266189805656238
6,36,1.0,2,pipelined,13,62,0,36,3831,3734,97,17418,20068,89220,137916,0.001,0.0001,3.603336334357386e-12
6,36,1.0,2,pipelined,13,62,0,36,3831,3734,97,17418,20068,89220,137916,0.0001,1e-05,0.0717841516190556
6,36,1.0,2,pipelined,13,62,0,36,3831,3734,97,17418,20068,89220,137916,1e-05,1.0000000000000002e-06,0.7684337585284294
6,36,1.0,3,naive_pauli,15,74,0,36,2330,0,2330,2330,2330,79220,83880,0.001,0.0001,3.52317848658415e-05
6,36,1.0,3,naive_pauli,15,74,0,36,2330,0,2330,2330,2330,79220,83880,0.0001,1e-05,0.3587191129937369
6,36,1.0,3,naive_pauli,15,74,0,36,2330,0,2330,2330,2330,79220,83880,1e-05,1.0000000000000002e-06,0.902559957469114
6,36,1.0,3,1d,15,74,0,36,1862,1750,112,7600,14766,20332,67032,0.001,0.0001,6.526176627187664e-05
6,36,1.0,3,1d,15,74,0,36,1862,1750,112,7600,14766,20332,67032,0.0001,1e-05,0.3816088991183057
6,36,1.0,3,1d,15,74,0,36,1862,1750,112,7600,14766,20332,67032,1e-05,1.0000000000000002e-06,0.9081621017405324
6,36,1.0,3,ancilla,15,74,6,42,3422,3310,112,15360,18466,93894,143724,0.001,0.0001,1.7698262851603533e-11
6,36,1.0,3,ancilla,15,74,6,42,3422,3310,112,15360,18466,93894,143724,0.0001,1e-05,0.0841611807853283
6,36,1.0,3,ancilla,15,74,6,42,3422,3310,112,15360,18466,93894,143724,1e-05,1.0000000000000002e-06,0.7807542690471113
6,36,1.0,3,primitive,15,74,0,36,5702,5590,112,22560,25666,143772,205272,0.001,0.0001,8.97766788270615e-17
6,36,1.0,3,primitive,15,74,0,36,5702,5590,112,22560,25666,143772,205272,0.0001,1e-05,0.0248762935280539
6,36,1.0,3,primitive,15,74,0,36,5702,5590,112,22560,25666,143772,205272,1e-05,1.0000000000000002e-06,0.6911674187028107
6,36,1.0,3,pipelined,15,74,0,36,4442,4330,112,20160,23266,103212,159912,0.001,0.0001,5.722401056670474e-14
6,36,1.0,3,pipelined,15,74,0,36,4442,4330,112,20160,23266,103212,159912,0.0001,1e-05,0.0474430152371792
6,36,1.0,3,pipelined,15,74,0,36,4442,4330,112,20160,23266,103212,159912,1e-05,1.0000000000000002e-06,0.737261185399993
6,36,1.0,4,naive_pauli,15,75,0,36,2384,0,2384,2384,2384,81056,85824,0.001,0.0001,2.7779892168114796e-05
6,36,1.0,4,naive_pauli,15,75,0,36,2384,0,2384,2384,2384,81056,85824,0.0001,1e-05,0.3502962781385534
6,36,1.0,4,naive_pauli,15,75,0,36,2384,0,2384,2384,2384,81056,85824,1e-05,1.0000000000000002e-06,0.9004180173810169
6,36,1.0,4,1d,15,75,0,36,1784,1668,116,7274,14110,19652,64224,0.001,0.0001,9.67928245443151e-05
6,36,1.0,4,1d,15,75,0,36,1784,1668,116,7274,14110,19652,64224,0.0001,1e-05,0.3969450761756433
6,36,1.0,4,1d,15,75,0,36,1784,1668,116,7274,14110,19652,64224,1e-05,1.0000000000000002e-06,0.9117473338323472
6,36,1.0,4,ancilla,15,75,6,42,3396,3280,116,15264,18270,93624,142632,0.001,0.0001,2.001567812880708e-11
6,36,1.0,4,ancilla,15,75,6,42,3396,3280,116,15264,18270,93624,142632,0.0001,1e-05,0.0852027979144012
6,36,1.0,4,ancilla,15,75,6,42,3396,3280,116,15264,18270,93624,142632,1e-05,1.0000000000000002e-06,0.7817151914996194
6,36,1.0,4,primitive,15,75,0,36,5676,5560,116,22464,25470,143568,204336,0.001,0.0001,1.0086412281399138e-16
6,36,1.0,4,primitive,15,75,0,36,5676,5560,116,22464,25470,143568,204336,0.0001,1e-05,0.0251675577199923
6,36,1.0,4,primitive,15,75,0,36,5676,5560,116,22464,25470,143568,204336,1e-05,1.0000000000000002e-06,0.6919724093819645
6,36,1.0,4,pipelined,15,75,0,36,4416,4300,116,20064,23070,103008,158976,0.001,0.0001,6.429119126613794e-14
6,36,1.0,4,pipelined,15,75,0,36,4416,4300,116,20064,23070,103008,158976,0.0001,1e-05,0.047998501989279
6,36,1.0,4,pipelined,15,75,0,36,4416,4300,116,20064,23070,103008,158976,1e-05,1.0000000000000002e-06,0.7381198606880478
6,36,1.0,5,naive_pauli,13,64,0,36,1858,0,1858,1858,1858,63172,66888,0.001,0.0001,0.0002811996898847
6,36,1.0,5,naive_pauli,13,64,0,36,1858,0,1858,1858,1858,63172,66888,0.0001,1e-05,0.4415197839260589
6,36,1.0,5,naive_pauli,13,64,0,36,1858,0,1858,1858,1858,63172,66888,1e-05,1.0000000000000002e-06,0.9215003477593172
6,36,1.0,5,1d,13,64,0,36,1482,1384,98,5902,11434,16636,53352,0.001,0.0001,0.0005163962533437
6,36,1.0,5,1d,13,64,0,36,1482,1384,98,5902,11434,16636,53352,0.0001,1e-05,0.4692637303354225
6,36,1.0,5,1d,13,64,0,36,1482,1384,98,5902,11434,16636,53352,1e-05,1.0000000000000002e-06,0.927134804867134
6,36,1.0,5,ancilla,13,64,6,42,2936,2838,98,13196,15778,81002,123312,0.001,0.0001,5.599310644516742e-10
6,36,1.0,5,ancilla,13,64,6,42,2936,2838,98,13196,15778,81002,123312,0.0001,1e-05,0.1188741350204332
6,36,1.0,5,ancilla,13,64,6,42,2936,2838,98,13196,15778,81002,123312,1e-05,1.0000000000000002e-06,0.8081862817543652
6,36,1.0,5,primitive,13,64,0,36,4912,4814,98,19436,22018,124316,176832,0.001,0.0001,1.4308164092867562e-14
6,36,1.0,5,primitive,13,64,0,36,4912,4814,98,19436,22018,124316,176832,0.0001,1e-05,0.0413012132755486
6,36,1.0,5,primitive,13,64,0,36,4912,4814,98,19436,22018,124316,176832,1e-05,1.0000000000000002e-06,0.7271103433320362
6,36,1.0,5,pipelined,13,64,0,36,3820,3722,98,17356,19938,89164,137520,0.001,0.0001,3.855464437954501e-12
6,36,1.0,5,pipelined,13,64,0,36,3820,3722,98,17356,19938,89164,137520,0.0001,1e-05,0.0722710789757394
6,36,1.0,5,pipelined,13,64,0,36,3820,3722,98,17356,19938,89164,137520,1e-05,1.0000000000000002e-06,0.7689533977719588
6,36,1.0,6,naive_pauli,17,81,0,36,2644,0,2644,2644,2644,89896,95184,0.001,0.0001,8.847528601937551e-06
6,36,1.0,6,naive_pauli,17,81,0,36,2644,0,2644,2644,2644,89896,95184,0.0001,1e-05,0.3124290999498854
6,36,1.0,6,naive_pauli,17,81,0,36,2644,0,2644,2644,2644,89896,95184,1e-05,1.0000000000000002e-06,0.8901759161864583
6,36,1.0,6,1d,17,81,0,36,1949,1820,129,7858,15256,21688,70164,0.001,0.0001,4.4021162730446445e-05
6,36,1.0,6,1d,17,81,0,36,1949,1820,129,7858,15256,21688,70164,0.0001,1e-05,0.3668800303948562
6,36,1.0,6,1d,17,81,0,36,1949,1820,129,7858,15256,21688,70164,1e-05,1.0000000000000002e-06,0.9045945888722166
6,36,1.0,6,ancilla,17,81,6,42,3853,3724,129,17268,20680,106206,161826,0.001,0.0001,7.658647359199477e-13
6,36,1.0,6,ancilla,17,81,6,42,3853,3724,129,17268,20680,106206,161826,0.0001,1e-05,0.0614856382342697
6,36,1.0,6,ancilla,17,81,6,42,3853,3724,129,17268,20680,106206,161826,1e-05,1.0000000000000002e-06,0.756625460224277
6,36,1.0,6,primitive,17,81,0,36,6437,6308,129,25428,28840,162804,231732,0.001,0.0001,7.592646478327582e-19
6,36,1.0,6,primitive,17,81,0,36,6437,6308,129,25428,28840,162804,231732,0.0001,1e-05,0.0154371970554768
6,36,1.0,6,primitive,17,81,0,36,6437,6308,129,25428,28840,162804,231732,1e-05,1.0000000000000002e-06,0.6589646730545318
6,36,1.0,6,pipelined,17,81,0,36,5009,4880,129,22708,26120,116836,180324,0.001,0.0001,1.1448007460534836e-15
6,36,1.0,6,pipelined,17,81,0,36,5009,4880,129,22708,26120,116836,180324,0.0001,1e-05,0.0320877998071576
6,36,1.0,6,pipelined,17,81,0,36,5009,4880,129,22708,26120,116836,180324,1e-05,1.0000000000000002e-06,0.7089876341708901
6,36,1.0,7,naive_pauli,14,68,0,36,2204,0,2204,2204,2204,74936,79344,0.001,0.0001,6.134005883001651e-05
6,36,1.0,7,naive_pauli,14,68,0,36,2204,0,2204,2204,2204,74936,79344,0.0001,1e-05,0.3791684295185465
6,36,1.0,7,naive_pauli,14,68,0,36,2204,0,2204,2204,2204,74936,79344,1e-05,1.0000000000000002e-06,0.9075776537160573
6,36,1.0,7,1d,14,68,0,36,1666,1560,106,7208,14032,17480,59976,0.001,0.0001,0.0001284855886763
6,36,1.0,7,1d,14,68,0,36,1666,1560,106,7208,14032,17480,59976,0.0001,1e-05,0.4083474326177223
6,36,1.0,7,1d,14,68,0,36,1666,1560,106,7208,14032,17480,59976,1e-05,1.0000000000000002e-06,0.9143330659549308
6,36,1.0,7,ancilla,14,68,6,42,3180,3074,106,14382,17348,87282,133560,0.001,0.0001,9.121221999111616e-11
6,36,1.0,7,ancilla,14,68,6,42,3180,3074,106,14382,17348,87282,133560,0.0001,1e-05,0.0991524931677137
6,36,1.0,7,ancilla,14,68,6,42,3180,3074,106,14382,17348,87282,133560,1e-05,1.0000000000000002e-06,0.7936579033776453
6,36,1.0,7,primitive,14,68,0,36,5308,5202,106,21102,24068,133872,191088,0.001,0.0001,1.0390937624350562e-15
6,36,1.0,7,primitive,14,68,0,36,5308,5202,106,21102,24068,133872,191088,0.0001,1e-05,0.0317763743376744
6,36,1.0,7,primitive,14,68,0,36,5308,5202,106,21102,24068,133872,191088,1e-05,1.0000000000000002e-06,0.7082960506552908
6,36,1.0,7,pipelined,14,68,0,36,4132,4026,106,18862,21828,96016,148752,0.001,0.0001,4.306341935472016e-13
6,36,1.0,7,pipelined,14,68,0,36,4132,4026,106,18862,21828,96016,148752,0.0001,1e-05,0.0580495038907402
6,36,1.0,7,pipelined,14,68,0,36,4132,4026,106,18862,21828,96016,148752,1e-05,1.0000000000000002e-06,0.7522872917289326
6,36,1.0,8,naive_pauli,16,79,0,36,2736,0,2736,2736,2736,93024,98496,0.001,0.0001,5.9019127558034175e-06
6,36,1.0,8,naive_pauli,16,79,0,36,2736,0,2736,2736,2736,93024,98496,0.0001,1e-05,0.3000343436217941
6,36,1.0,8,naive_pauli,16,79,0,36,2736,0,2736,2736,2736,93024,98496,1e-05,1.0000000000000002e-06,0.8865797621281374
6,36,1.0,8,1d,16,79,0,36,1955,1834,121,8614,16762,20140,70380,0.001,0.0001,2.41214136158057e-05
6,36,1.0,8,1d,16,79,0,36,1955,1834,121,8614,16762,20140,70380,0.0001,1e-05,0.3454718622083135
6,36,1.0,8,1d,16,79,0,36,1955,1834,121,8614,16762,20140,70380,1e-05,1.0000000000000002e-06,0.8991724480975352
6,36,1.0,8,ancilla,16,79,6,42,3631,3510,121,16404,19734,99744,152502,0.001,0.0001,3.4691683289389885e-12
6,36,1.0,8,ancilla,16,79,6,42,3631,3510,121,16404,19734,99744,152502,0.0001,1e-05,0.0715093539976601
6,36,1.0,8,ancilla,16,79,6,42,3631,3510,121,16404,19734,99744,152502,1e-05,1.0000000000000002e-06,0.7681387715156653
6,36,1.0,8,primitive,16,79,0,36,6063,5942,121,24084,27414,153000,218268,0.001,0.0001,7.765699908573129e-18
6,36,1.0,8,primitive,16,79,0,36,6063,5942,121,24084,27414,153000,218268,0.0001,1e-05,0.0194768620772681
6,36,1.0,8,primitive,16,79,0,36,6063,5942,121,24084,27414,153000,218268,1e-05,1.0000000000000002e-06,0.6744610977310769
6,36,1.0,8,pipelined,16,79,0,36,4719,4598,121,21524,24854,109736,169884,0.001,0.0001,7.613009028676307e-15
6,36,1.0,8,pipelined,16,79,0,36,4719,4598,121,21524,24854,109736,169884,0.0001,1e-05,0.0387791280477495
6,36,1.0,8,pipelined,16,79,0,36,4719,4598,121,21524,24854,109736,169884,1e-05,1.0000000000000002e-06,0.7225438772531461
6,36,1.0,9,naive_pauli,10,53,0,36,1650,0,1650,1650,1650,56100,59400,0.001,0.0001,0.0007023307794535
6,36,1.0,9,naive_pauli,10,53,0,36,1650,0,1650,1650,1650,56100,59400,0.0001,1e-05,0.4838351373670458
6,36,1.0,9,naive_pauli,10,53,0,36,1650,0,1650,1650,1650,56100,59400,1e-05,1.0000000000000002e-06,0.9299726419253456
6,36,1.0,9,1d,10,53,0,36,1209,1132,77,5336,10360,12476,43524,0.001,0.0001,0.0013790889704483
6,36,1.0,9,1d,10,53,0,36,1209,1132,77,5336,10360,12476,43524,0.0001,1e-05,0.5176855302242017
6,36,1.0,9,1d,10,53,0,36,1209,1132,77,5336,10360,12476,43524,1e-05,1.0000000000000002e-06,0.9362841467001752
6,36,1.0,9,ancilla,10,53,6,42,2281,2204,77,10256,12320,62606,95802,0.001,0.0001,6.676782914056899e-08
6,36,1.0,9,ancilla,10,53,6,42,2281,2204,77,10256,12320,62606,95802,0.0001,1e-05,0.1917209376959703
6,36,1.0,9,ancilla,10,53,6,42,2281,2204,77,10256,12320,62606,95802,1e-05,1.0000000000000002e-06,0.8477525041458177
6,36,1.0,9,primitive,10,53,0,36,3801,3724,77,15056,17120,95852,136836,0.001,0.0001,1.9723460224247405e-11
6,36,1.0,9,primitive,10,53,0,36,3801,3724,77,15056,17120,95852,136836,0.0001,1e-05,0.0850768700497634
6,36,1.0,9,primitive,10,53,0,36,3801,3724,77,15056,17120,95852,136836,1e-05,1.0000000000000002e-06,0.7815995134701291
6,36,1.0,9,pipelined,10,53,0,36,2961,2884,77,13456,15520,68812,106596,0.001,0.0001,1.460807354342356e-09
6,36,1.0,9,pipelined,10,53,0,36,2961,2884,77,13456,15520,68812,106596,0.0001,1e-05,0.1308386067192934
6,36,1.0,9,pipelined,10,53,0,36,2961,2884,77,13456,15520,68812,106596,1e-05,1.0000000000000002e-06,0.8159740653259684
8,64,1.0,0,naive_pauli,17,115,0,64,5670,0,5670,5670,5670,351540,362880,0.001,0.0001,1.8550969619554443e-18
8,64,1.0,0,naive_pauli,17,115,0,64,5670,0,5670,5670,5670,351540,362880,0.0001,1e-05,0.0168661617261242
8,64,1.0,0,naive_pauli,17,115,0,64,5670,0,5670,5670,5670,351540,362880,1e-05,1.0000000000000002e-06,0.6648189977019696
8,64,1.0,0,1d,17,115,0,64,4026,3900,126,24328,47978,84208,257664,0.001,0.0001,5.914359522926459e-15
8,64,1.0,0,1d,17,115,0,64,4026,3900,126,24328,47978,84208,257664,0.0001,1e-05,0.0378166476785632
8,64,1.0,0,1d,17,115,0,64,4026,3900,126,24328,47978,84208,257664,1e-05,1.0000000000000002e-06,0.7207310329566576
8,64,1.0,0,ancilla,17,115,8,72,5218,5092,126,33334,41578,257908,375696,0.001,0.0001,2.0635848156957108e-26
8,64,1.0,0,ancilla,17,115,8,72,5218,5092,126,33334,41578,257908,375696,0.0001,1e-05,0.0027049832022663
8,64,1.0,0,ancilla,17,115,8,72,5218,5092,126,33334,41578,257908,375696,1e-05,1.0000000000000002e-06,0.5536349216399962
8,64,1.0,0,primitive,17,115,0,64,8482,8356,126,50606,58850,396196,542848,0.001,0.0001,6.363017575342648e-40
8,64,1.0,0,primitive,17,115,0,64,8482,8356,126,50606,58850,396196,542848,0.0001,1e-05,0.0001206239314507
8,64,1.0,0,primitive,17,115,0,64,8482,8356,126,50606,58850,396196,542848,1e-05,1.0000000000000002e-06,0.4056523656428877
8,64,1.0,0,pipelined,17,115,0,64,6510,6384,126,44894,53138,281412,416640,0.001,0.0001,1.8657327028480798e-32
8,64,1.0,0,pipelined,17,115,0,64,6510,6384,126,44894,53138,281412,416640,0.0001,1e-05,0.000673004490724
8,64,1.0,0,pipelined,17,115,0,64,6510,6384,126,44894,53138,281412,416640,1e-05,1.0000000000000002e-06,0.4817382388245894
8,64,1.0,1,naive_pauli,16,127,0,64,6508,0,6508,6508,6508,403496,416512,0.001,0.0001,4.443370310402872e-21
8,64,1.0,1,naive_pauli,16,127,0,64,6508,0,6508,6508,6508,403496,416512,0.0001,1e-05,0.0092252340593923
8,64,1.0,1,naive_pauli,16,127,0,64,6508,0,6508,6508,6508,403496,416512,1e-05,1.0000000000000002e-06,0.625892575549305
8,64,1.0,1,1d,16,127,0,64,3493,3366,127,24710,48672,66420,223552,0.001,0.0001,2.3904841936898843e-14
8,64,1.0,1,1d,16,127,0,64,3493,3366,127,24710,48672,66420,223552,0.0001,1e-05,0.0434855369858513
8,64,1.0,1,1d,16,127,0,64,3493,3366,127,24710,48672,66420,223552,1e-05,1.0000000000000002e-06,0.730868834194403
8,64,1.0,1,ancilla,16,127,8,72,4937,4810,127,31772,39820,243176,355464,0.001,0.0001,4.2969899466653135e-25
8,64,1.0,1,ancilla,16,127,8,72,4937,4810,127,31772,39820,243176,355464,0.0001,1e-05,0.0036642521017988
8,64,1.0,1,ancilla,16,127,8,72,4937,4810,127,31772,39820,243176,355464,1e-05,1.0000000000000002e-06,0.570696513738609
8,64,1.0,1,primitive,16,127,0,64,8009,7882,127,48028,56076,373192,512576,0.001,0.0001,8.374048237931533e-38
8,64,1.0,1,primitive,16,127,0,64,8009,7882,127,48028,56076,373192,512576,0.0001,1e-05,0.0001964743212772
8,64,1.0,1,primitive,16,127,0,64,8009,7882,127,48028,56076,373192,512576,1e-05,1.0000000000000002e-06,0.4259324182000765
8,64,1.0,1,pipelined,16,127,0,64,6153,6026,127,42652,50700,265160,393792,0.001,0.0001,8.930494481468268e-31
8,64,1.0,1,pipelined,16,127,0,64,6153,6026,127,42652,50700,265160,393792,0.0001,1e-05,0.0009907715922439
8,64,1.0,1,pipelined,16,127,0,64,6153,6026,127,42652,50700,265160,393792,1e-05,1.0000000000000002e-06,0.5007329944362997
8,64,1.0,2,naive_pauli,15,131,0,64,6862,0,6862,6862,6862,425444,439168,0.001,0.0001,3.4726270935749264e-22
8,64,1.0,2,naive_pauli,15,131,0,64,6862,0,6862,6862,6862,425444,439168,0.0001,1e-05,0.0071496234742287
8,64,1.0,2,naive_pauli,15,131,0,64,6862,0,6862,6862,6862,425444,439168,1e-05,1.0000000000000002e-06,0.6101413936313257
8,64,1.0,2,1d,15,131,0,64,3311,3194,117,24696,48620,60304,211904,0.001,0.0001,4.4688608092822645e-14
8,64,1.0,2,1d,15,131,0,64,3311,3194,117,24696,48620,60304,211904,0.0001,1e-05,0.0462929080517892
8,64,1.0,2,1d,15,131,0,64,3311,3194,117,24696,48620,60304,211904,1e-05,1.0000000000000002e-06,0.7354554844593179
8,64,1.0,2,ancilla,15,131,8,72,4603,4486,117,30078,37844,226404,331416,0.001,0.0001,1.2521674501568209e-23
8,64,1.0,2,ancilla,15,131,8,72,4603,4486,117,30078,37844,226404,331416,0.0001,1e-05,0.0051333248014276
8,64,1.0,2,ancilla,15,131,8,72,4603,4486,117,30078,37844,226404,331416,1e-05,1.0000000000000002e-06,0.5902638627148336
8,64,1.0,2,primitive,15,131,0,64,7483,7366,117,45318,53084,348404,478912,0.001,0.0001,1.5032989622149358e-35
8,64,1.0,2,primitive,15,131,0,64,7483,7366,117,45318,53084,348404,478912,0.0001,1e-05,0.0003301101981673
8,64,1.0,2,primitive,15,131,0,64,7483,7366,117,45318,53084,348404,478912,1e-05,1.0000000000000002e-06,0.4486166957540827
8,64,1.0,2,pipelined,15,131,0,64,5743,5626,117,40278,48044,247124,367552,0.001,0.0001,5.830947790227008e-29
8,64,1.0,2,pipelined,15,131,0,64,5743,5626,117,40278,48044,247124,367552,0.0001,1e-05,0.0015045615386131
8,64,1.0,2,pipelined,15,131,0,64,5743,5626,117,40278,48044,247124,367552,1e-05,1.0000000000000002e-06,0.5220947795924988
8,64,1.0,3,naive_pauli,14,126,0,64,6376,0,6376,6376,6376,395312,408064,0.001,0.0001,1.1495091683968394e-20
8,64,1.0,3,naive_pauli,14,126,0,64,6376,0,6376,6376,6376,395312,408064,0.0001,1e-05,0.0101450269640778
8,64,1.0,3,naive_pauli,14,126,0,64,6376,0,6376,6376,6376,395312,408064,1e-05,1.0000000000000002e-06,0.631869422298484
8,64,1.0,3,1d,14,126,0,64,3068,2960,108,22434,44122,56764,196352,0.001,0.0001,6.120831090388462e-13
8,64,1.0,3,1d,14,126,0,64,3068,2960,108,22434,44122,56764,196352,0.0001,1e-05,0.060135494824381
8,64,1.0,3,1d,14,126,0,64,3068,2960,108,22434,44122,56764,196352,1e-05,1.0000000000000002e-06,0.7549489483565527
8,64,1.0,3,ancilla,14,126,8,72,4282,4174,108,27930,35010,211044,308304,0.001,0.0001,4.990032578651237e-22
8,64,1.0,3,ancilla,14,126,8,72,4282,4174,108,27930,35010,211044,308304,0.0001,1e-05,0.0074198961966454
8,64,1.0,3,ancilla,14,126,8,72,4282,4174,108,27930,35010,211044,308304,1e-05,1.0000000000000002e-06,0.6124147670787121
8,64,1.0,3,primitive,14,126,0,64,6970,6862,108,42154,49234,324972,446080,0.001,0.0001,3.711336441581672e-33
8,64,1.0,3,primitive,14,126,0,64,6970,6862,108,42154,49234,324972,446080,0.0001,1e-05,0.0005725863336639
8,64,1.0,3,primitive,14,126,0,64,6970,6862,108,42154,49234,324972,446080,1e-05,1.0000000000000002e-06,0.4740159679446261
8,64,1.0,3,pipelined,14,126,0,64,5346,5238,108,37450,44530,230444,342144,0.001,0.0001,5.235737543021542e-27
8,64,1.0,3,pipelined,14,126,0,64,5346,5238,108,37450,44530,230444,342144,0.0001,1e-05,0.0023587138560451
8,64,1.0,3,pipelined,14,126,0,64,5346,5238,108,37450,44530,230444,342144,1e-05,1.0000000000000002e-06,0.5461039221504554
8,64,1.0,4,naive_pauli,14,111,0,64,6556,0,6556,6556,6556,406472,419584,0.001,0.0001,3.1448753983626345e-21
8,64,1.0,4,naive_pauli,14,111,0,64,6556,0,6556,6556,6556,406472,419584,0.0001,1e-05,0.008911852863157
8,64,1.0,4,naive_pauli,14,111,0,64,6556,0,6556,6556,6556,406472,419584,1e-05,1.0000000000000002e-06,0.623733221891262
8,64,1.0,4,1d,14,111,0,64,3142,3032,110,22342,44028,59380,201088,0.001,0.0001,5.16616604581997e-13
8,64,1.0,4,1d,14,111,0,64,3142,3032,110,22342,44028,59380,201088,0.0001,1e-05,0.0591242163450194
8,64,1.0,4,1d,14,111,0,64,3142,3032,110,22342,44028,59380,201088,1e-05,1.0000000000000002e-06,0.7536696425812364
8,64,1.0,4,ancilla,14,111,8,72,4306,4196,110,27894,35028,212052,310032,0.001,0.0001,4.6769931316396365e-22
8,64,1.0,4,ancilla,14,111,8,72,4306,4196,110,27894,35028,212052,310032,0.0001,1e-05,0.0073719716710444
8,64,1.0,4,ancilla,14,111,8,72,4306,4196,110,27894,35028,212052,310032,1e-05,1.0000000000000002e-06,0.6120180516527458
8,64,1.0,4,primitive,14,111,0,64,6994,6884,110,42118,49252,325876,447616,0.001,0.0001,3.5148805097455425e-33
8,64,1.0,4,primitive,14,111,0,64,6994,6884,110,42118,49252,325876,447616,0.0001,1e-05,0.0005694799978843
8,64,1.0,4,primitive,14,111,0,64,6994,6884,110,42118,49252,325876,447616,1e-05,1.0000000000000002e-06,0.4737581740231606
8,64,1.0,4,pipelined,14,111,0,64,5370,5260,110,37414,44548,231348,343680,0.001,0.0001,4.9585889433043615e-27
8,64,1.0,4,pipelined,14,111,0,64,5370,5260,110,37414,44548,231348,343680,0.0001,1e-05,0.0023459176071407
8,64,1.0,4,pipelined,14,111,0,64,5370,5260,110,37414,44548,231348,343680,1e-05,1.0000000000000002e-06,0.545806923143799
8,64,1.0,5,naive_pauli,16,140,0,64,7608,0,7608,7608,7608,471696,486912,0.001,0.0001,1.61329239496207e-24
8,64,1.0,5,naive_pauli,16,140,0,64,7608,0,7608,7608,7608,471696,486912,0.0001,1e-05,0.0041784219507401
8,64,1.0,5,naive_pauli,16,140,0,64,7608,0,7608,7608,7608,471696,486912,1e-05,1.0000000000000002e-06,0.5782340183199163
8,64,1.0,5,1d,16,140,0,64,3528,3402,126,24470,48110,67988,225792,0.001,0.0001,2.598172144546873e-14
8,64,1.0,5,1d,16,140,0,64,3528,3402,126,24470,48110,67988,225792,0.0001,1e-05,0.0438488951073763
8,64,1.0,5,1d,16,140,0,64,3528,3402,126,24470,48110,67988,225792,1e-05,1.0000000000000002e-06,0.7314771783013613
8,64,1.0,5,ancilla,16,140,8,72,4920,4794,126,31728,39650,242616,354240,0.001,0.0001,4.749026169295959e-25
8,64,1.0,5,ancilla,16,140,8,72,4920,4794,126,31728,39650,242616,354240,0.0001,1e-05,0.0037010793655829
8,64,1.0,5,ancilla,16,140,8,72,4920,4794,126,31728,39650,242616,354240,1e-05,1.0000000000000002e-06,0.5712674971125044
8,64,1.0,5,primitive,16,140,0,64,7992,7866,126,47984,55906,372704,511488,0.001,0.0001,9.188584357324524e-38
8,64,1.0,5,primitive,16,140,0,64,7992,7866,126,47984,55906,372704,511488,0.0001,1e-05,0.0001983061377052
8,64,1.0,5,primitive,16,140,0,64,7992,7866,126,47984,55906,372704,511488,1e-05,1.0000000000000002e-06,0.4263278679859607
8,64,1.0,5,pipelined,16,140,0,64,6136,6010,126,42608,50530,264672,392704,0.001,0.0001,9.799155625100814e-31
8,64,1.0,5,pipelined,16,140,0,64,6136,6010,126,42608,50530,264672,392704,0.0001,1e-05,0.0010000089911431
8,64,1.0,5,pipelined,16,140,0,64,6136,6010,126,42608,50530,264672,392704,1e-05,1.0000000000000002e-06,0.5011978915584105
8,64,1.0,6,naive_pauli,19,140,0,64,7528,0,7528,7528,7528,466736,481792,0.001,0.0001,2.8700856859427982e-24
8,64,1.0,6,naive_pauli,19,140,0,64,7528,0,7528,7528,7528,466736,481792,0.0001,1e-05,0.0044261684475128
8,64,1.0,6,naive_pauli,19,140,0,64,7528,0,7528,7528,7528,466736,481792,1e-05,1.0000000000000002e-06,0.5815742606862121
8,64,1.0,6,1d,19,140,0,64,4288,4142,146,28288,55774,85312,274432,0.001,0.0001,1.0076102751127032e-16
8,64,1.0,6,1d,19,140,0,64,4288,4142,146,28288,55774,85312,274432,0.0001,1e-05,0.0251709251348298
8,64,1.0,6,1d,19,140,0,64,4288,4142,146,28288,55774,85312,274432,1e-05,1.0000000000000002e-06,0.6919832996796291
8,64,1.0,6,ancilla,19,140,8,72,5814,5668,146,37340,46594,287624,418608,0.001,0.0001,1.9202339449390674e-29
8,64,1.0,6,ancilla,19,140,8,72,5814,5668,146,37340,46594,287624,418608,0.0001,1e-05,0.0013462382011985
8,64,1.0,6,ancilla,19,140,8,72,5814,5668,146,37340,46594,287624,418608,1e-05,1.0000000000000002e-06,0.5163213113756602
8,64,1.0,6,primitive,19,140,0,64,9462,9316,146,56644,65898,442232,605568,0.001,0.0001,1.515873573290374e-44
8,64,1.0,6,primitive,19,140,0,64,9462,9316,146,56644,65898,442232,605568,0.0001,1e-05,4.161602075176395e-05
8,64,1.0,6,primitive,19,140,0,64,9462,9316,146,56644,65898,442232,605568,1e-05,1.0000000000000002e-06,0.3647018701216003
8,64,1.0,6,pipelined,19,140,0,64,7258,7112,146,50260,59514,313944,464512,0.001,0.0001,3.3600194317751884e-36
8,64,1.0,6,pipelined,19,140,0,64,7258,7112,146,50260,59514,313944,464512,0.0001,1e-05,0.0002842356205226
8,64,1.0,6,pipelined,19,140,0,64,7258,7112,146,50260,59514,313944,464512,1e-05,1.0000000000000002e-06,0.4419552395602598
8,64,1.0,7,naive_pauli,16,132,0,64,7380,0,7380,7380,7380,457560,472320,0.001,0.0001,8.331652513566447e-24
8,64,1.0,7,naive_pauli,16,132,0,64,7380,0,7380,7380,7380,457560,472320,0.0001,1e-05,0.0049238734059228
8,64,1.0,7,naive_pauli,16,132,0,64,7380,0,7380,7380,7380,457560,472320,1e-05,1.0000000000000002e-06,0.5878046596277374
8,64,1.0,7,1d,16,132,0,64,3680,3554,126,27048,53318,67696,235520,0.001,0.0001,2.0285167674730125e-15
8,64,1.0,7,1d,16,132,0,64,3680,3554,126,27048,53318,67696,235520,0.0001,1e-05,0.0339828724135058
8,64,1.0,7,1d,16,132,0,64,3680,3554,126,27048,53318,67696,235520,1e-05,1.0000000000000002e-06,0.7130687880751108
8,64,1.0,7,ancilla,16,132,8,72,4928,4802,126,31960,40166,242440,354816,0.001,0.0001,3.832143789285699e-25
8,64,1.0,7,ancilla,16,132,8,72,4928,4802,126,31960,40166,242440,354816,0.0001,1e-05,0.0036225686508141
8,64,1.0,7,ancilla,16,132,8,72,4928,4802,126,31960,40166,242440,354816,1e-05,1.0000000000000002e-06,0.5700440050814057
8,64,1.0,7,primitive,16,132,0,64,8000,7874,126,48216,56422,372496,512000,0.001,0.0001,7.438333602053355e-38
8,64,1.0,7,primitive,16,132,0,64,8000,7874,126,48216,56422,372496,512000,0.0001,1e-05,0.0001941616067905
8,64,1.0,7,primitive,16,132,0,64,8000,7874,126,48216,56422,372496,512000,1e-05,1.0000000000000002e-06,0.4254284087961012
8,64,1.0,7,pipelined,16,132,0,64,6144,6018,126,42840,51046,264464,393216,0.001,0.0001,7.932602642956091e-31
8,64,1.0,7,pipelined,16,132,0,64,6144,6018,126,42840,51046,264464,393216,0.0001,1e-05,0.000979109142925
8,64,1.0,7,pipelined,16,132,0,64,6144,6018,126,42840,51046,264464,393216,1e-05,1.0000000000000002e-06,0.5001404728828966
8,64,1.0,8,naive_pauli,14,119,0,64,6216,0,6216,6216,6216,385392,397824,0.001,0.0001,3.63811138911736e-20
8,64,1.0,8,naive_pauli,14,119,0,64,6216,0,6216,6216,6216,385392,397824,0.0001,1e-05,0.0113837275432897
8,64,1.0,8,naive_pauli,14,119,0,64,6216,0,6216,6216,6216,385392,397824,1e-05,1.0000000000000002e-06,0.6391906556169723
8,64,1.0,8,1d,14,119,0,64,3122,3010,112,22186,43678,59116,199808,0.001,0.0001,6.200377692446475e-13
8,64,1.0,8,1d,14,119,0,64,3122,3010,112,22186,43678,59116,199808,0.0001,1e-05,0.0602125851292838
8,64,1.0,8,1d,14,119,0,64,3122,3010,112,22186,43678,59116,199808,1e-05,1.0000000000000002e-06,0.755045596481382
8,64,1.0,8,ancilla,14,119,8,72,4332,4220,112,28048,35298,212752,311904,0.001,0.0001,3.738090272161561e-22
8,64,1.0,8,ancilla,14,119,8,72,4332,4220,112,28048,35298,212752,311904,0.0001,1e-05,0.0072086694500483
8,64,1.0,8,ancilla,14,119,8,72,4332,4220,112,28048,35298,212752,311904,1e-05,1.0000000000000002e-06,0.610648660586357
8,64,1.0,8,primitive,14,119,0,64,7020,6908,112,42272,49522,326464,449280,0.001,0.0001,2.8409131686120236e-33
8,64,1.0,8,primitive,14,119,0,64,7020,6908,112,42272,49522,326464,449280,0.0001,1e-05,0.0005574890492715
8,64,1.0,8,primitive,14,119,0,64,7020,6908,112,42272,49522,326464,449280,1e-05,1.0000000000000002e-06,0.472751084768623
8,64,1.0,8,pipelined,14,119,0,64,5396,5284,112,37568,44818,231936,345344,0.001,0.0001,4.007795026803672e-27
8,64,1.0,8,pipelined,14,119,0,64,5396,5284,112,37568,44818,231936,345344,0.0001,1e-05,0.0022965220575485
8,64,1.0,8,pipelined,14,119,0,64,5396,5284,112,37568,44818,231936,345344,1e-05,1.0000000000000002e-06,0.5446466765929426
8,64,1.0,9,naive_pauli,19,145,0,64,7888,0,7888,7888,7888,489056,504832,0.001,0.0001,2.1482106730078552e-25
8,64,1.0,9,naive_pauli,19,145,0,64,7888,0,7888,7888,7888,489056,504832,0.0001,1e-05,0.0034155255761185
8,64,1.0,9,naive_pauli,19,145,0,64,7888,0,7888,7888,7888,489056,504832,1e-05,1.0000000000000002e-06,0.566693526544707
8,64,1.0,9,1d,19,145,0,64,4124,3988,136,28774,56690,78772,263936,0.001,0.0001,1.1916882546615535e-16
8,64,1.0,9,1d,19,145,0,64,4124,3988,136,28774,56690,78772,263936,0.0001,1e-05,0.0255973149384461
8,64,1.0,9,1d,19,145,0,64,4124,3988,136,28774,56690,78772,263936,1e-05,1.0000000000000002e-06,0.6931467941201657
8,64,1.0,9,ancilla,19,145,8,72,5798,5662,136,37402,46662,286564,417456,0.001,0.0001,2.0065589796986657e-29
8,64,1.0,9,ancilla,19,145,8,72,5798,5662,136,37402,46662,286564,417456,0.0001,1e-05,0.0013521743524672
8,64,1.0,9,ancilla,19,145,8,72,5798,5662,136,37402,46662,286564,417456,1e-05,1.0000000000000002e-06,0.5165485414123765
8,64,1.0,9,primitive,19,145,0,64,9446,9310,136,56706,65966,441276,604544,0.001,0.0001,1.5676311345830202e-44
8,64,1.0,9,primitive,19,145,0,64,9446,9310,136,56706,65966,441276,604544,0.0001,1e-05,4.175607480963303e-05
8,64,1.0,9,primitive,19,145,0,64,9446,9310,136,56706,65966,441276,604544,1e-05,1.0000000000000002e-06,0.3648244295823922
8,64,1.0,9,pipelined,19,145,0,64,7242,7106,136,50322,59582,312988,463488,0.001,0.0001,3.474742991014434e-36
8,64,1.0,9,pipelined,19,145,0,64,7242,7106,136,50322,59582,312988,463488,0.0001,1e-05,0.0002851921836761
8,64,1.0,9,pipelined,19,145,0,64,7242,7106,136,50322,59582,312988,463488,1e-05,1.0000000000000002e-06,0.4421037603118442
10,100,1.0,0,naive_pauli,15,175,0,100,13592,0,13592,13592,13592,1332016,1359200,0.001,0.0001,1.7478472599558823e-64
10,100,1.0,0,naive_pauli,15,175,0,100,13592,0,13592,13592,13592,1332016,1359200,0.0001,1e-05,4.2147955512844875e-07
10,100,1.0,0,naive_pauli,15,175,0,100,13592,0,13592,13592,13592,1332016,1359200,1e-05,1.0000000000000002e-06,0.2304002314391607
10,100,1.0,0,1d,15,175,0,100,5574,5454,120,56832,112624,171036,557400,0.001,0.0001,7.541475658667929e-33
10,100,1.0,0,1d,15,175,0,100,5574,5454,120,56832,112624,171036,557400,0.0001,1e-05,0.0006150218693975
10,100,1.0,0,1d,15,175,0,100,5574,5454,120,56832,112624,171036,557400,1e-05,1.0000000000000002e-06,0.4774198783654809
10,100,1.0,0,ancilla,15,175,10,110,5814,5694,120,50216,65252,450338,639540,0.001,0.0001,4.184542229807967e-42
10,100,1.0,0,ancilla,15,175,10,110,5814,5694,120,50216,65252,450338,639540,0.0001,1e-05,7.298521921900544e-05
10,100,1.0,0,ancilla,15,175,10,110,5814,5694,120,50216,65252,450338,639540,1e-05,1.0000000000000002e-06,0.3857750945258099
10,100,1.0,0,primitive,15,175,0,100,9294,9174,120,76376,91412,695948,929400,0.001,0.0001,3.868831416378135e-64
10,100,1.0,0,primitive,15,175,0,100,9294,9174,120,76376,91412,695948,929400,0.0001,1e-05,4.574964540093781e-07
10,100,1.0,0,primitive,15,175,0,100,9294,9174,120,76376,91412,695948,929400,1e-05,1.0000000000000002e-06,0.2323031296571735
10,100,1.0,0,pipelined,15,175,0,100,7074,6954,120,67736,82772,491228,707400,0.001,0.0001,1.710341132540878e-51
10,100,1.0,0,pipelined,15,175,0,100,7074,6954,120,67736,82772,491228,707400,0.0001,1e-05,8.408703444963363e-06
10,100,1.0,0,pipelined,15,175,0,100,7074,6954,120,67736,82772,491228,707400,1e-05,1.0000000000000002e-06,0.3108043599456797
10,100,1.0,1,naive_pauli,16,196,0,100,15842,0,15842,15842,15842,1552516,1584200,0.001,0.0001,4.877303922982855e-75
10,100,1.0,1,naive_pauli,16,196,0,100,15842,0,15842,15842,15842,1552516,1584200,0.0001,1e-05,3.7104898480731724e-08
10,100,1.0,1,naive_pauli,16,196,0,100,15842,0,15842,15842,15842,1552516,1584200,1e-05,1.0000000000000002e-06,0.1806962980327266
10,100,1.0,1,1d,16,196,0,100,5672,5546,126,62006,122840,165888,567200,0.001,0.0001,7.126534527973982e-35
10,100,1.0,1,1d,16,196,0,100,5672,5546,126,62006,122840,165888,567200,0.0001,1e-05,0.0003859516925685
10,100,1.0,1,1d,16,196,0,100,5672,5546,126,62006,122840,165888,567200,1e-05,1.0000000000000002e-06,0.4556860546293556
10,100,1.0,1,ancilla,16,196,10,110,6202,6076,126,53988,70388,479424,682220,0.001,0.0001,5.241039703814781e-45
10,100,1.0,1,ancilla,16,196,10,110,6202,6076,126,53988,70388,479424,682220,0.0001,1e-05,3.741892635266449e-05
10,100,1.0,1,ancilla,16,196,10,110,6202,6076,126,53988,70388,479424,682220,1e-05,1.0000000000000002e-06,0.3608449410347897
10,100,1.0,1,primitive,16,196,0,100,9914,9788,126,81892,98292,741416,991400,0.001,0.0001,1.644613954603044e-68
10,100,1.0,1,primitive,16,196,0,100,9914,9788,126,81892,98292,741416,991400,0.0001,1e-05,1.6724491226986706e-07
10,100,1.0,1,primitive,16,196,0,100,9914,9788,126,81892,98292,741416,991400,1e-05,1.0000000000000002e-06,0.2100645393268297
10,100,1.0,1,pipelined,16,196,0,100,7546,7420,126,72676,89076,523048,754600,0.001,0.0001,5.065244742145556e-55
10,100,1.0,1,pipelined,16,196,0,100,7546,7420,126,72676,89076,523048,754600,0.0001,1e-05,3.732360969786803e-06
10,100,1.0,1,pipelined,16,196,0,100,7546,7420,126,72676,89076,523048,754600,1e-05,1.0000000000000002e-06,0.2865586948108921
10,100,1.0,2,naive_pauli,20,203,0,100,16178,0,16178,16178,16178,1585444,1617800,0.001,0.0001,1.2943969646452056e-76
10,100,1.0,2,naive_pauli,20,203,0,100,16178,0,16178,16178,16178,1585444,1617800,0.0001,1e-05,2.5812675478512817e-08
10,100,1.0,2,naive_pauli,20,203,0,100,16178,0,16178,16178,16178,1585444,1617800,1e-05,1.0000000000000002e-06,0.1742567310012765
10,100,1.0,2,1d,20,203,0,100,6390,6238,152,62358,123508,202384,639000,0.001,0.0001,1.3027163164171564e-36
10,100,1.0,2,1d,20,203,0,100,6390,6238,152,62358,123508,202384,639000,0.0001,1e-05,0.0002586688385456
10,100,1.0,2,1d,20,203,0,100,6390,6238,152,62358,123508,202384,639000,1e-05,1.0000000000000002e-06,0.4378113281241623
10,100,1.0,2,ancilla,20,203,10,110,7650,7498,152,65176,83624,597958,841500,0.001,0.0001,5.1283316081545076e-55
10,100,1.0,2,ancilla,20,203,10,110,7650,7498,152,65176,83624,597958,841500,0.0001,1e-05,3.735847715522027e-06
10,100,1.0,2,ancilla,20,203,10,110,7650,7498,152,65176,83624,597958,841500,1e-05,1.0000000000000002e-06,0.2865845829891934
10,100,1.0,2,primitive,20,203,0,100,12290,12138,152,100056,118504,925988,1229000,0.001,0.0001,2.0292295434995975e-84
10,100,1.0,2,primitive,20,203,0,100,12290,12138,152,100056,118504,925988,1229000,0.0001,1e-05,4.294088132978187e-09
10,100,1.0,2,primitive,20,203,0,100,12290,12138,152,100056,118504,925988,1229000,1e-05,1.0000000000000002e-06,0.1456493197763199
10,100,1.0,2,pipelined,20,203,0,100,9330,9178,152,88536,106984,653028,933000,0.001,0.0001,1.472318455211982e-67
10,100,1.0,2,pipelined,20,203,0,100,9330,9178,152,88536,106984,653028,933000,0.0001,1e-05,2.082856543685724e-07
10,100,1.0,2,pipelined,20,203,0,100,9330,9178,152,88536,106984,653028,933000,1e-05,1.0000000000000002e-06,0.2147259417797677
10,100,1.0,3,naive_pauli,16,197,0,100,15882,0,15882,15882,15882,1556436,1588200,0.001,0.0001,3.1662660067393847e-75
10,100,1.0,3,naive_pauli,16,197,0,100,15882,0,15882,15882,15882,1556436,1588200,0.0001,1e-05,3.5536082879008555e-08
10,100,1.0,3,naive_pauli,16,197,0,100,15882,0,15882,15882,15882,1556436,1588200,1e-05,1.0000000000000002e-06,0.1799173730006429
10,100,1.0,3,1d,16,197,0,100,5304,5180,124,53252,105344,164896,530400,0.001,0.0001,5.008165016617145e-31
10,100,1.0,3,1d,16,197,0,100,5304,5180,124,53252,105344,164896,530400,0.0001,1e-05,0.0009354952192809
10,100,1.0,3,1d,16,197,0,100,5304,5180,124,53252,105344,164896,530400,1e-05,1.0000000000000002e-06,0.49786877282367
10,100,1.0,3,ancilla,16,197,10,110,6144,6020,124,53130,68684,477840,675840,0.001,0.0001,1.448852710579018e-44
10,100,1.0,3,ancilla,16,197,10,110,6144,6020,124,53130,68684,477840,675840,0.0001,1e-05,4.14223668954174e-05
10,100,1.0,3,ancilla,16,197,10,110,6144,6020,124,53130,68684,477840,675840,1e-05,1.0000000000000002e-06,0.3645312871374034
10,100,1.0,3,primitive,16,197,0,100,9856,9732,124,81034,96588,740132,985600,0.001,0.0001,4.412058608844477e-68
10,100,1.0,3,primitive,16,197,0,100,9856,9732,124,81034,96588,740132,985600,0.0001,1e-05,1.845838133299359e-07
10,100,1.0,3,primitive,16,197,0,100,9856,9732,124,81034,96588,740132,985600,1e-05,1.0000000000000002e-06,0.2121468783466606
10,100,1.0,3,pipelined,16,197,0,100,7488,7364,124,71818,87372,521764,748800,0.001,0.0001,1.3588694543140756e-54
10,100,1.0,3,pipelined,16,197,0,100,7488,7364,124,71818,87372,521764,748800,0.0001,1e-05,4.119308690331937e-06
10,100,1.0,3,pipelined,16,197,0,100,7488,7364,124,71818,87372,521764,748800,1e-05,1.0000000000000002e-06,0.2893993091934467
10,100,1.0,4,naive_pauli,14,169,0,100,14054,0,14054,14054,14054,1377292,1405400,0.001,0.0001,1.1894577491710092e-66
10,100,1.0,4,naive_pauli,14,169,0,100,14054,0,14054,14054,14054,1377292,1405400,0.0001,1e-05,2.5590510630497845e-07
10,100,1.0,4,naive_pauli,14,169,0,100,14054,0,14054,14054,14054,1377292,1405400,1e-05,1.0000000000000002e-06,0.2191862637183959
10,100,1.0,4,1d,14,169,0,100,5222,5110,112,51546,102092,163608,522200,0.001,0.0001,3.139754149088549e-30
10,100,1.0,4,1d,14,169,0,100,5222,5110,112,51546,102092,163608,522200,0.0001,1e-05,0.0011239051382692
10,100,1.0,4,1d,14,169,0,100,5222,5110,112,51546,102092,163608,522200,1e-05,1.0000000000000002e-06,0.5070880310891442
10,100,1.0,4,ancilla,14,169,10,110,5426,5314,112,46944,61024,420142,596860,0.001,0.0001,2.2637667218253285e-39
10,100,1.0,4,ancilla,14,169,10,110,5426,5314,112,46944,61024,420142,596860,0.0001,1e-05,0.000136925203255
10,100,1.0,4,ancilla,14,169,10,110,5426,5314,112,46944,61024,420142,596860,1e-05,1.0000000000000002e-06,0.4108263921313692
10,100,1.0,4,primitive,14,169,0,100,8674,8562,112,71360,85440,649380,867400,0.001,0.0001,6.160479766302571e-60
10,100,1.0,4,primitive,14,169,0,100,8674,8562,112,71360,85440,649380,867400,0.0001,1e-05,1.2036050541869272e-06
10,100,1.0,4,primitive,14,169,0,100,8674,8562,112,71360,85440,649380,867400,1e-05,1.0000000000000002e-06,0.2558960701961292
10,100,1.0,4,pipelined,14,169,0,100,6602,6490,112,63296,77376,458308,660200,0.001,0.0001,3.909164453620375e-48
10,100,1.0,4,pipelined,14,169,0,100,6602,6490,112,63296,77376,458308,660200,0.0001,1e-05,1.8219476173438343e-05
10,100,1.0,4,pipelined,14,169,0,100,6602,6490,112,63296,77376,458308,660200,1e-05,1.0000000000000002e-06,0.3357893017010095
10,100,1.0,5,naive_pauli,16,214,0,100,18152,0,18152,18152,18152,1778896,1815200,0.001,0.0001,7.118812083430789e-86
10,100,1.0,5,naive_pauli,16,214,0,100,18152,0,18152,18152,18152,1778896,1815200,0.0001,1e-05,3.061564701345836e-09
10,100,1.0,5,naive_pauli,16,214,0,100,18152,0,18152,18152,18152,1778896,1815200,1e-05,1.0000000000000002e-06,0.1407995829725915
10,100,1.0,5,1d,16,214,0,100,5744,5618,126,61704,122140,170092,574400,0.001,0.0001,6.33161383977858e-35
10,100,1.0,5,1d,16,214,0,100,5744,5618,126,61704,122140,170092,574400,0.0001,1e-05,0.0003814094663053
10,100,1.0,5,1d,16,214,0,100,5744,5618,126,61704,122140,170092,574400,1e-05,1.0000000000000002e-06,0.4551468475337514
10,100,1.0,5,ancilla,16,214,10,110,6182,6056,126,53708,69732,478884,680020,0.001,0.0001,7.320383292698712e-45
10,100,1.0,5,ancilla,16,214,10,110,6182,6056,126,53708,69732,478884,680020,0.0001,1e-05,3.8689879558627566e-05
10,100,1.0,5,ancilla,16,214,10,110,6182,6056,126,53708,69732,478884,680020,1e-05,1.0000000000000002e-06,0.3620521832679791
10,100,1.0,5,primitive,16,214,0,100,9894,9768,126,81612,97636,740976,989400,0.001,0.0001,2.274244642904226e-68
10,100,1.0,5,primitive,16,214,0,100,9894,9768,126,81612,97636,740976,989400,0.0001,1e-05,1.727526323984141e-07
10,100,1.0,5,primitive,16,214,0,100,9894,9768,126,81612,97636,740976,989400,1e-05,1.0000000000000002e-06,0.2107462552095929
10,100,1.0,5,pipelined,16,214,0,100,7526,7400,126,72396,88420,522608,752600,0.001,0.0001,7.004443618869683e-55
10,100,1.0,5,pipelined,16,214,0,100,7526,7400,126,72396,88420,522608,752600,0.0001,1e-05,3.85527531953472e-06
10,100,1.0,5,pipelined,16,214,0,100,7526,7400,126,72396,88420,522608,752600,1e-05,1.0000000000000002e-06,0.2874886547852052
10,100,1.0,6,naive_pauli,17,214,0,100,18026,0,18026,18026,18026,1766548,1802600,0.001,0.0001,2.776192993668975e-85
10,100,1.0,6,naive_pauli,17,214,0,100,18026,0,18026,18026,18026,1766548,1802600,0.0001,1e-05,3.507864237832114e-09
10,100,1.0,6,naive_pauli,17,214,0,100,18026,0,18026,18026,18026,1766548,1802600,1e-05,1.0000000000000002e-06,0.1427286812822138
10,100,1.0,6,1d,17,214,0,100,6192,6060,132,65958,130652,184284,619200,0.001,0.0001,2.1712997618708545e-37
10,100,1.0,6,1d,17,214,0,100,6192,6060,132,65958,130652,184284,619200,0.0001,1e-05,0.000216270844458
10,100,1.0,6,1d,17,214,0,100,6192,6060,132,65958,130652,184284,619200,1e-05,1.0000000000000002e-06,0.4300441547649909
10,100,1.0,6,ancilla,17,214,10,110,6588,6456,132,57348,74740,509224,724680,0.001,0.0001,9.229870735700743e-48
10,100,1.0,6,ancilla,17,214,10,110,6588,6456,132,57348,74740,509224,724680,0.0001,1e-05,1.984909347849935e-05
10,100,1.0,6,ancilla,17,214,10,110,6588,6456,132,57348,74740,509224,724680,1e-05,1.0000000000000002e-06,0.3386774423540921
10,100,1.0,6,primitive,17,214,0,100,10532,10400,132,86996,104388,787608,1053200,0.001,0.0001,9.820248873562092e-73
10,100,1.0,6,primitive,17,214,0,100,10532,10400,132,86996,104388,787608,1053200,0.0001,1e-05,6.325103223021978e-08
10,100,1.0,6,primitive,17,214,0,100,10532,10400,132,86996,104388,787608,1053200,1e-05,1.0000000000000002e-06,0.1906010567103114
10,100,1.0,6,pipelined,17,214,0,100,8016,7884,132,77204,94596,555592,801600,0.001,0.0001,2.107135610134412e-58
10,100,1.0,6,pipelined,17,214,0,100,8016,7884,132,77204,94596,555592,801600,0.0001,1e-05,1.7139090100854911e-06
10,100,1.0,6,pipelined,17,214,0,100,8016,7884,132,77204,94596,555592,801600,1e-05,1.0000000000000002e-06,0.2651031885499258
10,100,1.0,7,naive_pauli,18,203,0,100,16800,0,16800,16800,16800,1646400,1680000,0.001,0.0001,1.5645280194702866e-79
10,100,1.0,7,naive_pauli,18,203,0,100,16800,0,16800,16800,16800,1646400,1680000,0.0001,1e-05,1.3185259629275249e-08
10,100,1.0,7,naive_pauli,18,203,0,100,16800,0,16800,16800,16800,1646400,1680000,1e-05,1.0000000000000002e-06,0.1629353694489946
10,100,1.0,7,1d,18,203,0,100,6174,6036,138,62516,123838,190568,617400,0.001,0.0001,3.6256427754456024e-36
10,100,1.0,7,1d,18,203,0,100,6174,6036,138,62516,123838,190568,617400,0.0001,1e-05,0.0002865486783404
10,100,1.0,7,1d,18,203,0,100,6174,6036,138,62516,123838,190568,617400,1e-05,1.0000000000000002e-06,0.4423157784494717
10,100,1.0,7,ancilla,18,203,10,110,6952,6814,138,59848,77534,539534,764720,0.001,0.0001,3.651773118549883e-50
10,100,1.0,7,ancilla,18,203,10,110,6952,6814,138,59848,77534,539534,764720,0.0001,1e-05,1.1416324686893691e-05
10,100,1.0,7,ancilla,18,203,10,110,6952,6814,138,59848,77534,539534,764720,1e-05,1.0000000000000002e-06,0.3204537681398627
10,100,1.0,7,primitive,18,203,0,100,11128,10990,138,91240,108926,834420,1112800,0.001,0.0001,1.3029673668927618e-76
10,100,1.0,7,primitive,18,203,0,100,11128,10990,138,91240,108926,834420,1112800,0.0001,1e-05,2.590841670687088e-08
10,100,1.0,7,primitive,18,203,0,100,11128,10990,138,91240,108926,834420,1112800,1e-05,1.0000000000000002e-06,0.1743265561390233
10,100,1.0,7,pipelined,18,203,0,100,8464,8326,138,80872,98558,588756,846400,0.001,0.0001,1.947767254375869e-61
10,100,1.0,7,pipelined,18,203,0,100,8464,8326,138,80872,98558,588756,846400,0.0001,1e-05,8.524137338038655e-07
10,100,1.0,7,pipelined,18,203,0,100,8464,8326,138,80872,98558,588756,846400,1e-05,1.0000000000000002e-06,0.2472190883789337
10,100,1.0,8,naive_pauli,15,188,0,100,15152,0,15152,15152,15152,1484896,1515200,0.001,0.0001,8.410834247294107e-72
10,100,1.0,8,naive_pauli,15,188,0,100,15152,0,15152,15152,15152,1484896,1515200,0.0001,1e-05,7.817546305724366e-08
10,100,1.0,8,naive_pauli,15,188,0,100,15152,0,15152,15152,15152,1484896,1515200,1e-05,1.0000000000000002e-06,0.1946762220612617
10,100,1.0,8,1d,15,188,0,100,5278,5158,120,56714,112310,156472,527800,0.001,0.0001,3.641386970022241e-32
10,100,1.0,8,1d,15,188,0,100,5278,5158,120,56714,112310,156472,527800,0.0001,1e-05,0.0007198905203749
10,100,1.0,8,1d,15,188,0,100,5278,5158,120,56714,112310,156472,527800,1e-05,1.0000000000000002e-06,0.4849958649502001
10,100,1.0,8,ancilla,15,188,10,110,5810,5690,120,50616,65974,449318,639100,0.001,0.0001,3.1055855523916656e-42
10,100,1.0,8,ancilla,15,188,10,110,5810,5690,120,50616,65974,449318,639100,0.0001,1e-05,7.084220897777673e-05
10,100,1.0,8,ancilla,15,188,10,110,5810,5690,120,50616,65974,449318,639100,1e-05,1.0000000000000002e-06,0.3846271884660486
10,100,1.0,8,primitive,15,188,0,100,9290,9170,120,76776,92134,694948,929000,0.001,0.0001,2.8655415894260092e-64
10,100,1.0,8,primitive,15,188,0,100,9290,9170,120,76776,92134,694948,929000,0.0001,1e-05,4.43974524597443e-07
10,100,1.0,8,primitive,15,188,0,100,9290,9170,120,76776,92134,694948,929000,1e-05,1.0000000000000002e-06,0.2316072600713433
10,100,1.0,8,pipelined,15,188,0,100,7070,6950,120,68136,83494,490228,707000,0.001,0.0001,1.2668046549286096e-51
10,100,1.0,8,pipelined,15,188,0,100,7070,6950,120,68136,83494,490228,707000,0.0001,1e-05,8.160172787660476e-06
10,100,1.0,8,pipelined,15,188,0,100,7070,6950,120,68136,83494,490228,707000,1e-05,1.0000000000000002e-06,0.3098733380453343
10,100,1.0,9,naive_pauli,17,218,0,100,17420,0,17420,17420,17420,1707160,1742000,0.001,0.0001,1.9323279068076651e-82
10,100,1.0,9,naive_pauli,17,218,0,100,17420,0,17420,17420,17420,1707160,1742000,0.0001,1e-05,6.749668365552005e-09
10,100,1.0,9,naive_pauli,17,218,0,100,17420,0,17420,17420,17420,1707160,1742000,1e-05,1.0000000000000002e-06,0.1523824614601304
10,100,1.0,9,1d,17,218,0,100,5848,5716,132,66168,131046,166664,584800,0.001,0.0001,1.025032069761728e-36
10,100,1.0,9,1d,17,218,0,100,5848,5716,132,66168,131046,166664,584800,0.0001,1e-05,0.0002525808417094
10,100,1.0,9,1d,17,218,0,100,5848,5716,132,66168,131046,166664,584800,1e-05,1.0000000000000002e-06,0.4367705007452555
10,100,1.0,9,ancilla,17,218,10,110,6560,6428,132,57190,74398,508000,721600,0.001,0.0001,1.2218243659941586e-47
10,100,1.0,9,ancilla,17,218,10,110,6560,6428,132,57190,74398,508000,721600,0.0001,1e-05,2.0413555975273303e-05
10,100,1.0,9,ancilla,17,218,10,110,6560,6428,132,57190,74398,508000,721600,1e-05,1.0000000000000002e-06,0.3396284294501673
10,100,1.0,9,primitive,17,218,0,100,10504,10372,132,86838,104046,786524,1050400,0.001,0.0001,1.2819031961943664e-72
10,100,1.0,9,primitive,17,218,0,100,10504,10372,132,86838,104046,786524,1050400,0.0001,1e-05,6.495873951016123e-08
10,100,1.0,9,primitive,17,218,0,100,10504,10372,132,86838,104046,786524,1050400,1e-05,1.0000000000000002e-06,0.1911094964776755
10,100,1.0,9,pipelined,17,218,0,100,7988,7856,132,77046,94254,554508,798800,0.001,0.0001,2.750585966021943e-58
10,100,1.0,9,pipelined,17,218,0,100,7988,7856,132,77046,94254,554508,798800,0.0001,1e-05,1.7601826405778309e-06
10,100,1.0,9,pipelined,17,218,0,100,7988,7856,132,77046,94254,554508,798800,1e-05,1.0000000000000002e-06,0.2658103672289962
12,144,1.0,0,naive_pauli,17,311,0,144,36168,0,36168,36168,36168,5135856,5208192,0.001,0.0001,1.68280184396206e-239
12,144,1.0,0,naive_pauli,17,311,0,144,36168,0,36168,36168,36168,5135856,5208192,0.0001,1e-05,1.3314180610133764e-24
12,144,1.0,0,naive_pauli,17,311,0,144,36168,0,36168,36168,36168,5135856,5208192,1e-05,1.0000000000000002e-06,0.0040968357296928
12,144,1.0,0,1d,17,311,0,144,9034,8900,134,137638,273430,384820,1300896,0.001,0.0001,3.0290923448561804e-77
12,144,1.0,0,1d,17,311,0,144,9034,8900,134,137638,273430,384820,1300896,0.0001,1e-05,2.243356690978381e-08
12,144,1.0,0,1d,17,311,0,144,9034,8900,134,137638,273430,384820,1300896,1e-05,1.0000000000000002e-06,0.1718373181657415
12,144,1.0,0,ancilla,17,311,12,156,7922,7788,134,88396,118710,886504,1235832,0.001,0.0001,1.226288168459404e-77
12,144,1.0,0,ancilla,17,311,12,156,7922,7788,134,88396,118710,886504,1235832,0.0001,1e-05,2.0453203120337656e-08
12,144,1.0,0,ancilla,17,311,12,156,7922,7788,134,88396,118710,886504,1235832,1e-05,1.0000000000000002e-06,0.1702531446911332
12,144,1.0,0,primitive,17,311,0,144,12546,12412,134,133684,163998,1379992,1806624,0.001,0.0001,9.493800925861376e-119
12,144,1.0,0,primitive,17,311,0,144,12546,12412,134,133684,163998,1379992,1806624,0.0001,1e-05,1.5871876100789509e-12
12,144,1.0,0,primitive,17,311,0,144,12546,12412,134,133684,163998,1379992,1806624,1e-05,1.0000000000000002e-06,0.0660832892465572
12,144,1.0,0,pipelined,17,311,0,144,9486,9352,134,118724,149038,969272,1365984,0.001,0.0001,2.0700038226461484e-94
12,144,1.0,0,pipelined,17,311,0,144,9486,9352,134,118724,149038,969272,1365984,0.0001,1e-05,4.306341942456286e-10
12,144,1.0,0,pipelined,17,311,0,144,9486,9352,134,118724,149038,969272,1365984,1e-05,1.0000000000000002e-06,0.1157273343317788
12,144,1.0,1,naive_pauli,15,282,0,144,32946,0,32946,32946,32946,4678332,4744224,0.001,0.0001,3.140785924251588e-218
12,144,1.0,1,naive_pauli,15,282,0,144,32946,0,32946,32946,32946,4678332,4744224,0.0001,1e-05,1.783456592141467e-22
12,144,1.0,1,naive_pauli,15,282,0,144,32946,0,32946,32946,32946,4678332,4744224,1e-05,1.0000000000000002e-06,0.0066856222809054
12,144,1.0,1,1d,15,282,0,144,8066,7946,120,126590,251504,336212,1161504,0.001,0.0001,2.4712846315135743e-70
12,144,1.0,1,1d,15,282,0,144,8066,7946,120,126590,251504,336212,1161504,0.0001,1e-05,1.101117802646908e-07
12,144,1.0,1,1d,15,282,0,144,8066,7946,120,126590,251504,336212,1161504,1e-05,1.0000000000000002e-06,0.2014692534345749
12,144,1.0,1,ancilla,15,282,12,156,6990,6870,120,78410,105524,781520,1090440,0.001,0.0001,9.710739128893666e-69
12,144,1.0,1,ancilla,15,282,12,156,6990,6870,120,78410,105524,781520,1090440,0.0001,1e-05,1.5863955586766214e-07
12,144,1.0,1,ancilla,15,282,12,156,6990,6870,120,78410,105524,781520,1090440,1e-05,1.0000000000000002e-06,0.2089575179019308
12,144,1.0,1,primitive,15,282,0,144,11070,10950,120,118370,145484,1216940,1594080,0.001,0.0001,5.1661367858905986e-105
12,144,1.0,1,primitive,15,282,0,144,11070,10950,120,118370,145484,1216940,1594080,0.0001,1e-05,3.7486031832493704e-11
12,144,1.0,1,primitive,15,282,0,144,11070,10950,120,118370,145484,1216940,1594080,1e-05,1.0000000000000002e-06,0.090659320635486
12,144,1.0,1,pipelined,15,282,0,144,8370,8250,120,105170,132284,854540,1205280,0.001,0.0001,1.5429090849305537e-83
12,144,1.0,1,pipelined,15,282,0,144,8370,8250,120,105170,132284,854540,1205280,0.0001,1e-05,5.260874273564785e-09
12,144,1.0,1,pipelined,15,282,0,144,8370,8250,120,105170,132284,854540,1205280,1e-05,1.0000000000000002e-06,0.1486373717843536
12,144,1.0,2,naive_pauli,18,291,0,144,34692,0,34692,34692,34692,4926264,4995648,0.001,0.0001,9.338828851935464e-230
12,144,1.0,2,naive_pauli,18,291,0,144,34692,0,34692,34692,34692,4926264,4995648,0.0001,1e-05,1.2550775364167085e-23
12,144,1.0,2,naive_pauli,18,291,0,144,34692,0,34692,34692,34692,4926264,4995648,1e-05,1.0000000000000002e-06,0.0051272378383063
12,144,1.0,2,1d,18,291,0,144,8946,8808,138,128154,254574,397740,1288224,0.001,0.0001,1.0992226035541725e-73
12,144,1.0,2,1d,18,291,0,144,8946,8808,138,128154,254574,397740,1288224,0.0001,1e-05,5.089705875496605e-08
12,144,1.0,2,1d,18,291,0,144,8946,8808,138,128154,254574,397740,1288224,1e-05,1.0000000000000002e-06,0.186506981437353
12,144,1.0,2,ancilla,18,291,12,156,8354,8216,138,91902,122526,939084,1303224,0.001,0.0001,1.912316132987733e-81
12,144,1.0,2,ancilla,18,291,12,156,8354,8216,138,91902,122526,939084,1303224,0.0001,1e-05,8.514063637576337e-09
12,144,1.0,2,ancilla,18,291,12,156,8354,8216,138,91902,122526,939084,1303224,1e-05,1.0000000000000002e-06,0.1559672757305264
12,144,1.0,2,primitive,18,291,0,144,13250,13112,138,139854,170478,1461828,1908000,0.001,0.0001,5.523729929517529e-125
12,144,1.0,2,primitive,18,291,0,144,13250,13112,138,139854,170478,1461828,1908000,0.0001,1e-05,3.777845223809409e-13
12,144,1.0,2,primitive,18,291,0,144,13250,13112,138,139854,170478,1461828,1908000,1e-05,1.0000000000000002e-06,0.057247247076911
12,144,1.0,2,pipelined,18,291,0,144,10010,9872,138,124014,154638,1026948,1441440,0.001,0.0001,3.2541814033696068e-99
12,144,1.0,2,pipelined,18,291,0,144,10010,9872,138,124014,154638,1026948,1441440,0.0001,1e-05,1.4251819230995988e-10
12,144,1.0,2,pipelined,18,291,0,144,10010,9872,138,124014,154638,1026948,1441440,1e-05,1.0000000000000002e-06,0.1036127679241314
12,144,1.0,3,naive_pauli,18,285,0,144,33006,0,33006,33006,33006,4686852,4752864,0.001,0.0001,1.2616248328566246e-218
12,144,1.0,3,naive_pauli,18,285,0,144,33006,0,33006,33006,33006,4686852,4752864,0.0001,1e-05,1.6280006403530896e-22
12,144,1.0,3,naive_pauli,18,285,0,144,33006,0,33006,33006,33006,4686852,4752864,1e-05,1.0000000000000002e-06,0.006624926550609
12,144,1.0,3,1d,18,285,0,144,9126,8990,136,114942,228188,436980,1314144,0.001,0.0001,1.1956345255249892e-69
12,144,1.0,3,1d,18,285,0,144,9126,8990,136,114942,228188,436980,1314144,0.0001,1e-05,1.2885261599165297e-07
12,144,1.0,3,1d,18,285,0,144,9126,8990,136,114942,228188,436980,1314144,1e-05,1.0000000000000002e-06,0.2046598460318293
12,144,1.0,3,ancilla,18,285,12,156,8374,8238,136,89918,118596,944456,1306344,0.001,0.0001,8.134228853606646e-81
12,144,1.0,3,ancilla,18,285,12,156,8374,8238,136,89918,118596,944456,1306344,0.0001,1e-05,9.839540313848729e-09
12,144,1.0,3,ancilla,18,285,12,156,8374,8238,136,89918,118596,944456,1306344,1e-05,1.0000000000000002e-06,0.1582402283288352
12,144,1.0,3,primitive,18,285,0,144,13270,13134,136,137870,166548,1467092,1910880,0.001,0.0001,2.375088241348948e-124
12,144,1.0,3,primitive,18,285,0,144,13270,13134,136,137870,166548,1467092,1910880,0.0001,1e-05,4.3707012176588773e-13
12,144,1.0,3,primitive,18,285,0,144,13270,13134,136,137870,166548,1467092,1910880,1e-05,1.0000000000000002e-06,0.0580877995837243
12,144,1.0,3,pipelined,18,285,0,144,10030,9894,136,122030,150708,1032212,1444320,0.001,0.0001,1.3992298836077706e-98
12,144,1.0,3,pipelined,18,285,0,144,10030,9894,136,122030,150708,1032212,1444320,0.0001,1e-05,1.6488352480453788e-10
12,144,1.0,3,pipelined,18,285,0,144,10030,9894,136,122030,150708,1032212,1444320,1e-05,1.0000000000000002e-06,0.1051340982284425
12,144,1.0,4,naive_pauli,14,250,0,144,29280,0,29280,29280,29280,4157760,4216320,0.001,0.0001,5.003151868543836e-194
12,144,1.0,4,naive_pauli,14,250,0,144,29280,0,29280,29280,29280,4157760,4216320,0.0001,1e-05,4.6914774816789447e-20
12,144,1.0,4,naive_pauli,14,250,0,144,29280,0,29280,29280,29280,4157760,4216320,1e-05,1.0000000000000002e-06,0.0116719874497153
12,144,1.0,4,1d,14,250,0,144,7318,7206,112,106336,211188,322288,1053792,0.001,0.0001,6.284433189090784e-61
12,144,1.0,4,1d,14,250,0,144,7318,7206,112,106336,211188,322288,1053792,0.0001,1e-05,9.593327656265357e-07
12,144,1.0,4,1d,14,250,0,144,7318,7206,112,106336,211188,322288,1053792,1e-05,1.0000000000000002e-06,0.2501602721363463
12,144,1.0,4,ancilla,14,250,12,156,6532,6420,112,72122,96448,732164,1018992,0.001,0.0001,7.295807213556142e-64
12,144,1.0,4,ancilla,14,250,12,156,6532,6420,112,72122,96448,732164,1018992,0.0001,1e-05,4.873724399190539e-07
12,144,1.0,4,ancilla,14,250,12,156,6532,6420,112,72122,96448,732164,1018992,1e-05,1.0000000000000002e-06,0.2337769151947042
12,144,1.0,4,primitive,14,250,0,144,10340,10228,112,109418,133744,1138508,1488960,0.001,0.0001,1.021748730372629e-97
12,144,1.0,4,primitive,14,250,0,144,10340,10228,112,109418,133744,1138508,1488960,0.0001,1e-05,2.0104666870617707e-10
12,144,1.0,4,primitive,14,250,0,144,10340,10228,112,109418,133744,1138508,1488960,1e-05,1.0000000000000002e-06,0.107239134082938
12,144,1.0,4,pipelined,14,250,0,144,7820,7708,112,97098,121424,800268,1126080,0.001,0.0001,1.1293803996857298e-77
12,144,1.0,4,pipelined,14,250,0,144,7820,7708,112,97098,121424,800268,1126080,0.0001,1e-05,2.0292681442050543e-08
12,144,1.0,4,pipelined,14,250,0,144,7820,7708,112,97098,121424,800268,1126080,1e-05,1.0000000000000002e-06,0.1701196518517288
12,144,1.0,5,naive_pauli,18,304,0,144,35400,0,35400,35400,35400,5026800,5097600,0.001,0.0001,1.9779565692909562e-234
12,144,1.0,5,naive_pauli,18,304,0,144,35400,0,35400,35400,35400,5026800,5097600,0.0001,1e-05,4.278548765481926e-24
12,144,1.0,5,naive_pauli,18,304,0,144,35400,0,35400,35400,35400,5026800,5097600,1e-05,1.0000000000000002e-06,0.0046041174245196
12,144,1.0,5,1d,18,304,0,144,9418,9280,138,126136,250470,435760,1356192,0.001,0.0001,1.8478223902105055e-74
12,144,1.0,5,1d,18,304,0,144,9418,9280,138,126136,250470,435760,1356192,0.0001,1e-05,4.2581220671494984e-08
12,144,1.0,5,1d,18,304,0,144,9418,9280,138,126136,250470,435760,1356192,1e-05,1.0000000000000002e-06,0.1832092155605834
12,144,1.0,5,ancilla,18,304,12,156,8394,8256,138,91976,122606,942056,1309464,0.001,0.0001,1.3192498199264206e-81
12,144,1.0,5,ancilla,18,304,12,156,8394,8256,138,91976,122606,942056,1309464,0.0001,1e-05,8.203811170747617e-09
12,144,1.0,5,ancilla,18,304,12,156,8394,8256,138,91976,122606,942056,1309464,1e-05,1.0000000000000002e-06,0.155389397601006
12,144,1.0,5,primitive,18,304,0,144,13290,13152,138,139928,170558,1464560,1913760,0.001,0.0001,3.9032231415647736e-125
12,144,1.0,5,primitive,18,304,0,144,13290,13152,138,139928,170558,1464560,1913760,0.0001,1e-05,3.648927518451218e-13
12,144,1.0,5,primitive,18,304,0,144,13290,13152,138,139928,170558,1464560,1913760,1e-05,1.0000000000000002e-06,0.0570488289986506
12,144,1.0,5,pipelined,18,304,0,144,10050,9912,138,124088,154718,1029680,1447200,0.001,0.0001,2.2994962321757503e-99
12,144,1.0,5,pipelined,18,304,0,144,10050,9912,138,124088,154718,1029680,1447200,0.0001,1e-05,1.3765480664010687e-10
12,144,1.0,5,pipelined,18,304,0,144,10050,9912,138,124088,154718,1029680,1447200,1e-05,1.0000000000000002e-06,0.1032536476634291
12,144,1.0,6,naive_pauli,17,303,0,144,36976,0,36976,36976,36976,5250592,5324544,0.001,0.0001,7.79430032239455e-245
12,144,1.0,6,naive_pauli,17,303,0,144,36976,0,36976,36976,36976,5250592,5324544,0.0001,1e-05,3.8987652537884837e-25
12,144,1.0,6,naive_pauli,17,303,0,144,36976,0,36976,36976,36976,5250592,5324544,1e-05,1.0000000000000002e-06,0.0036233492479822
12,144,1.0,6,1d,17,303,0,144,8761,8626,135,134352,266914,371808,1261584,0.001,0.0001,2.980234512817179e-75
12,144,1.0,6,1d,17,303,0,144,8761,8626,135,134352,266914,371808,1261584,0.0001,1e-05,3.5491578452677074e-08
12,144,1.0,6,1d,17,303,0,144,8761,8626,135,134352,266914,371808,1261584,1e-05,1.0000000000000002e-06,0.1799034603148208
12,144,1.0,6,ancilla,17,303,12,156,7941,7806,135,88208,118390,888440,1238796,0.001,0.0001,1.2195430502954331e-77
12,144,1.0,6,ancilla,17,303,12,156,7941,7806,135,88208,118390,888440,1238796,0.0001,1e-05,2.0441769770816633e-08
12,144,1.0,6,ancilla,17,303,12,156,7941,7806,135,88208,118390,888440,1238796,1e-05,1.0000000000000002e-06,0.1702436122174762
12,144,1.0,6,primitive,17,303,0,144,12565,12430,135,133496,163678,1381808,1809360,0.001,0.0001,9.555568118105993e-119
12,144,1.0,6,primitive,17,303,0,144,12565,12430,135,133496,163678,1381808,1809360,0.0001,1e-05,1.5882050840766665e-12
12,144,1.0,6,primitive,17,303,0,144,12565,12430,135,133496,163678,1381808,1809360,1e-05,1.0000000000000002e-06,0.0660875192736258
12,144,1.0,6,pipelined,17,303,0,144,9505,9370,135,118536,148718,971088,1368720,0.001,0.0001,2.0834713816416383e-94
12,144,1.0,6,pipelined,17,303,0,144,9505,9370,135,118536,148718,971088,1368720,0.0001,1e-05,4.3091025429825865e-10
12,144,1.0,6,pipelined,17,303,0,144,9505,9370,135,118536,148718,971088,1368720,1e-05,1.0000000000000002e-06,0.1157347421010102
12,144,1.0,7,naive_pauli,20,290,0,144,34336,0,34336,34336,34336,4875712,4944384,0.001,0.0001,2.0918659577541911e-227
12,144,1.0,7,naive_pauli,20,290,0,144,34336,0,34336,34336,34336,4875712,4944384,0.0001,1e-05,2.1561444727238558e-23
12,144,1.0,7,naive_pauli,20,290,0,144,34336,0,34336,34336,34336,4875712,4944384,1e-05,1.0000000000000002e-06,0.0054123269697188
12,144,1.0,7,1d,20,290,0,144,9640,9490,150,131186,260650,442508,1388160,0.001,0.0001,6.0158804325600225e-77
12,144,1.0,7,1d,20,290,0,144,9640,9490,150,131186,260650,442508,1388160,0.0001,1e-05,2.4020502528558396e-08
12,144,1.0,7,1d,20,290,0,144,9640,9490,150,131186,260650,442508,1388160,1e-05,1.0000000000000002e-06,0.1730153810549004
12,144,1.0,7,ancilla,20,290,12,156,9256,9106,150,100256,132630,1044836,1443936,0.001,0.0001,1.144636711840256e-89
12,144,1.0,7,ancilla,20,290,12,156,9256,9106,150,100256,132630,1044836,1443936,0.0001,1e-05,1.2824243133962286e-09
12,144,1.0,7,ancilla,20,290,12,156,9256,9106,150,100256,132630,1044836,1443936,1e-05,1.0000000000000002e-06,0.1290698516803003
12,144,1.0,7,primitive,20,290,0,144,14696,14546,150,153536,185910,1625840,2116224,0.001,0.0001,4.7199295523068444e-138
12,144,1.0,7,primitive,20,290,0,144,14696,14546,150,153536,185910,1625840,2116224,0.0001,1e-05,1.8651514910983083e-14
12,144,1.0,7,primitive,20,290,0,144,14696,14546,150,153536,185910,1625840,2116224,1e-05,1.0000000000000002e-06,0.0423745009724812
12,144,1.0,7,pipelined,20,290,0,144,11096,10946,150,135936,168310,1142640,1597824,0.001,0.0001,2.0300252054281194e-109
12,144,1.0,7,pipelined,20,290,0,144,11096,10946,150,135936,168310,1142640,1597824,0.0001,1e-05,1.3602917044186688e-11
12,144,1.0,7,pipelined,20,290,0,144,11096,10946,150,135936,168310,1142640,1597824,1e-05,1.0000000000000002e-06,0.0819203890798472
12,144,1.0,8,naive_pauli,17,272,0,144,30820,0,30820,30820,30820,4376440,4438080,0.001,0.0001,3.4077594783202595e-204
12,144,1.0,8,naive_pauli,17,272,0,144,30820,0,30820,30820,30820,4376440,4438080,0.0001,1e-05,4.515491405353719e-21
12,144,1.0,8,naive_pauli,17,272,0,144,30820,0,30820,30820,30820,4376440,4438080,1e-05,1.0000000000000002e-06,0.0092360245505555
12,144,1.0,8,1d,17,272,0,144,8830,8700,130,116512,231406,412096,1271520,0.001,0.0001,2.9934181628699666e-69
12,144,1.0,8,1d,17,272,0,144,8830,8700,130,116512,231406,412096,1271520,0.0001,1e-05,1.4124594097999493e-07
12,144,1.0,8,1d,17,272,0,144,8830,8700,130,116512,231406,412096,1271520,1e-05,1.0000000000000002e-06,0.2065480860021065
12,144,1.0,8,ancilla,17,272,12,156,7906,7776,130,86398,114942,888940,1233336,0.001,0.0001,7.094922187103567e-77
12,144,1.0,8,ancilla,17,272,12,156,7906,7776,130,86398,114942,888940,1233336,0.0001,1e-05,2.437576426588001e-08
12,144,1.0,8,ancilla,17,272,12,156,7906,7776,130,86398,114942,888940,1233336,1e-05,1.0000000000000002e-06,0.1732664381319186
12,144,1.0,8,primitive,17,272,0,144,12530,12400,130,131686,160230,1382548,1804320,0.001,0.0001,5.42729496039729e-118
12,144,1.0,8,primitive,17,272,0,144,12530,12400,130,131686,160230,1382548,1804320,0.0001,1e-05,1.8893134596786664e-12
12,144,1.0,8,primitive,17,272,0,144,12530,12400,130,131686,160230,1382548,1804320,1e-05,1.0000000000000002e-06,0.0672448209304686
12,144,1.0,8,pipelined,17,272,0,144,9470,9340,130,116726,145270,971828,1363680,0.001,0.0001,1.183353369465271e-93
12,144,1.0,8,pipelined,17,272,0,144,9470,9340,130,116726,145270,971828,1363680,0.0001,1e-05,5.126066850696198e-10
12,144,1.0,8,pipelined,17,272,0,144,9470,9340,130,116726,145270,971828,1363680,1e-05,1.0000000000000002e-06,0.1177614486601294
12,144,1.0,9,naive_pauli,19,307,0,144,36216,0,36216,36216,36216,5142672,5215104,0.001,0.0001,8.112346522553289e-240
12,144,1.0,9,naive_pauli,19,307,0,144,36216,0,36216,36216,36216,5142672,5215104,0.0001,1e-05,1.2377361242133318e-24
12,144,1.0,9,naive_pauli,19,307,0,144,36216,0,36216,36216,36216,5142672,5215104,1e-05,1.0000000000000002e-06,0.0040670539684761
12,144,1.0,9,1d,19,307,0,144,9764,9618,146,139330,276832,434860,1406016,0.001,0.0001,3.739386334841466e-80
12,144,1.0,9,1d,19,307,0,144,9764,9618,146,139330,276832,434860,1406016,0.0001,1e-05,1.148391542199678e-08
12,144,1.0,9,1d,19,307,0,144,9764,9618,146,139330,276832,434860,1406016,1e-05,1.0000000000000002e-06,0.1607078459280523
12,144,1.0,9,ancilla,19,307,12,156,8848,8702,146,97008,129336,993612,1380288,0.001,0.0001,4.9511171896717735e-86
12,144,1.0,9,ancilla,19,307,12,156,8848,8702,146,97008,129336,993612,1380288,0.0001,1e-05,2.961841145912918e-09
12,144,1.0,9,ancilla,19,307,12,156,8848,8702,146,97008,129336,993612,1380288,1e-05,1.0000000000000002e-06,0.1403385800323518
12,144,1.0,9,primitive,19,307,0,144,14016,13870,146,147624,179952,1545216,2018304,0.001,0.0001,5.551368284855741e-132
12,144,1.0,9,primitive,19,307,0,144,14016,13870,146,147624,179952,1545216,2018304,0.0001,1e-05,7.544477747456536e-14
12,144,1.0,9,primitive,19,307,0,144,14016,13870,146,147624,179952,1545216,2018304,1e-05,1.0000000000000002e-06,0.0487298181512497
12,144,1.0,9,pipelined,19,307,0,144,10596,10450,146,130904,163232,1086176,1525824,0.001,0.0001,8.836650082460348e-105
12,144,1.0,9,pipelined,19,307,0,144,10596,10450,146,130904,163232,1086176,1525824,0.0001,1e-05,3.957320481631098e-11
12,144,1.0,9,pipelined,19,307,0,144,10596,10450,146,130904,163232,1086176,1525824,1e-05,1.0000000000000002e-06,0.0911523416280199
14,196,1.0,0,naive_pauli,17,418,0,196,65966,0,65966,65966,65966,12797404,12929336,0.001,0.0001,0.0
14,196,1.0,0,naive_pauli,17,418,0,196,65966,0,65966,65966,65966,12797404,12929336,0.0001,1e-05,3.599916896088276e-59
14,196,1.0,0,naive_pauli,17,418,0,196,65966,0,65966,65966,65966,12797404,12929336,1e-05,1.0000000000000002e-06,1.4310906710277192e-06
14,196,1.0,0,1d,17,418,0,196,12400,12266,134,247018,491542,734296,2430400,0.001,0.0001,5.971808980132998e-140
14,196,1.0,0,1d,17,418,0,196,12400,12266,134,247018,491542,734296,2430400,0.0001,1e-05,1.2094423850189662e-14
14,196,1.0,0,1d,17,418,0,196,12400,12266,134,247018,491542,734296,2430400,1e-05,1.0000000000000002e-06,0.0405796439706597
14,196,1.0,0,ancilla,17,418,14,210,9274,9140,134,127762,175986,1417756,1947540,0.001,0.0001,8.137053213535395e-118
14,196,1.0,0,ancilla,17,418,14,210,9274,9140,134,127762,175986,1417756,1947540,0.0001,1e-05,1.9670822925913466e-12
14,196,1.0,0,ancilla,17,418,14,210,9274,9140,134,127762,175986,1417756,1947540,1e-05,1.0000000000000002e-06,0.0675165114423509
14,196,1.0,0,primitive,17,418,0,196,14578,14444,134,191954,240178,2217404,2857288,0.001,0.0001,1.9421351236224227e-180
14,196,1.0,0,primitive,17,418,0,196,14578,14444,134,191954,240178,2217404,2857288,0.0001,1e-05,1.07898519923327e-18
14,196,1.0,0,primitive,17,418,0,196,14578,14444,134,191954,240178,2217404,2857288,1e-05,1.0000000000000002e-06,0.0159714151681266
14,196,1.0,0,pipelined,17,418,0,196,10974,10840,134,170738,218962,1553452,2150904,0.001,0.0001,2.2049161300787107e-142
14,196,1.0,0,pipelined,17,418,0,196,10974,10840,134,170738,218962,1553452,2150904,0.0001,1e-05,6.886238328805823e-15
14,196,1.0,0,pipelined,17,418,0,196,10974,10840,134,170738,218962,1553452,2150904,1e-05,1.0000000000000002e-06,0.0383561149136117
14,196,1.0,1,naive_pauli,17,384,0,196,61386,0,61386,61386,61386,11908884,12031656,0.001,0.0001,0.0
14,196,1.0,1,naive_pauli,17,384,0,196,61386,0,61386,61386,61386,11908884,12031656,0.0001,1e-05,4.1117047214228525e-55
14,196,1.0,1,naive_pauli,17,384,0,196,61386,0,61386,61386,61386,11908884,12031656,1e-05,1.0000000000000002e-06,3.642817912225896e-06
14,196,1.0,1,1d,17,384,0,196,11962,11830,132,228684,455086,727844,2344552,0.001,0.0001,1.0535753069937055e-131
14,196,1.0,1,1d,17,384,0,196,11962,11830,132,228684,455086,727844,2344552,0.0001,1e-05,8.070144704419664e-14
14,196,1.0,1,1d,17,384,0,196,11962,11830,132,228684,455086,727844,2344552,1e-05,1.0000000000000002e-06,0.049060757587563
14,196,1.0,1,ancilla,17,384,14,210,9250,9118,132,125534,171742,1419482,1942500,0.001,0.0001,6.362040257084966e-117
14,196,1.0,1,ancilla,17,384,14,210,9250,9118,132,125534,171742,1419482,1942500,0.0001,1e-05,2.4159737853366242e-12
14,196,1.0,1,ancilla,17,384,14,210,9250,9118,132,125534,171742,1419482,1942500,1e-05,1.0000000000000002e-06,0.0689186133989593
14,196,1.0,1,primitive,17,384,0,196,14554,14422,132,189726,235934,2219312,2852584,0.001,0.0001,1.4910909849083714e-179
14,196,1.0,1,primitive,17,384,0,196,14554,14422,132,189726,235934,2219312,2852584,0.0001,1e-05,1.3228017358902741e-18
14,196,1.0,1,primitive,17,384,0,196,14554,14422,132,189726,235934,2219312,2852584,1e-05,1.0000000000000002e-06,0.016300123474504
14,196,1.0,1,pipelined,17,384,0,196,10950,10818,132,168510,214718,1555360,2146200,0.001,0.0001,1.6928433681314747e-141
14,196,1.0,1,pipelined,17,384,0,196,10950,10818,132,168510,214718,1555360,2146200,0.0001,1e-05,8.442310442785923e-15
14,196,1.0,1,pipelined,17,384,0,196,10950,10818,132,168510,214718,1555360,2146200,1e-05,1.0000000000000002e-06,0.0391455235815191
14,196,1.0,2,naive_pauli,17,395,0,196,61242,0,61242,61242,61242,11880948,12003432,0.001,0.0001,0.0
14,196,1.0,2,naive_pauli,17,395,0,196,61242,0,61242,61242,61242,11880948,12003432,0.0001,1e-05,5.5157069620485284e-55
14,196,1.0,2,naive_pauli,17,395,0,196,61242,0,61242,61242,61242,11880948,12003432,1e-05,1.0000000000000002e-06,3.75141669895512e-06
14,196,1.0,2,1d,17,395,0,196,12662,12530,132,229792,457234,794228,2481752,0.001,0.0001,4.550529021268438e-135
14,196,1.0,2,1d,17,395,0,196,12662,12530,132,229792,457234,794228,2481752,0.0001,1e-05,3.7192519289235975e-14
14,196,1.0,2,1d,17,395,0,196,12662,12530,132,229792,457234,794228,2481752,1e-05,1.0000000000000002e-06,0.0454037813932427
14,196,1.0,2,ancilla,17,395,14,210,9308,9176,132,126196,172998,1424248,1954680,0.001,0.0001,2.0368287594226342e-117
14,196,1.0,2,ancilla,17,395,14,210,9308,9176,132,126196,172998,1424248,1954680,0.0001,1e-05,2.15596599584643e-12
14,196,1.0,2,ancilla,17,395,14,210,9308,9176,132,126196,172998,1424248,1954680,1e-05,1.0000000000000002e-06,0.0681383540809779
14,196,1.0,2,primitive,17,395,0,196,14612,14480,132,190388,237190,2223672,2863952,0.001,0.0001,4.9715920826435905e-180
14,196,1.0,2,primitive,17,395,0,196,14612,14480,132,190388,237190,2223672,2863952,0.0001,1e-05,1.1852437933211352e-18
14,196,1.0,2,primitive,17,395,0,196,14612,14480,132,190388,237190,2223672,2863952,1e-05,1.0000000000000002e-06,0.0161221265382898
14,196,1.0,2,pipelined,17,395,0,196,11008,10876,132,169172,215974,1559720,2157568,0.001,0.0001,5.644274408027038e-142
14,196,1.0,2,pipelined,17,395,0,196,11008,10876,132,169172,215974,1559720,2157568,0.0001,1e-05,7.564395919746683e-15
14,196,1.0,2,pipelined,17,395,0,196,11008,10876,132,169172,215974,1559720,2157568,1e-05,1.0000000000000002e-06,0.0387180554537526
14,196,1.0,3,naive_pauli,16,388,0,196,61576,0,61576,61576,61576,11945744,12068896,0.001,0.0001,0.0
14,196,1.0,3,naive_pauli,16,388,0,196,61576,0,61576,61576,61576,11945744,12068896,0.0001,1e-05,2.7905394363548844e-55
14,196,1.0,3,naive_pauli,16,388,0,196,61576,0,61576,61576,61576,11945744,12068896,1e-05,1.0000000000000002e-06,3.5043235492535007e-06
14,196,1.0,3,1d,16,388,0,196,12244,12118,126,218762,435204,774736,2399824,0.001,0.0001,1.982877519894852e-129
14,196,1.0,3,1d,16,388,0,196,12244,12118,126,218762,435204,774736,2399824,0.0001,1e-05,1.3619446783840918e-13
14,196,1.0,3,1d,16,388,0,196,12244,12118,126,218762,435204,774736,2399824,1e-05,1.0000000000000002e-06,0.0516963900140075
14,196,1.0,3,ancilla,16,388,14,210,8760,8634,126,119476,164120,1339198,1839600,0.001,0.0001,8.370143514868009e-111
14,196,1.0,3,ancilla,16,388,14,210,8760,8634,126,119476,164120,1339198,1839600,0.0001,1e-05,9.882610878589644e-12
14,196,1.0,3,ancilla,16,388,14,210,8760,8634,126,119476,164120,1339198,1839600,1e-05,1.0000000000000002e-06,0.0793438259006516
14,196,1.0,3,primitive,16,388,0,196,13752,13626,126,179892,224536,2091588,2695392,0.001,0.0001,9.857190242626228e-170
14,196,1.0,3,primitive,16,388,0,196,13752,13626,126,179892,224536,2091588,2695392,0.0001,1e-05,1.2685347331129725e-17
14,196,1.0,3,primitive,16,388,0,196,13752,13626,126,179892,224536,2091588,2695392,1e-05,1.0000000000000002e-06,0.020434757263462
14,196,1.0,3,pipelined,16,388,0,196,10360,10234,126,159924,204568,1466692,2030560,0.001,0.0001,6.461446210097371e-134
14,196,1.0,3,pipelined,16,388,0,196,10360,10234,126,159924,204568,1466692,2030560,0.0001,1e-05,4.8355665244106147e-14
14,196,1.0,3,pipelined,16,388,0,196,10360,10234,126,159924,204568,1466692,2030560,1e-05,1.0000000000000002e-06,0.0466099738500631
14,196,1.0,4,naive_pauli,17,347,0,196,56148,0,56148,56148,56148,10892712,11005008,0.001,0.0001,0.0
14,196,1.0,4,naive_pauli,17,347,0,196,56148,0,56148,56148,56148,10892712,11005008,0.0001,1e-05,1.797702125206367e-50
14,196,1.0,4,naive_pauli,17,347,0,196,56148,0,56148,56148,56148,10892712,11005008,1e-05,1.0000000000000002e-06,1.0604837912919234e-05
14,196,1.0,4,1d,17,347,0,196,11832,11698,134,209526,416982,753616,2319072,0.001,0.0001,1.6893609234657776e-124
14,196,1.0,4,1d,17,347,0,196,11832,11698,134,209526,416982,753616,2319072,0.0001,1e-05,4.236599014111666e-13
14,196,1.0,4,1d,17,347,0,196,11832,11698,134,209526,416982,753616,2319072,1e-05,1.0000000000000002e-06,0.0579087459467128
14,196,1.0,4,ancilla,17,347,14,210,9228,9094,134,123544,167974,1421362,1937880,0.001,0.0001,3.860320809366019e-116
14,196,1.0,4,ancilla,17,347,14,210,9228,9094,134,123544,167974,1421362,1937880,0.0001,1e-05,2.8930528273635386e-12
14,196,1.0,4,ancilla,17,347,14,210,9228,9094,134,123544,167974,1421362,1937880,1e-05,1.0000000000000002e-06,0.0701717908847548
14,196,1.0,4,primitive,17,347,0,196,14532,14398,134,187736,232166,2221332,2848272,0.001,0.0001,8.921763419485357e-179
14,196,1.0,4,primitive,17,347,0,196,14532,14398,134,187736,232166,2221332,2848272,0.0001,1e-05,1.581797508617918e-18
14,196,1.0,4,primitive,17,347,0,196,14532,14398,134,187736,232166,2221332,2848272,1e-05,1.0000000000000002e-06,0.0165941924443124
14,196,1.0,4,pipelined,17,347,0,196,10928,10794,134,166520,210950,1557380,2141888,0.001,0.0001,1.0128924518742144e-140
14,196,1.0,4,pipelined,17,347,0,196,10928,10794,134,166520,210950,1557380,2141888,0.0001,1e-05,1.0095258618926936e-14
14,196,1.0,4,pipelined,17,347,0,196,10928,10794,134,166520,210950,1557380,2141888,1e-05,1.0000000000000002e-06,0.0398517442313341
14,196,1.0,5,naive_pauli,17,410,0,196,65590,0,65590,65590,65590,12724460,12855640,0.001,0.0001,0.0
14,196,1.0,5,naive_pauli,17,410,0,196,65590,0,65590,65590,65590,12724460,12855640,0.0001,1e-05,7.752041965825751e-59
14,196,1.0,5,naive_pauli,17,410,0,196,65590,0,65590,65590,65590,12724460,12855640,1e-05,1.0000000000000002e-06,1.545180784066775e-06
14,196,1.0,5,1d,17,410,0,196,12280,12144,136,240772,479100,735224,2406880,0.001,0.0001,2.8168382204772955e-137
14,196,1.0,5,1d,17,410,0,196,12280,12144,136,240772,479100,735224,2406880,0.0001,1e-05,2.2378388482158817e-14
14,196,1.0,5,1d,17,410,0,196,12280,12144,136,240772,479100,735224,2406880,1e-05,1.0000000000000002e-06,0.0431550253323302
14,196,1.0,5,ancilla,17,410,14,210,9260,9124,136,127694,175900,1416632,1944600,0.001,0.0001,9.746105257658375e-118
14,196,1.0,5,ancilla,17,410,14,210,9260,9124,136,127694,175900,1416632,1944600,0.0001,1e-05,2.00289126943662e-12
14,196,1.0,5,ancilla,17,410,14,210,9260,9124,136,127694,175900,1416632,1944600,1e-05,1.0000000000000002e-06,0.0676384214264818
14,196,1.0,5,primitive,17,410,0,196,14564,14428,136,191886,240092,2216364,2854544,0.001,0.0001,2.306721310258127e-180
14,196,1.0,5,primitive,17,410,0,196,14564,14428,136,191886,240092,2216364,2854544,0.0001,1e-05,1.0977046974844667e-18
14,196,1.0,5,primitive,17,410,0,196,14564,14428,136,191886,240092,2216364,2854544,1e-05,1.0000000000000002e-06,0.0159989097034004
14,196,1.0,5,pipelined,17,410,0,196,10960,10824,136,170670,218876,1552412,2148160,0.001,0.0001,2.618832728331449e-142
14,196,1.0,5,pipelined,17,410,0,196,10960,10824,136,170670,218876,1552412,2148160,0.0001,1e-05,7.005708852076212e-15
14,196,1.0,5,pipelined,17,410,0,196,10960,10824,136,170670,218876,1552412,2148160,1e-05,1.0000000000000002e-06,0.0384221443507878
14,196,1.0,6,naive_pauli,17,409,0,196,67174,0,67174,67174,67174,13031756,13166104,0.001,0.0001,0.0
14,196,1.0,6,naive_pauli,17,409,0,196,67174,0,67174,67174,67174,13031756,13166104,0.0001,1e-05,3.0622749752430953e-60
14,196,1.0,6,naive_pauli,17,409,0,196,67174,0,67174,67174,67174,13031756,13166104,1e-05,1.0000000000000002e-06,1.118518098639456e-06
14,196,1.0,6,1d,17,409,0,196,12256,12122,134,247370,492306,719480,2402176,0.001,0.0001,1.8477390707645e-139
14,196,1.0,6,1d,17,409,0,196,12256,12122,134,247370,492306,719480,2402176,0.0001,1e-05,1.3540747709725892e-14
14,196,1.0,6,1d,17,409,0,196,12256,12122,134,247370,492306,719480,2402176,1e-05,1.0000000000000002e-06,0.0410406299601136
14,196,1.0,6,ancilla,17,409,14,210,9280,9146,134,127034,174590,1419842,1948800,0.001,0.0001,1.3683379395832456e-117
14,196,1.0,6,ancilla,17,409,14,210,9280,9146,134,127034,174590,1419842,1948800,0.0001,1e-05,2.071959775983533e-12
14,196,1.0,6,ancilla,17,409,14,210,9280,9146,134,127034,174590,1419842,1948800,1e-05,1.0000000000000002e-06,0.0678681068991459
14,196,1.0,6,primitive,17,409,0,196,14584,14450,134,191226,238782,2219448,2858464,0.001,0.0001,3.2796672505153168e-180
14,196,1.0,6,primitive,17,409,0,196,14584,14450,134,191226,238782,2219448,2858464,0.0001,1e-05,1.1369900994347493e-18
14,196,1.0,6,primitive,17,409,0,196,14584,14450,134,191226,238782,2219448,2858464,1e-05,1.0000000000000002e-06,0.0160552613822969
14,196,1.0,6,pipelined,17,409,0,196,10980,10846,134,170010,217566,1555496,2152080,0.001,0.0001,3.723423326212394e-142
14,196,1.0,6,pipelined,17,409,0,196,10980,10846,134,170010,217566,1555496,2152080,0.0001,1e-05,7.256433923064042e-15
14,196,1.0,6,pipelined,17,409,0,196,10980,10846,134,170010,217566,1555496,2152080,1e-05,1.0000000000000002e-06,0.038557475594048
14,196,1.0,7,naive_pauli,17,393,0,196,63756,0,63756,63756,63756,12368664,12496176,0.001,0.0001,0.0
14,196,1.0,7,naive_pauli,17,393,0,196,63756,0,63756,63756,63756,12368664,12496176,0.0001,1e-05,3.2679832863467554e-57
14,196,1.0,7,naive_pauli,17,393,0,196,63756,0,63756,63756,63756,12368664,12496176,1e-05,1.0000000000000002e-06,2.246283753166447e-06
14,196,1.0,7,1d,17,393,0,196,12154,12020,134,233156,463966,737912,2382184,0.001,0.0001,4.3879268781242577e-134
14,196,1.0,7,1d,17,393,0,196,12154,12020,134,233156,463966,737912,2382184,0.0001,1e-05,4.665843107375658e-14
14,196,1.0,7,1d,17,393,0,196,12154,12020,134,233156,463966,737912,2382184,1e-05,1.0000000000000002e-06,0.046445113107557
14,196,1.0,7,ancilla,17,393,14,210,9258,9124,134,126380,173370,1418840,1944180,0.001,0.0001,2.9099300673314123e-117
14,196,1.0,7,ancilla,17,393,14,210,9258,9124,134,126380,173370,1418840,1944180,0.0001,1e-05,2.234278219006771e-12
14,196,1.0,7,ancilla,17,393,14,210,9258,9124,134,126380,173370,1418840,1944180,1e-05,1.0000000000000002e-06,0.0683819055223203
14,196,1.0,7,primitive,17,393,0,196,14562,14428,134,190572,237562,2218600,2854152,0.001,0.0001,6.8680033285585495e-180
14,196,1.0,7,primitive,17,393,0,196,14562,14428,134,190572,237562,2218600,2854152,0.0001,1e-05,1.22417582264714e-18
14,196,1.0,7,primitive,17,393,0,196,14562,14428,134,190572,237562,2218600,2854152,1e-05,1.0000000000000002e-06,0.0161743174387152
14,196,1.0,7,pipelined,17,393,0,196,10958,10824,134,169356,216346,1554648,2147768,0.001,0.0001,7.79727998138872e-142
14,196,1.0,7,pipelined,17,393,0,196,10958,10824,134,169356,216346,1554648,2147768,0.0001,1e-05,7.812865715952817e-15
14,196,1.0,7,pipelined,17,393,0,196,10958,10824,134,169356,216346,1554648,2147768,1e-05,1.0000000000000002e-06,0.0388433943891624
14,196,1.0,8,naive_pauli,16,372,0,196,55492,0,55492,55492,55492,10765448,10876432,0.001,0.0001,0.0
14,196,1.0,8,naive_pauli,16,372,0,196,55492,0,55492,55492,55492,10765448,10876432,0.0001,1e-05,6.85349605935041e-50
14,196,1.0,8,naive_pauli,16,372,0,196,55492,0,55492,55492,55492,10765448,10876432,1e-05,1.0000000000000002e-06,1.2123362792830996e-05
14,196,1.0,8,1d,16,372,0,196,11434,11310,124,217888,433556,696908,2241064,0.001,0.0001,1.1409202437090468e-125
14,196,1.0,8,1d,16,372,0,196,11434,11310,124,217888,433556,696908,2241064,0.0001,1e-05,3.23685393608378e-13
14,196,1.0,8,1d,16,372,0,196,11434,11310,124,217888,433556,696908,2241064,1e-05,1.0000000000000002e-06,0.0563710673169597
14,196,1.0,8,ancilla,16,372,14,210,8682,8558,124,118794,162856,1332162,1823220,0.001,0.0001,3.346993056055981e-110
14,196,1.0,8,ancilla,16,372,14,210,8682,8558,124,118794,162856,1332162,1823220,0.0001,1e-05,1.1351393342487188e-11
14,196,1.0,8,ancilla,16,372,14,210,8682,8558,124,118794,162856,1332162,1823220,1e-05,1.0000000000000002e-06,0.0804508688397361
14,196,1.0,8,primitive,16,372,0,196,13674,13550,124,179210,223272,2085112,2680104,0.001,0.0001,3.726948041975288e-169
14,196,1.0,8,primitive,16,372,0,196,13674,13550,124,179210,223272,2085112,2680104,0.0001,1e-05,1.4489312489297752e-17
14,196,1.0,8,primitive,16,372,0,196,13674,13550,124,179210,223272,2085112,2680104,1e-05,1.0000000000000002e-06,0.0207082728664388
14,196,1.0,8,pipelined,16,372,0,196,10282,10158,124,159242,203304,1460216,2015272,0.001,0.0001,2.4430363732774094e-133
14,196,1.0,8,pipelined,16,372,0,196,10282,10158,124,159242,203304,1460216,2015272,0.0001,1e-05,5.523225545668455e-14
14,196,1.0,8,pipelined,16,372,0,196,10282,10158,124,159242,203304,1460216,2015272,1e-05,1.0000000000000002e-06,0.0472338400862982
14,196,1.0,9,naive_pauli,17,411,0,196,64496,0,64496,64496,64496,12512224,12641216,0.001,0.0001,0.0
14,196,1.0,9,naive_pauli,17,411,0,196,64496,0,64496,64496,64496,12512224,12641216,0.0001,1e-05,7.222110891039377e-58
14,196,1.0,9,naive_pauli,17,411,0,196,64496,0,64496,64496,64496,12512224,12641216,1e-05,1.0000000000000002e-06,1.9315389655962526e-06
14,196,1.0,9,1d,17,411,0,196,11942,11808,134,248590,494732,686268,2340632,0.001,0.0001,1.5100357693867902e-138
14,196,1.0,9,1d,17,411,0,196,11942,11808,134,248590,494732,686268,2340632,0.0001,1e-05,1.6706853900775833e-14
14,196,1.0,9,1d,17,411,0,196,11942,11808,134,248590,494732,686268,2340632,1e-05,1.0000000000000002e-06,0.0419120974099175
14,196,1.0,9,ancilla,17,411,14,210,9252,9118,134,127986,176480,1414998,1942920,0.001,0.0001,8.56881814977516e-118
14,196,1.0,9,ancilla,17,411,14,210,9252,9118,134,127986,176480,1414998,1942920,0.0001,1e-05,1.977296273213859e-12
14,196,1.0,9,ancilla,17,411,14,210,9252,9118,134,127986,176480,1414998,1942920,1e-05,1.0000000000000002e-06,0.0675514933915704
14,196,1.0,9,primitive,17,411,0,196,14556,14422,134,192178,240672,2214800,2852976,0.001,0.0001,2.013931724377633e-180
14,196,1.0,9,primitive,17,411,0,196,14556,14422,134,192178,240672,2214800,2852976,0.0001,1e-05,1.0829187901469073e-18
14,196,1.0,9,primitive,17,411,0,196,14556,14422,134,192178,240672,2214800,2852976,1e-05,1.0000000000000002e-06,0.0159772296633081
14,196,1.0,9,pipelined,17,411,0,196,10952,10818,134,170962,219456,1550848,2146592,0.001,0.0001,2.286427185187337e-142
14,196,1.0,9,pipelined,17,411,0,196,10952,10818,134,170962,219456,1550848,2146592,0.0001,1e-05,6.911343070315327e-15
14,196,1.0,9,pipelined,17,411,0,196,10952,10818,134,170962,219456,1550848,2146592,1e-05,1.0000000000000002e-06,0.0383700787009778
16,256,1.0,0,naive_pauli,16,541,0,256,111564,0,111564,111564,111564,28337256,28560384,0.001,0.0001,0.0
16,256,1.0,0,naive_pauli,16,541,0,256,111564,0,111564,111564,111564,28337256,28560384,0.0001,1e-05,1.2213504528195524e-128
16,256,1.0,0,naive_pauli,16,541,0,256,111564,0,111564,111564,111564,28337256,28560384,1e-05,1.0000000000000002e-06,1.6171906242353038e-13
16,256,1.0,0,1d,16,541,0,256,15468,15340,128,419412,835592,1157464,3959808,0.001,0.0001,3.090376885340322e-233
16,256,1.0,0,1d,16,541,0,256,15468,15340,128,419412,835592,1157464,3959808,0.0001,1e-05,5.720448197418596e-24
16,256,1.0,0,1d,16,541,0,256,15468,15340,128,419412,835592,1157464,3959808,1e-05,1.0000000000000002e-06,0.0047405337246052
16,256,1.0,0,ancilla,16,541,16,272,10012,9884,128,168100,237800,2000280,2723264,0.001,0.0001,1.211072991950426e-160
16,256,1.0,0,ancilla,16,541,16,272,10012,9884,128,168100,237800,2000280,2723264,0.0001,1e-05,1.0280059112846271e-16
16,256,1.0,0,ancilla,16,541,16,272,10012,9884,128,168100,237800,2000280,2723264,1e-05,1.0000000000000002e-06,0.0251904731575604
16,256,1.0,0,primitive,16,541,0,256,15644,15516,128,249380,319080,3142072,4004864,0.001,0.0001,1.5002971478833105e-245
16,256,1.0,0,primitive,16,541,0,256,15644,15516,128,249380,319080,3142072,4004864,0.0001,1e-05,3.3351019119836223e-25
16,256,1.0,0,primitive,16,541,0,256,15644,15516,128,249380,319080,3142072,4004864,1e-05,1.0000000000000002e-06,0.0035675148708483
16,256,1.0,0,pipelined,16,541,0,256,11740,11612,128,222500,292200,2196408,3005440,0.001,0.0001,8.463949878301934e-193
16,256,1.0,0,pipelined,16,541,0,256,11740,11612,128,222500,292200,2196408,3005440,0.0001,1e-05,6.273908117381086e-20
16,256,1.0,0,pipelined,16,541,0,256,11740,11612,128,222500,292200,2196408,3005440,1e-05,1.0000000000000002e-06,0.0120171531182372
16,256,1.0,1,naive_pauli,16,502,0,256,104850,0,104850,104850,104850,26631900,26841600,0.001,0.0001,0.0
16,256,1.0,1,naive_pauli,16,502,0,256,104850,0,104850,104850,104850,26631900,26841600,0.0001,1e-05,6.0917802632678555e-121
16,256,1.0,1,naive_pauli,16,502,0,256,104850,0,104850,104850,104850,26631900,26841600,1e-05,1.0000000000000002e-06,9.518027668569261e-13
16,256,1.0,1,1d,16,502,0,256,15168,15042,126,382428,761864,1192776,3883008,0.001,0.0001,1.0625210394008164e-218
16,256,1.0,1,1d,16,502,0,256,15168,15042,126,382428,761864,1192776,3883008,0.0001,1e-05,1.6231036330138842e-22
16,256,1.0,1,1d,16,502,0,256,15168,15042,126,382428,761864,1192776,3883008,1e-05,1.0000000000000002e-06,0.0066238684749392
16,256,1.0,1,ancilla,16,502,16,272,10002,9876,126,164852,231544,2005144,2720544,0.001,0.0001,1.9196107012798453e-159
16,256,1.0,1,ancilla,16,502,16,272,10002,9876,126,164852,231544,2005144,2720544,0.0001,1e-05,1.3549938494561743e-16
16,256,1.0,1,ancilla,16,502,16,272,10002,9876,126,164852,231544,2005144,2720544,1e-05,1.0000000000000002e-06,0.0258958321188586
16,256,1.0,1,primitive,16,502,0,256,15634,15508,126,246132,312824,3147032,4002304,0.001,0.0001,2.3553241843911796e-244
16,256,1.0,1,primitive,16,502,0,256,15634,15508,126,246132,312824,3147032,4002304,0.0001,1e-05,4.391712448003924e-25
16,256,1.0,1,primitive,16,502,0,256,15634,15508,126,246132,312824,3147032,4002304,1e-05,1.0000000000000002e-06,0.0036670568741976
16,256,1.0,1,pipelined,16,502,0,256,11730,11604,126,219252,285944,2201368,3002880,0.001,0.0001,1.3287598308085195e-191
16,256,1.0,1,pipelined,16,502,0,256,11730,11604,126,219252,285944,2201368,3002880,0.0001,1e-05,8.261576738549358e-20
16,256,1.0,1,pipelined,16,502,0,256,11730,11604,126,219252,285944,2201368,3002880,1e-05,1.0000000000000002e-06,0.0123524597782654
16,256,1.0,2,naive_pauli,19,515,0,256,106396,0,106396,106396,106396,27024584,27237376,0.001,0.0001,0.0
16,256,1.0,2,naive_pauli,19,515,0,256,106396,0,106396,106396,106396,27024584,27237376,0.0001,1e-05,1.0284554285707818e-122
16,256,1.0,2,naive_pauli,19,515,0,256,106396,0,106396,106396,106396,27024584,27237376,1e-05,1.0000000000000002e-06,6.328374284099411e-13
16,256,1.0,2,1d,19,515,0,256,18144,17994,150,408320,813556,1524992,4644864,0.001,0.0001,2.2247421324337143e-244
16,256,1.0,2,1d,19,515,0,256,18144,17994,150,408320,813556,1524992,4644864,0.0001,1e-05,4.395535376843847e-25
16,256,1.0,2,1d,19,515,0,256,18144,17994,150,408320,813556,1524992,4644864,1e-05,1.0000000000000002e-06,0.0036676168824808
16,256,1.0,2,ancilla,19,515,16,272,11862,11712,150,190990,265884,2388612,3226464,0.001,0.0001,1.8677039131950852e-187
16,256,1.0,2,ancilla,19,515,16,272,11862,11712,150,190990,265884,2388612,3226464,0.0001,1e-05,2.144534091298611e-19
16,256,1.0,2,ancilla,19,515,16,272,11862,11712,150,190990,265884,2388612,3226464,1e-05,1.0000000000000002e-06,0.0135886180608845
16,256,1.0,2,primitive,19,515,0,256,18550,18400,150,287510,362404,3744724,4748800,0.001,0.0001,2.717007267835996e-288
16,256,1.0,2,primitive,19,515,0,256,18550,18400,150,287510,362404,3744724,4748800,0.0001,1e-05,1.7773132496875936e-29
16,256,1.0,2,primitive,19,515,0,256,18550,18400,150,287510,362404,3744724,4748800,1e-05,1.0000000000000002e-06,0.0013336439808181
16,256,1.0,2,pipelined,19,515,0,256,13914,13764,150,255590,330484,2621748,3561984,0.001,0.0001,1.1922664184636326e-225
16,256,1.0,2,pipelined,19,515,0,256,13914,13764,150,255590,330484,2621748,3561984,0.0001,1e-05,3.259481114921581e-23
16,256,1.0,2,pipelined,19,515,0,256,13914,13764,150,255590,330484,2621748,3561984,1e-05,1.0000000000000002e-06,0.0056411795767626
16,256,1.0,3,naive_pauli,18,507,0,256,106708,0,106708,106708,106708,27103832,27317248,0.001,0.0001,0.0
16,256,1.0,3,naive_pauli,18,507,0,256,106708,0,106708,106708,106708,27103832,27317248,0.0001,1e-05,4.512979883125141e-123
16,256,1.0,3,naive_pauli,18,507,0,256,106708,0,106708,106708,106708,27103832,27317248,1e-05,1.0000000000000002e-06,5.828008348350794e-13
16,256,1.0,3,1d,18,507,0,256,17316,17178,138,376082,749140,1481948,4432896,0.001,0.0001,1.6770302383185907e-228
16,256,1.0,3,1d,18,507,0,256,17316,17178,138,376082,749140,1481948,4432896,0.0001,1e-05,1.6986307845279052e-23
16,256,1.0,3,1d,18,507,0,256,17316,17178,138,376082,749140,1481948,4432896,1e-05,1.0000000000000002e-06,0.0052855027036935
16,256,1.0,3,ancilla,18,507,16,272,11238,11100,138,180238,250388,2263780,3056736,0.001,0.0001,2.3165121732799104e-177
16,256,1.0,3,ancilla,18,507,16,272,11238,11100,138,180238,250388,2263780,3056736,0.0001,1e-05,2.1900343620944346e-18
16,256,1.0,3,ancilla,18,507,16,272,11238,11100,138,180238,250388,2263780,3056736,1e-05,1.0000000000000002e-06,0.0171429178517819
16,256,1.0,3,primitive,18,507,0,256,17574,17436,138,271678,341828,3548548,4498944,0.001,0.0001,6.815891269588534e-273
16,256,1.0,3,primitive,18,507,0,256,17574,17436,138,271678,341828,3548548,4498944,0.0001,1e-05,6.156858691820257e-28
16,256,1.0,3,primitive,18,507,0,256,17574,17436,138,271678,341828,3548548,4498944,1e-05,1.0000000000000002e-06,0.0019010605613505
16,256,1.0,3,pipelined,18,507,0,256,13182,13044,138,241438,311588,2484676,3374592,0.001,0.0001,1.5095340993342815e-213
16,256,1.0,3,pipelined,18,507,0,256,13182,13044,138,241438,311588,2484676,3374592,0.0001,1e-05,5.285570396164622e-22
16,256,1.0,3,pipelined,18,507,0,256,13182,13044,138,241438,311588,2484676,3374592,1e-05,1.0000000000000002e-06,0.0074535167247337
16,256,1.0,4,naive_pauli,16,459,0,256,95784,0,95784,95784,95784,24329136,24520704,0.001,0.0001,0.0
16,256,1.0,4,naive_pauli,16,459,0,256,95784,0,95784,95784,95784,24329136,24520704,0.0001,1e-05,1.5112011733082044e-110
16,256,1.0,4,naive_pauli,16,459,0,256,95784,0,95784,95784,95784,24329136,24520704,1e-05,1.0000000000000002e-06,1.0423138196013576e-11
16,256,1.0,4,1d,16,459,0,256,15156,15030,126,357132,711520,1241832,3879936,0.001,0.0001,7.711978900962217e-210
16,256,1.0,4,1d,16,459,0,256,15156,15030,126,357132,711520,1241832,3879936,0.0001,1e-05,1.2472225035661965e-21
16,256,1.0,4,1d,16,459,0,256,15156,15030,126,357132,711520,1241832,3879936,1e-05,1.0000000000000002e-06,0.0081220679981812
16,256,1.0,4,ancilla,16,459,16,272,10008,9882,126,162742,227572,2010180,2722176,0.001,0.0001,9.578805792656211e-159
16,256,1.0,4,ancilla,16,459,16,272,10008,9882,126,162742,227572,2010180,2722176,0.0001,1e-05,1.5911343890464246e-16
16,256,1.0,4,ancilla,16,459,16,272,10008,9882,126,162742,227572,2010180,2722176,1e-05,1.0000000000000002e-06,0.0263151846761886
16,256,1.0,4,primitive,16,459,0,256,15640,15514,126,244022,308852,3152020,4003840,0.001,0.0001,1.1809557226590153e-243
16,256,1.0,4,primitive,16,459,0,256,15640,15514,126,244022,308852,3152020,4003840,0.0001,1e-05,5.159550852417778e-25
16,256,1.0,4,primitive,16,459,0,256,15640,15514,126,244022,308852,3152020,4003840,1e-05,1.0000000000000002e-06,0.0037266194227135
16,256,1.0,4,pipelined,16,459,0,256,11736,11610,126,217142,281972,2206356,3004416,0.001,0.0001,6.662380221932657e-191
16,256,1.0,4,pipelined,16,459,0,256,11736,11610,126,217142,281972,2206356,3004416,0.0001,1e-05,9.706014637427176e-20
16,256,1.0,4,pipelined,16,459,0,256,11736,11610,126,217142,281972,2206356,3004416,1e-05,1.0000000000000002e-06,0.0125530958769337
16,256,1.0,5,naive_pauli,17,533,0,256,109334,0,109334,109334,109334,27770836,27989504,0.001,0.0001,0.0
16,256,1.0,5,naive_pauli,17,533,0,256,109334,0,109334,109334,109334,27770836,27989504,0.0001,1e-05,4.401856840070798e-126
16,256,1.0,5,naive_pauli,17,533,0,256,109334,0,109334,109334,109334,27770836,27989504,1e-05,1.0000000000000002e-06,2.913662427386895e-13
16,256,1.0,5,1d,17,533,0,256,16268,16134,134,414548,825908,1270360,4164608,0.001,0.0001,5.014418370574375e-236
16,256,1.0,5,1d,17,533,0,256,16268,16134,134,414548,825908,1270360,4164608,0.0001,1e-05,3.008693210944871e-24
16,256,1.0,5,1d,17,533,0,256,16268,16134,134,414548,825908,1270360,4164608,1e-05,1.0000000000000002e-06,0.0044455069690682
16,256,1.0,5,ancilla,17,533,16,272,10636,10502,134,175884,247464,2130232,2892992,0.001,0.0001,1.139999899080164e-169
16,256,1.0,5,ancilla,17,533,16,272,10636,10502,134,175884,247464,2130232,2892992,0.0001,1e-05,1.2869056167358234e-17
16,256,1.0,5,ancilla,17,533,16,272,10636,10502,134,175884,247464,2130232,2892992,1e-05,1.0000000000000002e-06,0.0204641263598
16,256,1.0,5,primitive,17,533,0,256,16620,16486,134,262244,333824,3343416,4254720,0.001,0.0001,6.948991239543879e-260
16,256,1.0,5,primitive,17,533,0,256,16620,16486,134,262244,333824,3343416,4254720,0.0001,1e-05,1.2301965319141188e-26
16,256,1.0,5,primitive,17,533,0,256,16620,16486,134,262244,333824,3343416,4254720,1e-05,1.0000000000000002e-06,0.0025648102387744
16,256,1.0,5,pipelined,17,533,0,256,12472,12338,134,233684,305264,2338648,3192832,0.001,0.0001,7.767473868492749e-204
16,256,1.0,5,pipelined,17,533,0,256,12472,12338,134,233684,305264,2338648,3192832,0.0001,1e-05,4.943736994840416e-21
16,256,1.0,5,pipelined,17,533,0,256,12472,12338,134,233684,305264,2338648,3192832,1e-05,1.0000000000000002e-06,0.0093208555838174
16,256,1.0,6,naive_pauli,17,531,0,256,112606,0,112606,112606,112606,28601924,28827136,0.001,0.0001,0.0
16,256,1.0,6,naive_pauli,17,531,0,256,112606,0,112606,112606,112606,28601924,28827136,0.0001,1e-05,7.800820474926314e-130
16,256,1.0,6,naive_pauli,17,531,0,256,112606,0,112606,112606,112606,28601924,28827136,1e-05,1.0000000000000002e-06,1.228264597505826e-13
16,256,1.0,6,1d,17,531,0,256,16044,15908,136,424102,845034,1222836,4107264,0.001,0.0001,4.101468463888711e-238
16,256,1.0,6,1d,17,531,0,256,16044,15908,136,424102,845034,1222836,4107264,0.0001,1e-05,1.861347035663381e-24
16,256,1.0,6,1d,17,531,0,256,16044,15908,136,424102,845034,1222836,4107264,1e-05,1.0000000000000002e-06,0.0042370931754597
16,256,1.0,6,ancilla,17,531,16,272,10626,10490,136,175836,247386,2129240,2890272,0.001,0.0001,1.3208258041922025e-169
16,256,1.0,6,ancilla,17,531,16,272,10626,10490,136,175836,247386,2129240,2890272,0.0001,1e-05,1.3059893545986876e-17
16,256,1.0,6,ancilla,17,531,16,272,10626,10490,136,175836,247386,2129240,2890272,1e-05,1.0000000000000002e-06,0.0204942717947071
16,256,1.0,6,primitive,17,531,0,256,16610,16474,136,262196,333746,3342488,4252160,0.001,0.0001,7.999868947427352e-260
16,256,1.0,6,primitive,17,531,0,256,16610,16474,136,262196,333746,3342488,4252160,0.0001,1e-05,1.2476405717749028e-26
16,256,1.0,6,primitive,17,531,0,256,16610,16474,136,262196,333746,3342488,4252160,1e-05,1.0000000000000002e-06,0.0025684240424623
16,256,1.0,6,pipelined,17,531,0,256,12462,12326,136,233636,305186,2337720,3190272,0.001,0.0001,8.942128556286283e-204
16,256,1.0,6,pipelined,17,531,0,256,12462,12326,136,233636,305186,2337720,3190272,0.0001,1e-05,5.013838594838463e-21
16,256,1.0,6,pipelined,17,531,0,256,12462,12326,136,233636,305186,2337720,3190272,1e-05,1.0000000000000002e-06,0.0093339886186805
16,256,1.0,7,naive_pauli,16,512,0,256,105062,0,105062,105062,105062,26685748,26895872,0.001,0.0001,0.0
16,256,1.0,7,naive_pauli,16,512,0,256,105062,0,105062,105062,105062,26685748,26895872,0.0001,1e-05,3.4807807155589813e-121
16,256,1.0,7,naive_pauli,16,512,0,256,105062,0,105062,105062,105062,26685748,26895872,1e-05,1.0000000000000002e-06,8.999955313363793e-13
16,256,1.0,7,1d,16,512,0,256,15424,15296,128,391862,780664,1206932,3948544,0.001,0.0001,2.052747124154535e-223
16,256,1.0,7,1d,16,512,0,256,15424,15296,128,391862,780664,1206932,3948544,0.0001,1e-05,5.484452940012351e-23
16,256,1.0,7,1d,16,512,0,256,15424,15296,128,391862,780664,1206932,3948544,1e-05,1.0000000000000002e-06,0.0059428159236777
16,256,1.0,7,ancilla,16,512,16,272,10054,9926,128,166170,234112,2009852,2734688,0.001,0.0001,3.2066427497783823e-160
16,256,1.0,7,ancilla,16,512,16,272,10054,9926,128,166170,234112,2009852,2734688,0.0001,1e-05,1.1330465755146522e-16
16,256,1.0,7,ancilla,16,512,16,272,10054,9926,128,166170,234112,2009852,2734688,1e-05,1.0000000000000002e-06,0.0254367242252386
16,256,1.0,7,primitive,16,512,0,256,15686,15558,128,247450,315392,3151308,4015616,0.001,0.0001,4.108190433831602e-245
16,256,1.0,7,primitive,16,512,0,256,15686,15558,128,247450,315392,3151308,4015616,0.0001,1e-05,3.6882512364557127e-25
16,256,1.0,7,primitive,16,512,0,256,15686,15558,128,247450,315392,3151308,4015616,1e-05,1.0000000000000002e-06,0.0036035999454778
16,256,1.0,7,pipelined,16,512,0,256,11782,11654,128,220570,288512,2205644,3016192,0.001,0.0001,2.317642073207127e-192
16,256,1.0,7,pipelined,16,512,0,256,11782,11654,128,220570,288512,2205644,3016192,0.0001,1e-05,6.938243562571515e-20
16,256,1.0,7,pipelined,16,512,0,256,11782,11654,128,220570,288512,2205644,3016192,1e-05,1.0000000000000002e-06,0.0121387054825035
16,256,1.0,8,naive_pauli,15,488,0,256,96960,0,96960,96960,96960,24627840,24821760,0.001,0.0001,0.0
16,256,1.0,8,naive_pauli,15,488,0,256,96960,0,96960,96960,96960,24627840,24821760,0.0001,1e-05,6.776184489773512e-112
16,256,1.0,8,naive_pauli,15,488,0,256,96960,0,96960,96960,96960,24627840,24821760,1e-05,1.0000000000000002e-06,7.641271020369845e-12
16,256,1.0,8,1d,15,488,0,256,14270,14150,120,367306,731708,1107308,3653120,0.001,0.0001,2.0372215748391328e-208
16,256,1.0,8,1d,15,488,0,256,14270,14150,120,367306,731708,1107308,3653120,0.0001,1e-05,1.731027105113284e-21
16,256,1.0,8,1d,15,488,0,256,14270,14150,120,367306,731708,1107308,3653120,1e-05,1.0000000000000002e-06,0.0083927510235813
16,256,1.0,8,ancilla,15,488,16,272,9398,9278,120,155960,219796,1880128,2556256,0.001,0.0001,3.7717182116180804e-150
16,256,1.0,8,ancilla,15,488,16,272,9398,9278,120,155960,219796,1880128,2556256,0.0001,1e-05,1.150990108625828e-15
16,256,1.0,8,ancilla,15,488,16,272,9398,9278,120,155960,219796,1880128,2556256,1e-05,1.0000000000000002e-06,0.0320731278470522
16,256,1.0,8,primitive,15,488,0,256,14678,14558,120,232160,295996,2950464,3757568,0.001,0.0001,9.55687356233661e-230
16,256,1.0,8,primitive,15,488,0,256,14678,14558,120,232160,295996,2950464,3757568,0.0001,1e-05,1.2680860765479317e-23
16,256,1.0,8,primitive,15,488,0,256,14678,14558,120,232160,295996,2950464,3757568,1e-05,1.0000000000000002e-06,0.0051329379527702
16,256,1.0,8,pipelined,15,488,0,256,11018,10898,120,206960,270796,2063904,2820608,0.001,0.0001,2.7211307000665468e-180
16,256,1.0,8,pipelined,15,488,0,256,11018,10898,120,206960,270796,2063904,2820608,0.0001,1e-05,1.1166728663506033e-18
16,256,1.0,8,pipelined,15,488,0,256,11018,10898,120,206960,270796,2063904,2820608,1e-05,1.0000000000000002e-06,0.0160264406498167
16,256,1.0,9,naive_pauli,21,531,0,256,109322,0,109322,109322,109322,27767788,27986432,0.001,0.0001,0.0
16,256,1.0,9,naive_pauli,21,531,0,256,109322,0,109322,109322,109322,27767788,27986432,0.0001,1e-05,4.543541042811403e-126
16,256,1.0,9,naive_pauli,21,531,0,256,109322,0,109322,109322,109322,27767788,27986432,1e-05,1.0000000000000002e-06,2.922907552701874e-13
16,256,1.0,9,1d,21,531,0,256,19386,19224,162,427616,852060,1646912,4962816,0.001,0.0001,4.653260877529656e-258
16,256,1.0,9,1d,21,531,0,256,19386,19224,162,427616,852060,1646912,4962816,0.0001,1e-05,1.8856486049583755e-26
16,256,1.0,9,1d,21,531,0,256,19386,19224,162,427616,852060,1646912,4962816,1e-05,1.0000000000000002e-06,0.0026769044596202
16,256,1.0,9,ancilla,21,531,16,272,13056,12894,162,209998,291916,2634292,3551232,0.001,0.0001,2.1969889565034163e-206
16,256,1.0,9,ancilla,21,531,16,272,13056,12894,162,209998,291916,2634292,3551232,0.0001,1e-05,2.7466587624888102e-21
16,256,1.0,9,ancilla,21,531,16,272,13056,12894,162,209998,291916,2634292,3551232,1e-05,1.0000000000000002e-06,0.0087887409235798
16,256,1.0,9,primitive,21,531,0,256,20448,20286,162,316678,398596,4133620,5234688,0.001,0.0001,7.41085e-318
16,256,1.0,9,primitive,21,531,0,256,20448,20286,162,316678,398596,4133620,5234688,0.0001,1e-05,1.9678327259794214e-32
16,256,1.0,9,primitive,21,531,0,256,20448,20286,162,316678,398596,4133620,5234688,1e-05,1.0000000000000002e-06,0.0006752565258974
16,256,1.0,9,pipelined,21,531,0,256,15324,15162,162,281398,363316,2892436,3922944,0.001,0.0001,1.2766596885198068e-248
16,256,1.0,9,pipelined,21,531,0,256,15324,15162,162,281398,363316,2892436,3922944,0.0001,1e-05,1.6469343967176884e-25
16,256,1.0,9,pipelined,21,531,0,256,15324,15162,162,281398,363316,2892436,3922944,1e-05,1.0000000000000002e-06,0.0033245148799588
18,324,1.0,0,naive_pauli,18,680,0,324,180236,0,180236,180236,180236,58035992,58396464,0.001,0.0001,0.0
18,324,1.0,0,naive_pauli,18,680,0,324,180236,0,180236,180236,180236,58035992,58396464,0.0001,1e-05,1.3294975940931579e-260
18,324,1.0,0,naive_pauli,18,680,0,324,180236,0,180236,180236,180236,58035992,58396464,1e-05,1.0000000000000002e-06,1.0292417708098771e-26
18,324,1.0,0,1d,18,680,0,324,21226,21086,140,652458,1300856,2156376,6877224,0.001,0.0001,0.0
18,324,1.0,0,1d,18,680,0,324,21226,21086,140,652458,1300856,2156376,6877224,0.0001,1e-05,1.9843734199599563e-38
18,324,1.0,0,1d,18,680,0,324,21226,21086,140,652458,1300856,2156376,6877224,1e-05,1.0000000000000002e-06,0.0001697829500067
18,324,1.0,0,ancilla,18,680,18,342,12644,12504,140,244912,349756,3222928,4324248,0.001,0.0001,4.035235065135792e-247
18,324,1.0,0,ancilla,18,680,18,342,12644,12504,140,244912,349756,3222928,4324248,0.0001,1e-05,2.322772547841458e-25
18,324,1.0,0,ancilla,18,680,18,342,12644,12504,140,244912,349756,3222928,4324248,1e-05,1.0000000000000002e-06,0.0034407635940047
18,324,1.0,0,primitive,18,680,0,324,19700,19560,140,363280,468124,5076928,6382800,0.001,0.0001,0.0
18,324,1.0,0,primitive,18,680,0,324,19700,19560,140,363280,468124,5076928,6382800,0.0001,1e-05,1.490159505373425e-38
18,324,1.0,0,primitive,18,680,0,324,19700,19560,140,363280,468124,5076928,6382800,1e-05,1.0000000000000002e-06,0.0001649697057037
18,324,1.0,0,pipelined,18,680,0,324,14732,14592,140,324112,428956,3545632,4773168,0.001,0.0001,1.5030689323458578e-295
18,324,1.0,0,pipelined,18,680,0,324,14732,14592,140,324112,428956,3545632,4773168,0.0001,1e-05,3.347570434068445e-30
18,324,1.0,0,pipelined,18,680,0,324,14732,14592,140,324112,428956,3545632,4773168,1e-05,1.0000000000000002e-06,0.0011286083221203
18,324,1.0,1,naive_pauli,17,636,0,324,168574,0,168574,168574,168574,54280828,54617976,0.001,0.0001,0.0
18,324,1.0,1,naive_pauli,17,636,0,324,168574,0,168574,168574,168574,54280828,54617976,0.0001,1e-05,8.684377374146386e-244
18,324,1.0,1,naive_pauli,17,636,0,324,168574,0,168574,168574,168574,54280828,54617976,1e-05,1.0000000000000002e-06,4.943253680205735e-25
18,324,1.0,1,1d,17,636,0,324,20218,20084,134,612336,1220866,2072352,6550632,0.001,0.0001,0.0
18,324,1.0,1,1d,17,636,0,324,20218,20084,134,612336,1220866,2072352,6550632,0.0001,1e-05,2.541559440188436e-36
18,324,1.0,1,1d,17,636,0,324,20218,20084,134,612336,1220866,2072352,6550632,1e-05,1.0000000000000002e-06,0.0002758250822249
18,324,1.0,1,ancilla,17,636,18,342,11956,11822,134,232336,332414,3044590,4088952,0.001,0.0001,6.543304363551199e-234
18,324,1.0,1,ancilla,17,636,18,342,11956,11822,134,232336,332414,3044590,4088952,0.0001,1e-05,4.860922545291835e-24
18,324,1.0,1,ancilla,17,636,18,342,11956,11822,134,232336,332414,3044590,4088952,1e-05,1.0000000000000002e-06,0.0046636207887648
18,324,1.0,1,primitive,17,636,0,324,18620,18486,134,344128,444206,4795444,6032880,0.001,0.0001,0.0
18,324,1.0,1,primitive,17,636,0,324,18620,18486,134,344128,444206,4795444,6032880,0.0001,1e-05,1.688537584145033e-36
18,324,1.0,1,primitive,17,636,0,324,18620,18486,134,344128,444206,4795444,6032880,1e-05,1.0000000000000002e-06,0.000264744961623
18,324,1.0,1,pipelined,17,636,0,324,13928,13794,134,307136,407214,3349220,4512672,0.001,0.0001,1.2126684637732929e-279
18,324,1.0,1,pipelined,17,636,0,324,13928,13794,134,307136,407214,3349220,4512672,0.0001,1e-05,1.303273738680686e-28
18,324,1.0,1,pipelined,17,636,0,324,13928,13794,134,307136,407214,3349220,4512672,1e-05,1.0000000000000002e-06,0.0016276841657642
18,324,1.0,2,naive_pauli,17,652,0,324,170292,0,170292,170292,170292,54834024,55174608,0.001,0.0001,0.0
18,324,1.0,2,naive_pauli,17,652,0,324,170292,0,170292,170292,170292,54834024,55174608,0.0001,1e-05,2.894752580022355e-246
18,324,1.0,2,naive_pauli,17,652,0,324,170292,0,170292,170292,170292,54834024,55174608,1e-05,1.0000000000000002e-06,2.7944837692207063e-25
18,324,1.0,2,1d,17,652,0,324,20574,20438,136,634928,1265956,2085164,6665976,0.001,0.0001,0.0
18,324,1.0,2,1d,17,652,0,324,20574,20438,136,634928,1265956,2085164,6665976,0.0001,1e-05,2.334807228506417e-37
18,324,1.0,2,1d,17,652,0,324,20574,20438,136,634928,1265956,2085164,6665976,1e-05,1.0000000000000002e-06,0.0002172467422723
18,324,1.0,2,ancilla,17,652,18,342,12004,11868,136,234744,337136,3048324,4105368,0.001,0.0001,4.0487326682027506e-235
18,324,1.0,2,ancilla,17,652,18,342,12004,11868,136,234744,337136,3048324,4105368,0.0001,1e-05,3.680600861847452e-24
18,324,1.0,2,ancilla,17,652,18,342,12004,11868,136,234744,337136,3048324,4105368,1e-05,1.0000000000000002e-06,0.0045356936082587
18,324,1.0,2,primitive,17,652,0,324,18668,18532,136,346536,448928,4798728,6048432,0.001,0.0001,0.0
18,324,1.0,2,primitive,17,652,0,324,18668,18532,136,346536,448928,4798728,6048432,0.0001,1e-05,1.2842958795236425e-36
18,324,1.0,2,primitive,17,652,0,324,18668,18532,136,346536,448928,4798728,6048432,1e-05,1.0000000000000002e-06,0.0002575986700998
18,324,1.0,2,pipelined,17,652,0,324,13976,13840,136,309544,411936,3352504,4528224,0.001,0.0001,7.84889089849948e-281
18,324,1.0,2,pipelined,17,652,0,324,13976,13840,136,309544,411936,3352504,4528224,0.0001,1e-05,9.912655236078011e-29
18,324,1.0,2,pipelined,17,652,0,324,13976,13840,136,309544,411936,3352504,4528224,1e-05,1.0000000000000002e-06,0.0015837478978746
18,324,1.0,3,naive_pauli,19,642,0,324,171358,0,171358,171358,171358,55177276,55519992,0.001,0.0001,0.0
18,324,1.0,3,naive_pauli,19,642,0,324,171358,0,171358,171358,171358,55177276,55519992,0.0001,1e-05,8.405845323770973e-248
18,324,1.0,3,naive_pauli,19,642,0,324,171358,0,171358,171358,171358,55177276,55519992,1e-05,1.0000000000000002e-06,1.9615503719497024e-25
18,324,1.0,3,1d,19,642,0,324,22612,22464,148,612432,1221028,2462256,7326288,0.001,0.0001,0.0
18,324,1.0,3,1d,19,642,0,324,22612,22464,148,612432,1221028,2462256,7326288,0.0001,1e-05,5.100242339306669e-38
18,324,1.0,3,1d,19,642,0,324,22612,22464,148,612432,1221028,2462256,7326288,1e-05,1.0000000000000002e-06,0.000186587949122
18,324,1.0,3,ancilla,19,642,18,342,13370,13222,148,253294,359188,3416494,4572540,0.001,0.0001,3.6050079711470225e-259
18,324,1.0,3,ancilla,19,642,18,342,13370,13222,148,253294,359188,3416494,4572540,0.0001,1e-05,1.4498136598513435e-26
18,324,1.0,3,ancilla,19,642,18,342,13370,13222,148,253294,359188,3416494,4572540,1e-05,1.0000000000000002e-06,0.0026072783666267
18,324,1.0,3,primitive,19,642,0,324,20818,20670,148,378238,484132,5373280,6745032,0.001,0.0001,0.0
18,324,1.0,3,primitive,19,642,0,324,20818,20670,148,378238,484132,5373280,6745032,0.0001,1e-05,1.7239940796030379e-40
18,324,1.0,3,primitive,19,642,0,324,20818,20670,148,378238,484132,5373280,6745032,1e-05,1.0000000000000002e-06,0.0001056180156174
18,324,1.0,3,pipelined,19,642,0,324,15574,15426,148,336894,442788,3756912,5045976,0.001,0.0001,2.7978006699226e-310
18,324,1.0,3,pipelined,19,642,0,324,15574,15426,148,336894,442788,3756912,5045976,0.0001,1e-05,1.1272098880999406e-31
18,324,1.0,3,pipelined,19,642,0,324,15574,15426,148,336894,442788,3756912,5045976,1e-05,1.0000000000000002e-06,0.0008040326152616
18,324,1.0,4,naive_pauli,16,588,0,324,152026,0,152026,152026,152026,48952372,49256424,0.001,0.0001,0.0
18,324,1.0,4,naive_pauli,16,588,0,324,152026,0,152026,152026,152026,48952372,49256424,0.0001,1e-05,6.291456772969474e-220
18,324,1.0,4,naive_pauli,16,588,0,324,152026,0,152026,152026,152026,48952372,49256424,1e-05,1.0000000000000002e-06,1.202265828614675e-22
18,324,1.0,4,1d,16,588,0,324,19904,19778,126,579738,1155954,2085384,6448896,0.001,0.0001,0.0
18,324,1.0,4,1d,16,588,0,324,19904,19778,126,579738,1155954,2085384,6448896,0.0001,1e-05,5.811479012593909e-35
18,324,1.0,4,1d,16,588,0,324,19904,19778,126,579738,1155954,2085384,6448896,1e-05,1.0000000000000002e-06,0.0003771777373267
18,324,1.0,4,ancilla,16,588,18,342,11270,11144,126,218632,312846,2868508,3854340,0.001,0.0001,2.617417201101703e-220
18,324,1.0,4,ancilla,16,588,18,342,11270,11144,126,218632,312846,2868508,3854340,0.0001,1e-05,1.1133298468714262e-22
18,324,1.0,4,ancilla,16,588,18,342,11270,11144,126,218632,312846,2868508,3854340,1e-05,1.0000000000000002e-06,0.0063783848881571
18,324,1.0,4,primitive,16,588,0,324,17542,17416,126,323848,418062,4516216,5683608,0.001,0.0001,0.0
18,324,1.0,4,primitive,16,588,0,324,17542,17416,126,323848,418062,4516216,5683608,0.0001,1e-05,2.0940248963327024e-34
18,324,1.0,4,primitive,16,588,0,324,17542,17416,126,323848,418062,4516216,5683608,1e-05,1.0000000000000002e-06,0.0004287166054278
18,324,1.0,4,pipelined,16,588,0,324,13126,13000,126,289032,383246,3155064,4252824,0.001,0.0001,2.413530635395208e-263
18,324,1.0,4,pipelined,16,588,0,324,13126,13000,126,289032,383246,3155064,4252824,0.0001,1e-05,5.553089837847129e-27
18,324,1.0,4,pipelined,16,588,0,324,13126,13000,126,289032,383246,3155064,4252824,1e-05,1.0000000000000002e-06,0.0023687330867745
18,324,1.0,5,naive_pauli,17,671,0,324,174478,0,174478,174478,174478,56181916,56530872,0.001,0.0001,0.0
18,324,1.0,5,naive_pauli,17,671,0,324,174478,0,174478,174478,174478,56181916,56530872,0.0001,1e-05,2.6665936579473e-252
18,324,1.0,5,naive_pauli,17,671,0,324,174478,0,174478,174478,174478,56181916,56530872,1e-05,1.0000000000000002e-06,6.96208919711279e-26
18,324,1.0,5,1d,17,671,0,324,20358,20222,136,659406,1314806,2001216,6595992,0.001,0.0001,0.0
18,324,1.0,5,1d,17,671,0,324,20358,20222,136,659406,1314806,2001216,6595992,0.0001,1e-05,4.6742850594523575e-38
18,324,1.0,5,1d,17,671,0,324,20358,20222,136,659406,1314806,2001216,6595992,1e-05,1.0000000000000002e-06,0.000184971283149
18,324,1.0,5,ancilla,17,671,18,342,12008,11872,136,236172,339886,3046152,4106736,0.001,0.0001,1.2055070840747262e-235
18,324,1.0,5,ancilla,17,671,18,342,12008,11872,136,236172,339886,3046152,4106736,0.0001,1e-05,3.2608535447541573e-24
18,324,1.0,5,ancilla,17,671,18,342,12008,11872,136,236172,339886,3046152,4106736,1e-05,1.0000000000000002e-06,0.004481106251799
18,324,1.0,5,primitive,17,671,0,324,18672,18536,136,347964,451678,4796520,6049728,0.001,0.0001,0.0
18,324,1.0,5,primitive,17,671,0,324,18672,18536,136,347964,451678,4796520,6049728,0.0001,1e-05,1.138240426423786e-36
18,324,1.0,5,primitive,17,671,0,324,18672,18536,136,347964,451678,4796520,6049728,1e-05,1.0000000000000002e-06,0.0002545076160961
18,324,1.0,5,pipelined,17,671,0,324,13980,13844,136,310972,414686,3350296,4529520,0.001,0.0001,2.3454301065238587e-281
18,324,1.0,5,pipelined,17,671,0,324,13980,13844,136,310972,414686,3350296,4529520,0.0001,1e-05,8.785346977123664e-29
18,324,1.0,5,pipelined,17,671,0,324,13980,13844,136,310972,414686,3350296,4529520,1e-05,1.0000000000000002e-06,0.0015647437225868
18,324,1.0,6,naive_pauli,20,669,0,324,177304,0,177304,177304,177304,57091888,57446496,0.001,0.0001,0.0
18,324,1.0,6,naive_pauli,20,669,0,324,177304,0,177304,177304,177304,57091888,57446496,0.0001,1e-05,2.245128182709223e-256
18,324,1.0,6,naive_pauli,20,669,0,324,177304,0,177304,177304,177304,57091888,57446496,1e-05,1.0000000000000002e-06,2.724396688778189e-26
18,324,1.0,6,1d,20,669,0,324,25418,25260,158,682374,1360756,2778564,8235432,0.001,0.0001,0.0
18,324,1.0,6,1d,20,669,0,324,25418,25260,158,682374,1360756,2778564,8235432,0.0001,1e-05,1.9777955765145856e-42
18,324,1.0,6,1d,20,669,0,324,25418,25260,158,682374,1360756,2778564,8235432,1e-05,1.0000000000000002e-06,6.757046975779762e-05
18,324,1.0,6,ancilla,20,669,18,342,14134,13976,158,269568,384024,3601116,4833828,0.001,0.0001,2.9324398109216336e-274
18,324,1.0,6,ancilla,20,669,18,342,14134,13976,158,269568,384024,3601116,4833828,0.0001,1e-05,4.494680638059976e-28
18,324,1.0,6,ancilla,20,669,18,342,14134,13976,158,269568,384024,3601116,4833828,1e-05,1.0000000000000002e-06,0.001842169586026
18,324,1.0,6,primitive,20,669,0,324,21974,21816,158,401088,515544,5660328,7119576,0.001,0.0001,0.0
18,324,1.0,6,primitive,20,669,0,324,21974,21816,158,401088,515544,5660328,7119576,0.0001,1e-05,9.942220708294906e-43
18,324,1.0,6,primitive,20,669,0,324,21974,21816,158,401088,515544,5660328,7119576,1e-05,1.0000000000000002e-06,6.307217295311359e-05
18,324,1.0,6,pipelined,20,669,0,324,16454,16296,158,357568,472024,3958888,5331096,0.001,0.0001,0.0
18,324,1.0,6,pipelined,20,669,0,324,16454,16296,158,357568,472024,3958888,5331096,0.0001,1e-05,1.8920145560445085e-33
18,324,1.0,6,pipelined,20,669,0,324,16454,16296,158,357568,472024,3958888,5331096,1e-05,1.0000000000000002e-06,0.0005342814178705
18,324,1.0,7,naive_pauli,17,647,0,324,167254,0,167254,167254,167254,53855788,54190296,0.001,0.0001,0.0
18,324,1.0,7,naive_pauli,17,647,0,324,167254,0,167254,167254,167254,53855788,54190296,0.0001,1e-05,6.950289920623933e-242
18,324,1.0,7,naive_pauli,17,647,0,324,167254,0,167254,167254,167254,53855788,54190296,1e-05,1.0000000000000002e-06,7.661930937831701e-25
18,324,1.0,7,1d,17,647,0,324,20562,20430,132,630092,1256306,2092244,6662088,0.001,0.0001,0.0
18,324,1.0,7,1d,17,647,0,324,20562,20430,132,630092,1256306,2092244,6662088,0.0001,1e-05,3.528077686686664e-37
18,324,1.0,7,1d,17,647,0,324,20562,20430,132,630092,1256306,2092244,6662088,1e-05,1.0000000000000002e-06,0.0002264024135887
18,324,1.0,7,ancilla,17,647,18,342,11978,11846,132,233212,334094,3046258,4096476,0.001,0.0001,2.3052650510826598e-234
18,324,1.0,7,ancilla,17,647,18,342,11978,11846,132,233212,334094,3046258,4096476,0.0001,1e-05,4.379540369185123e-24
18,324,1.0,7,ancilla,17,647,18,342,11978,11846,132,233212,334094,3046258,4096476,1e-05,1.0000000000000002e-06,0.0046152410345572
18,324,1.0,7,primitive,17,647,0,324,18642,18510,132,345004,445886,4796932,6040008,0.001,0.0001,0.0
18,324,1.0,7,primitive,17,647,0,324,18642,18510,132,345004,445886,4796932,6040008,0.0001,1e-05,1.5240608202959408e-36
18,324,1.0,7,primitive,17,647,0,324,18642,18510,132,345004,445886,4796932,6040008,1e-05,1.0000000000000002e-06,0.000262045698173
18,324,1.0,7,pipelined,17,647,0,324,13950,13818,132,308012,408894,3350708,4519800,0.001,0.0001,4.349942530576781e-280
18,324,1.0,7,pipelined,17,647,0,324,13950,13818,132,308012,408894,3350708,4519800,0.0001,1e-05,1.1763246858668902e-28
18,324,1.0,7,pipelined,17,647,0,324,13950,13818,132,308012,408894,3350708,4519800,1e-05,1.0000000000000002e-06,0.001611088766366
18,324,1.0,8,naive_pauli,16,621,0,324,155798,0,155798,155798,155798,50166956,50478552,0.001,0.0001,0.0
18,324,1.0,8,naive_pauli,16,621,0,324,155798,0,155798,155798,155798,50166956,50478552,0.0001,1e-05,2.2910231759070496e-225
18,324,1.0,8,naive_pauli,16,621,0,324,155798,0,155798,155798,155798,50166956,50478552,1e-05,1.0000000000000002e-06,3.436619428702538e-23
18,324,1.0,8,1d,16,621,0,324,19320,19192,128,611278,1218848,1928020,6259680,0.001,0.0001,0.0
18,324,1.0,8,1d,16,621,0,324,19320,19192,128,611278,1218848,1928020,6259680,0.0001,1e-05,1.1964098245123877e-35
18,324,1.0,8,1d,16,621,0,324,19320,19192,128,611278,1218848,1928020,6259680,1e-05,1.0000000000000002e-06,0.0003220410525541
18,324,1.0,8,ancilla,16,621,18,342,11270,11142,128,221112,317620,2863890,3854340,0.001,0.0001,3.474169256960706e-221
18,324,1.0,8,ancilla,16,621,18,342,11270,11142,128,221112,317620,2863890,3854340,0.0001,1e-05,9.098488581940108e-23
18,324,1.0,8,ancilla,16,621,18,342,11270,11142,128,221112,317620,2863890,3854340,1e-05,1.0000000000000002e-06,0.0062509458687029
18,324,1.0,8,primitive,16,621,0,324,17542,17414,128,326328,422836,4511580,5683608,0.001,0.0001,0.0
18,324,1.0,8,primitive,16,621,0,324,17542,17414,128,326328,422836,4511580,5683608,0.0001,1e-05,1.7116123700481927e-34
18,324,1.0,8,primitive,16,621,0,324,17542,17414,128,326328,422836,4511580,5683608,1e-05,1.0000000000000002e-06,0.0004201584850884
18,324,1.0,8,pipelined,16,621,0,324,13126,12998,128,291512,388020,3150428,4252824,0.001,0.0001,3.2093169188719776e-264
18,324,1.0,8,pipelined,16,621,0,324,13126,12998,128,291512,388020,3150428,4252824,0.0001,1e-05,4.538980064226481e-27
18,324,1.0,8,pipelined,16,621,0,324,13126,12998,128,291512,388020,3150428,4252824,1e-05,1.0000000000000002e-06,0.0023214479978559
18,324,1.0,9,naive_pauli,17,668,0,324,171942,0,171942,171942,171942,55365324,55709208,0.001,0.0001,0.0
18,324,1.0,9,naive_pauli,17,668,0,324,171942,0,171942,171942,171942,55365324,55709208,0.0001,1e-05,1.2092919379409748e-248
18,324,1.0,9,naive_pauli,17,668,0,324,171942,0,171942,171942,171942,55365324,55709208,1e-05,1.0000000000000002e-06,1.615827231897705e-25
18,324,1.0,9,1d,17,668,0,324,20360,20224,136,664280,1324570,1991792,6596640,0.001,0.0001,0.0
18,324,1.0,9,1d,17,668,0,324,20360,20224,136,664280,1324570,1991792,6596640,0.0001,1e-05,3.154696586160963e-38
18,324,1.0,9,1d,17,668,0,324,20360,20224,136,664280,1324570,1991792,6596640,1e-05,1.0000000000000002e-06,0.0001778400139005
18,324,1.0,9,ancilla,17,668,18,342,11960,11824,136,235696,338950,3038896,4090320,0.001,0.0001,4.009933815374675e-235
18,324,1.0,9,ancilla,17,668,18,342,11960,11824,136,235696,338950,3038896,4090320,0.0001,1e-05,3.6772004949744424e-24
18,324,1.0,9,ancilla,17,668,18,342,11960,11824,136,235696,338950,3038896,4090320,1e-05,1.0000000000000002e-06,0.0045352761491413
18,324,1.0,9,primitive,17,668,0,324,18624,18488,136,347488,450742,4789696,6034176,0.001,0.0001,0.0
18,324,1.0,9,primitive,17,668,0,324,18624,18488,136,347488,450742,4789696,6034176,0.0001,1e-05,1.2780382764399648e-36
18,324,1.0,9,primitive,17,668,0,324,18624,18488,136,347488,450742,4789696,6034176,1e-05,1.0000000000000002e-06,0.0002574729815236
18,324,1.0,9,pipelined,17,668,0,324,13932,13796,136,310496,413750,3343472,4513968,0.001,0.0001,7.471838453443355e-281
18,324,1.0,9,pipelined,17,668,0,324,13932,13796,136,310496,413750,3343472,4513968,0.0001,1e-05,9.864356815938471e-29
18,324,1.0,9,pipelined,17,668,0,324,13932,13796,136,310496,413750,3343472,4513968,1e-05,1.0000000000000002e-06,0.0015829751492489
20,400,1.0,0,naive_pauli,18,836,0,400,273484,0,273484,273484,273484,108846632,109393600,0.001,0.0001,0.0
20,400,1.0,0,naive_pauli,18,836,0,400,273484,0,273484,273484,273484,108846632,109393600,0.0001,1e-05,0.0
20,400,1.0,0,naive_pauli,18,836,0,400,273484,0,273484,273484,273484,108846632,109393600,1e-05,1.0000000000000002e-06,3.473384420503556e-49
20,400,1.0,0,1d,18,836,0,400,26900,26758,142,983726,1962456,3440948,10760000,0.001,0.0001,0.0
20,400,1.0,0,1d,18,836,0,400,26900,26758,142,983726,1962456,3440948,10760000,0.0001,1e-05,2.1441954219273906e-58
20,400,1.0,0,1d,18,836,0,400,26900,26758,142,983726,1962456,3440948,10760000,1e-05,1.0000000000000002e-06,1.711297151040006e-06
20,400,1.0,0,ancilla,18,836,20,420,14128,13986,142,320938,468472,4441384,5933760,0.001,0.0001,0.0
20,400,1.0,0,ancilla,18,836,20,420,14128,13986,142,320938,468472,4441384,5933760,0.0001,1e-05,5.920531908896126e-34
20,400,1.0,0,ancilla,18,836,20,420,14128,13986,142,320938,468472,4441384,5933760,1e-05,1.0000000000000002e-06,0.0004756718806402
20,400,1.0,0,primitive,18,836,0,400,21904,21762,142,469690,617224,7012220,8761600,0.001,0.0001,0.0
20,400,1.0,0,primitive,18,836,0,400,21904,21762,142,469690,617224,7012220,8761600,0.0001,1e-05,1.4020571109262058e-51
20,400,1.0,0,primitive,18,836,0,400,21904,21762,142,469690,617224,7012220,8761600,1e-05,1.0000000000000002e-06,8.218301577813257e-06
20,400,1.0,0,pipelined,18,836,0,400,16360,16218,142,420442,567976,4893116,6544000,0.001,0.0001,0.0
20,400,1.0,0,pipelined,18,836,0,400,16360,16218,142,420442,567976,4893116,6544000,0.0001,1e-05,3.082363621946992e-40
20,400,1.0,0,pipelined,18,836,0,400,16360,16218,142,420442,567976,4893116,6544000,1e-05,1.0000000000000002e-06,0.0001119386651883
20,400,1.0,1,naive_pauli,17,786,0,400,258180,0,258180,258180,258180,102755640,103272000,0.001,0.0001,0.0
20,400,1.0,1,naive_pauli,17,786,0,400,258180,0,258180,258180,258180,102755640,103272000,0.0001,1e-05,0.0
20,400,1.0,1,naive_pauli,17,786,0,400,258180,0,258180,258180,258180,102755640,103272000,1e-05,1.0000000000000002e-06,1.7885584994396808e-46
20,400,1.0,1,1d,17,786,0,400,25074,24940,134,940448,1876194,3160704,10029600,0.001,0.0001,0.0
20,400,1.0,1,1d,17,786,0,400,25074,24940,134,940448,1876194,3160704,10029600,0.0001,1e-05,2.6790962702672297e-55
20,400,1.0,1,1d,17,786,0,400,25074,24940,134,940448,1876194,3160704,10029600,1e-05,1.0000000000000002e-06,3.491313250056321e-06
20,400,1.0,1,ancilla,17,786,20,420,13324,13190,134,302094,440434,4192632,5596080,0.001,0.0001,4.40353166e-314
20,400,1.0,1,ancilla,17,786,20,420,13324,13190,134,302094,440434,4192632,5596080,0.0001,1e-05,4.6892974429868056e-32
20,400,1.0,1,ancilla,17,786,20,420,13324,13190,134,302094,440434,4192632,5596080,1e-05,1.0000000000000002e-06,0.0007365089270503
20,400,1.0,1,primitive,17,786,0,400,20668,20534,134,442582,580922,6620836,8267200,0.001,0.0001,0.0
20,400,1.0,1,primitive,17,786,0,400,20668,20534,134,442582,580922,6620836,8267200,0.0001,1e-05,1.0565198670365043e-48
20,400,1.0,1,primitive,17,786,0,400,20668,20534,134,442582,580922,6620836,8267200,1e-05,1.0000000000000002e-06,1.5939959269593786e-05
20,400,1.0,1,pipelined,17,786,0,400,15432,15298,134,396070,534410,4619460,6172800,0.001,0.0001,0.0
20,400,1.0,1,pipelined,17,786,0,400,15432,15298,134,396070,534410,4619460,6172800,0.0001,1e-05,5.443499134898191e-38
20,400,1.0,1,pipelined,17,786,0,400,15432,15298,134,396070,534410,4619460,6172800,1e-05,1.0000000000000002e-06,0.0001877907750608
20,400,1.0,2,naive_pauli,17,804,0,400,260010,0,260010,260010,260010,103483980,104004000,0.001,0.0001,0.0
20,400,1.0,2,naive_pauli,17,804,0,400,260010,0,260010,260010,260010,103483980,104004000,0.0001,1e-05,0.0
20,400,1.0,2,naive_pauli,17,804,0,400,260010,0,260010,260010,260010,103483980,104004000,1e-05,1.0000000000000002e-06,8.476983143661567e-47
20,400,1.0,2,1d,17,804,0,400,25506,25370,136,970052,1935286,3188296,10202400,0.001,0.0001,0.0
20,400,1.0,2,1d,17,804,0,400,25506,25370,136,970052,1935286,3188296,10202400,0.0001,1e-05,1.052949431345031e-56
20,400,1.0,2,1d,17,804,0,400,25506,25370,136,970052,1935286,3188296,10202400,1e-05,1.0000000000000002e-06,2.526018785719733e-06
20,400,1.0,2,ancilla,17,804,20,420,13378,13242,136,303796,443722,4200988,5618760,0.001,0.0001,3.47814328e-315
20,400,1.0,2,ancilla,17,804,20,420,13378,13242,136,303796,443722,4200988,5618760,0.0001,1e-05,3.638290192404274e-32
20,400,1.0,2,ancilla,17,804,20,420,13378,13242,136,303796,443722,4200988,5618760,1e-05,1.0000000000000002e-06,0.0007180543535173
20,400,1.0,2,primitive,17,804,0,400,20722,20586,136,444284,584210,6628632,8288800,0.001,0.0001,0.0
20,400,1.0,2,primitive,17,804,0,400,20722,20586,136,444284,584210,6628632,8288800,0.0001,1e-05,8.243265426964078e-49
20,400,1.0,2,primitive,17,804,0,400,20722,20586,136,444284,584210,6628632,8288800,1e-05,1.0000000000000002e-06,1.5549259689934338e-05
20,400,1.0,2,pipelined,17,804,0,400,15486,15350,136,397772,537698,4627256,6194400,0.001,0.0001,0.0
20,400,1.0,2,pipelined,17,804,0,400,15486,15350,136,397772,537698,4627256,6194400,0.0001,1e-05,4.247171266762817e-38
20,400,1.0,2,pipelined,17,804,0,400,15486,15350,136,397772,537698,4627256,6194400,1e-05,1.0000000000000002e-06,0.000183187891475
20,400,1.0,3,naive_pauli,17,793,0,400,259456,0,259456,259456,259456,103263488,103782400,0.001,0.0001,0.0
20,400,1.0,3,naive_pauli,17,793,0,400,259456,0,259456,259456,259456,103263488,103782400,0.0001,1e-05,0.0
20,400,1.0,3,naive_pauli,17,793,0,400,259456,0,259456,259456,259456,103263488,103782400,1e-05,1.0000000000000002e-06,1.0626881304586978e-46
20,400,1.0,3,1d,17,793,0,400,26180,26046,134,910608,1816470,3441584,10472000,0.001,0.0001,0.0
20,400,1.0,3,1d,17,793,0,400,26180,26046,134,910608,1816470,3441584,10472000,0.0001,1e-05,3.19253314473465e-55
20,400,1.0,3,1d,17,793,0,400,26180,26046,134,910608,1816470,3441584,10472000,1e-05,1.0000000000000002e-06,3.553024833322573e-06
20,400,1.0,3,ancilla,17,793,20,420,13372,13238,134,302808,441818,4201284,5616240,0.001,0.0001,9.07380291e-315
20,400,1.0,3,ancilla,17,793,20,420,13372,13238,134,302808,441818,4201284,5616240,0.0001,1e-05,4.0042599000948044e-32
20,400,1.0,3,ancilla,17,793,20,420,13372,13238,134,302808,441818,4201284,5616240,1e-05,1.0000000000000002e-06,0.0007249693054969
20,400,1.0,3,primitive,17,793,0,400,20716,20582,134,443296,582306,6629008,8286400,0.001,0.0001,0.0
20,400,1.0,3,primitive,17,793,0,400,20716,20582,134,443296,582306,6629008,8286400,0.0001,1e-05,9.065187034833963e-49
20,400,1.0,3,primitive,17,793,0,400,20716,20582,134,443296,582306,6629008,8286400,1e-05,1.0000000000000002e-06,1.569774510791722e-05
20,400,1.0,3,pipelined,17,793,0,400,15480,15346,134,396784,535794,4627632,6192000,0.001,0.0001,0.0
20,400,1.0,3,pipelined,17,793,0,400,15480,15346,134,396784,535794,4627632,6192000,0.0001,1e-05,4.670649300729523e-38
20,400,1.0,3,pipelined,17,793,0,400,15480,15346,134,396784,535794,4627632,6192000,1e-05,1.0000000000000002e-06,0.0001849372178852
20,400,1.0,4,naive_pauli,19,857,0,400,276818,0,276818,276818,276818,110173564,110727200,0.001,0.0001,0.0
20,400,1.0,4,naive_pauli,19,857,0,400,276818,0,276818,276818,276818,110173564,110727200,0.0001,1e-05,0.0
20,400,1.0,4,naive_pauli,19,857,0,400,276818,0,276818,276818,276818,110173564,110727200,1e-05,1.0000000000000002e-06,8.912383541081969e-50
20,400,1.0,4,1d,19,857,0,400,29012,28864,148,1036294,2067466,3759412,11604800,0.001,0.0001,0.0
20,400,1.0,4,1d,19,857,0,400,29012,28864,148,1036294,2067466,3759412,11604800,0.0001,1e-05,4.624581953760249e-62
20,400,1.0,4,1d,19,857,0,400,29012,28864,148,1036294,2067466,3759412,11604800,1e-05,1.0000000000000002e-06,7.3572774759189e-07
20,400,1.0,4,ancilla,19,857,20,420,14920,14772,148,337288,491690,4692184,6266400,0.001,0.0001,0.0
20,400,1.0,4,ancilla,19,857,20,420,14920,14772,148,337288,491690,4692184,6266400,0.0001,1e-05,9.398049660295109e-36
20,400,1.0,4,ancilla,19,857,20,420,14920,14772,148,337288,491690,4692184,6266400,1e-05,1.0000000000000002e-06,0.0003143249574905
20,400,1.0,4,primitive,19,857,0,400,23128,22980,148,494304,648706,7405792,9251200,0.001,0.0001,0.0
20,400,1.0,4,primitive,19,857,0,400,23128,22980,148,494304,648706,7405792,9251200,0.0001,1e-05,2.3359836018187702e-54
20,400,1.0,4,primitive,19,857,0,400,23128,22980,148,494304,648706,7405792,9251200,1e-05,1.0000000000000002e-06,4.334690185491892e-06
20,400,1.0,4,pipelined,19,857,0,400,17276,17128,148,442320,596722,5168960,6910400,0.001,0.0001,0.0
20,400,1.0,4,pipelined,19,857,0,400,17276,17128,148,442320,596722,5168960,6910400,0.0001,1e-05,2.191319138452404e-42
20,400,1.0,4,pipelined,19,857,0,400,17276,17128,148,442320,596722,5168960,6910400,1e-05,1.0000000000000002e-06,6.826013063120116e-05
20,400,1.0,5,naive_pauli,20,787,0,400,252956,0,252956,252956,252956,100676488,101182400,0.001,0.0001,0.0
20,400,1.0,5,naive_pauli,20,787,0,400,252956,0,252956,252956,252956,100676488,101182400,0.0001,1e-05,0.0
20,400,1.0,5,naive_pauli,20,787,0,400,252956,0,252956,252956,252956,100676488,101182400,1e-05,1.0000000000000002e-06,1.5071466021260815e-45
20,400,1.0,5,1d,20,787,0,400,27968,27816,152,939046,1873392,3745908,11187200,0.001,0.0001,0.0
20,400,1.0,5,1d,20,787,0,400,27968,27816,152,939046,1873392,3745908,11187200,0.0001,1e-05,8.85845662968442e-58
20,400,1.0,5,1d,20,787,0,400,27968,27816,152,939046,1873392,3745908,11187200,1e-05,1.0000000000000002e-06,1.9720896810081102e-06
20,400,1.0,5,ancilla,20,787,20,420,15576,15424,152,342142,492464,4936996,6541920,0.001,0.0001,0.0
20,400,1.0,5,ancilla,20,787,20,420,15576,15424,152,342142,492464,4936996,6541920,0.0001,1e-05,5.000464286917297e-37
20,400,1.0,5,ancilla,20,787,20,420,15576,15424,152,342142,492464,4936996,6541920,1e-05,1.0000000000000002e-06,0.0002344107649315
20,400,1.0,5,primitive,20,787,0,400,24216,24064,152,507422,657744,7794756,9686400,0.001,0.0001,0.0
20,400,1.0,5,primitive,20,787,0,400,24216,24064,152,507422,657744,7794756,9686400,0.0001,1e-05,1.286696638200146e-56
20,400,1.0,5,primitive,20,787,0,400,24216,24064,152,507422,657744,7794756,9686400,1e-05,1.0000000000000002e-06,2.5766891228841516e-06
20,400,1.0,5,pipelined,20,787,0,400,18056,17904,152,452702,603024,5440196,7222400,0.001,0.0001,0.0
20,400,1.0,5,pipelined,20,787,0,400,18056,17904,152,452702,603024,5440196,7222400,0.0001,1e-05,5.150266286550224e-44
20,400,1.0,5,pipelined,20,787,0,400,18056,17904,152,452702,603024,5440196,7222400,1e-05,1.0000000000000002e-06,4.6911798101204006e-05
20,400,1.0,6,naive_pauli,18,823,0,400,264142,0,264142,264142,264142,105128516,105656800,0.001,0.0001,0.0
20,400,1.0,6,naive_pauli,18,823,0,400,264142,0,264142,264142,264142,105128516,105656800,0.0001,1e-05,0.0
20,400,1.0,6,naive_pauli,18,823,0,400,264142,0,264142,264142,264142,105128516,105656800,1e-05,1.0000000000000002e-06,1.570662643482751e-47
20,400,1.0,6,1d,18,823,0,400,28476,28332,144,1013802,2022712,3696396,11390400,0.001,0.0001,0.0
20,400,1.0,6,1d,18,823,0,400,28476,28332,144,1013802,2022712,3696396,11390400,0.0001,1e-05,8.234037715733811e-61
20,400,1.0,6,1d,18,823,0,400,28476,28332,144,1013802,2022712,3696396,11390400,1e-05,1.0000000000000002e-06,9.81220591546562e-07
20,400,1.0,6,ancilla,18,823,20,420,14158,14014,144,321606,469912,4446768,5946360,0.001,0.0001,0.0
20,400,1.0,6,ancilla,18,823,20,420,14158,14014,144,321606,469912,4446768,5946360,0.0001,1e-05,5.247662214268879e-34
20,400,1.0,6,ancilla,18,823,20,420,14158,14014,144,321606,469912,4446768,5946360,1e-05,1.0000000000000002e-06,0.0004699678339972
20,400,1.0,6,primitive,18,823,0,400,21934,21790,144,470358,618664,7017284,8773600,0.001,0.0001,0.0
20,400,1.0,6,primitive,18,823,0,400,21934,21790,144,470358,618664,7017284,8773600,0.0001,1e-05,1.2466960969813792e-51
20,400,1.0,6,primitive,18,823,0,400,21934,21790,144,470358,618664,7017284,8773600,1e-05,1.0000000000000002e-06,8.122350080515666e-06
20,400,1.0,6,pipelined,18,823,0,400,16390,16246,144,421110,569416,4898180,6556000,0.001,0.0001,0.0
20,400,1.0,6,pipelined,18,823,0,400,16390,16246,144,421110,569416,4898180,6556000,0.0001,1e-05,2.7408089634951827e-40
20,400,1.0,6,pipelined,18,823,0,400,16390,16246,144,421110,569416,4898180,6556000,1e-05,1.0000000000000002e-06,0.0001106317427751
20,400,1.0,7,naive_pauli,17,799,0,400,253018,0,253018,253018,253018,100701164,101207200,0.001,0.0001,0.0
20,400,1.0,7,naive_pauli,17,799,0,400,253018,0,253018,253018,253018,100701164,101207200,0.0001,1e-05,0.0
20,400,1.0,7,naive_pauli,17,799,0,400,253018,0,253018,253018,253018,100701164,101207200,1e-05,1.0000000000000002e-06,1.4694999608688276e-45
20,400,1.0,7,1d,17,799,0,400,25444,25312,132,954932,1905090,3205336,10177600,0.001,0.0001,0.0
20,400,1.0,7,1d,17,799,0,400,25444,25312,132,954932,1905090,3205336,10177600,0.0001,1e-05,4.0279999466839522e-56
20,400,1.0,7,1d,17,799,0,400,25444,25312,132,954932,1905090,3205336,10177600,1e-05,1.0000000000000002e-06,2.888696055182331e-06
20,400,1.0,7,ancilla,17,799,20,420,13356,13224,132,304270,444714,4194580,5609520,0.001,0.0001,4.10864584e-315
20,400,1.0,7,ancilla,17,799,20,420,13356,13224,132,304270,444714,4194580,5609520,0.0001,1e-05,3.699478242531649e-32
20,400,1.0,7,ancilla,17,799,20,420,13356,13224,132,304270,444714,4194580,5609520,1e-05,1.0000000000000002e-06,0.0007192530528868
20,400,1.0,7,primitive,17,799,0,400,20700,20568,132,444758,585202,6622484,8280000,0.001,0.0001,0.0
20,400,1.0,7,primitive,17,799,0,400,20700,20568,132,444758,585202,6622484,8280000,0.0001,1e-05,8.360134306540603e-49
20,400,1.0,7,primitive,17,799,0,400,20700,20568,132,444758,585202,6622484,8280000,1e-05,1.0000000000000002e-06,1.5571168146567634e-05
20,400,1.0,7,pipelined,17,799,0,400,15464,15332,132,398246,538690,4621108,6185600,0.001,0.0001,0.0
20,400,1.0,7,pipelined,17,799,0,400,15464,15332,132,398246,538690,4621108,6185600,0.0001,1e-05,4.307385529146332e-38
20,400,1.0,7,pipelined,17,799,0,400,15464,15332,132,398246,538690,4621108,6185600,1e-05,1.0000000000000002e-06,0.0001834459979094
20,400,1.0,8,naive_pauli,17,769,0,400,238446,0,238446,238446,238446,94901508,95378400,0.001,0.0001,0.0
20,400,1.0,8,naive_pauli,17,769,0,400,238446,0,238446,238446,238446,94901508,95378400,0.0001,1e-05,0.0
20,400,1.0,8,naive_pauli,17,769,0,400,238446,0,238446,238446,238446,94901508,95378400,1e-05,1.0000000000000002e-06,5.6132598143864655e-43
20,400,1.0,8,1d,17,769,0,400,24948,24814,134,930640,1856682,3155120,9979200,0.001,0.0001,0.0
20,400,1.0,8,1d,17,769,0,400,24948,24814,134,930640,1856682,3155120,9979200,0.0001,1e-05,7.554692153721887e-55
20,400,1.0,8,1d,17,769,0,400,24948,24814,134,930640,1856682,3155120,9979200,1e-05,1.0000000000000002e-06,3.872663247654985e-06
20,400,1.0,8,ancilla,17,769,20,420,13334,13200,134,301826,440002,4195268,5600280,0.001,0.0001,4.423484693e-314
20,400,1.0,8,ancilla,17,769,20,420,13334,13200,134,301826,440002,4195268,5600280,0.0001,1e-05,4.6913668563738605e-32
20,400,1.0,8,ancilla,17,769,20,420,13334,13200,134,301826,440002,4195268,5600280,1e-05,1.0000000000000002e-06,0.0007365413430549
20,400,1.0,8,primitive,17,769,0,400,20678,20544,134,442314,580490,6623372,8271200,0.001,0.0001,0.0
20,400,1.0,8,primitive,17,769,0,400,20678,20544,134,442314,580490,6623372,8271200,0.0001,1e-05,1.0580436352823259e-48
20,400,1.0,8,primitive,17,769,0,400,20678,20544,134,442314,580490,6623372,8271200,1e-05,1.0000000000000002e-06,1.594225498241353e-05
20,400,1.0,8,pipelined,17,769,0,400,15442,15308,134,395802,533978,4621996,6176800,0.001,0.0001,0.0
20,400,1.0,8,pipelined,17,769,0,400,15442,15308,134,395802,533978,4621996,6176800,0.0001,1e-05,5.451350034239235e-38
20,400,1.0,8,pipelined,17,769,0,400,15442,15308,134,395802,533978,4621996,6176800,1e-05,1.0000000000000002e-06,0.0001878178211581
20,400,1.0,9,naive_pauli,17,820,0,400,261386,0,261386,261386,261386,104031628,104554400,0.001,0.0001,0.0
20,400,1.0,9,naive_pauli,17,820,0,400,261386,0,261386,261386,261386,104031628,104554400,0.0001,1e-05,0.0
20,400,1.0,9,naive_pauli,17,820,0,400,261386,0,261386,261386,261386,104031628,104554400,1e-05,1.0000000000000002e-06,4.835315027915962e-47
20,400,1.0,9,1d,17,820,0,400,24782,24648,134,1001836,1998778,2979528,9912800,0.001,0.0001,0.0
20,400,1.0,9,1d,17,820,0,400,24782,24648,134,1001836,1998778,2979528,9912800,0.0001,1e-05,3.5371163664564824e-57
20,400,1.0,9,1d,17,820,0,400,24782,24648,134,1001836,1998778,2979528,9912800,1e-05,1.0000000000000002e-06,2.2649914317256263e-06
20,400,1.0,9,ancilla,17,820,20,420,13310,13176,134,307326,450706,4179228,5590200,0.001,0.0001,8.96588067e-316
20,400,1.0,9,ancilla,17,820,20,420,13310,13176,134,307326,450706,4179228,5590200,0.0001,1e-05,3.177508123857286e-32
20,400,1.0,9,ancilla,17,820,20,420,13310,13176,134,307326,450706,4179228,5590200,1e-05,1.0000000000000002e-06,0.000708397305203
20,400,1.0,9,primitive,17,820,0,400,20654,20520,134,447814,591194,6607572,8261600,0.001,0.0001,0.0
20,400,1.0,9,primitive,17,820,0,400,20654,20520,134,447814,591194,6607572,8261600,0.0001,1e-05,7.149053404259649e-49
20,400,1.0,9,primitive,17,820,0,400,20654,20520,134,447814,591194,6607572,8261600,1e-05,1.0000000000000002e-06,1.5329404751848745e-05
20,400,1.0,9,pipelined,17,820,0,400,15418,15284,134,401302,544682,4606196,6167200,0.001,0.0001,0.0
20,400,1.0,9,pipelined,17,820,0,400,15418,15284,134,401302,544682,4606196,6167200,0.0001,1e-05,3.683401253076841e-38
20,400,1.0,9,pipelined,17,820,0,400,15418,15284,134,401302,544682,4606196,6167200,1e-05,1.0000000000000002e-06,0.0001805977512792
4,16,0.5,0,pipelined,11,23,0,16,0,0,0,0,0,0,0,1e-05,1e-06,0.0
4,16,0.5,1,pipelined,8,19,0,16,0,0,0,0,0,0,0,1e-05,1e-06,0.0
4,16,0.5,2,pipelined,7,15,0,16,0,0,0,0,0,0,0,1e-05,1e-06,0.0
4,16,0.5,3,pipelined,10,20,0,16,0,0,0,0,0,0,0,1e-05,1e-06,0.0
4,16,0.5,4,pipelined,6,11,0,16,0,0,0,0,0,0,0,1e-05,1e-06,0.0
4,16,0.5,5,pipelined,8,22,0,16,0,0,0,0,0,0,0,1e-05,1e-06,0.0
4,16,0.5,6,pipelined,9,18,0,16,0,0,0,0,0,0,0,1e-05,1e-06,0.0
4,16,0.5,7,pipelined,8,15,0,16,0,0,0,0,0,0,0,1e-05,1e-06,0.0
4,16,0.5,8,pipelined,9,17,0,16,0,0,0,0,0,0,0,1e-05,1e-06,0.0
4,16,0.5,9,pipelined,7,13,0,16,0,0,0,0,0,0,0,1e-05,1e-06,0.0
4,16,2.0,0,pipelined,24,63,0,16,0,0,0,0,0,0,0,1e-05,1e-06,0.0
4,16,2.0,1,pipelined,23,57,0,16,0,0,0,0,0,0,0,1e-05,1e-06,0.0
4,16,2.0,2,pipelined,23,65,0,16,0,0,0,0,0,0,0,1e-05,1e-06,0.0
4,16,2.0,3,pipelined,25,71,0,16,0,0,0,0,0,0,0,1e-05,1e-06,0.0
4,16,2.0,4,pipelined,21,50,0,16,0,0,0,0,0,0,0,1e-05,1e-06,0.0
4,16,2.0,5,pipelined,26,73,0,16,0,0,0,0,0,0,0,1e-05,1e-06,0.0
4,16,2.0,6,pipelined,31,81,0,16,0,0,0,0,0,0,0,1e-05,1e-06,0.0
4,16,2.0,7,pipelined,22,51,0,16,0,0,0,0,0,0,0,1e-05,1e-06,0.0
4,16,2.0,8,pipelined,23,62,0,16,0,0,0,0,0,0,0,1e-05,1e-06,0.0
4,16,2.0,9,pipelined,19,44,0,16,0,0,0,0,0,0,0,1e-05,1e-06,0.0
4,16,3.0,0,pipelined,35,101,0,16,0,0,0,0,0,0,0,1e-05,1e-06,0.0
4,16,3.0,1,pipelined,34,94,0,16,0,0,0,0,0,0,0,1e-05,1e-06,0.0
4,16,3.0,2,pipelined,34,95,0,16,0,0,0,0,0,0,0,1e-05,1e-06,0.0
4,16,3.0,3,pipelined,37,109,0,16,0,0,0,0,0,0,0,1e-05,1e-06,0.0
4,16,3.0,4,pipelined,29,82,0,16,0,0,0,0,0,0,0,1e-05,1e-06,0.0
4,16,3.0,5,pipelined,35,105,0,16,0,0,0,0,0,0,0,1e-05,1e-06,0.0
4,16,3.0,6,pipelined,39,114,0,16,0,0,0,0,0,0,0,1e-05,1e-06,0.0
4,16,3.0,7,pipelined,32,81,0,16,0,0,0,0,0,0,0,1e-05,1e-06,0.0
4,16,3.0,8,pipelined,35,98,0,16,0,0,0,0,0,0,0,1e-05,1e-06,0.0
4,16,3.0,9,pipelined,25,68,0,16,0,0,0,0,0,0,0,1e-05,1e-06,0.0
6,36,0.5,0,pipelined,10,40,0,36,0,0,0,0,0,0,0,1e-05,1e-06,0.0
6,36,0.5,1,pipelined,10,37,0,36,0,0,0,0,0,0,0,1e-05,1e-06,0.0
6,36,0.5,2,pipelined,8,32,0,36,0,0,0,0,0,0,0,1e-05,1e-06,0.0
6,36,0.5,3,pipelined,10,35,0,36,0,0,0,0,0,0,0,1e-05,1e-06,0.0
6,36,0.5,4,pipelined,8,39,0,36,0,0,0,0,0,0,0,1e-05,1e-06,0.0
6,36,0.5,5,pipelined,8,34,0,36,0,0,0,0,0,0,0,1e-05,1e-06,0.0
6,36,0.5,6,pipelined,9,40,0,36,0,0,0,0,0,0,0,1e-05,1e-06,0.0
6,36,0.5,7,pipelined,9,35,0,36,0,0,0,0,0,0,0,1e-05,1e-06,0.0
6,36,0.5,8,pipelined,8,31,0,36,0,0,0,0,0,0,0,1e-05,1e-06,0.0
6,36,0.5,9,pipelined,6,24,0,36,0,0,0,0,0,0,0,1e-05,1e-06,0.0
6,36,2.0,0,pipelined,28,158,0,36,0,0,0,0,0,0,0,1e-05,1e-06,0.0
6,36,2.0,1,pipelined,28,153,0,36,0,0,0,0,0,0,0,1e-05,1e-06,0.0
6,36,2.0,2,pipelined,24,126,0,36,0,0,0,0,0,0,0,1e-05,1e-06,0.0
6,36,2.0,3,pipelined,29,150,0,36,0,0,0,0,0,0,0,1e-05,1e-06,0.0
6,36,2.0,4,pipelined,25,141,0,36,0,0,0,0,0,0,0,1e-05,1e-06,0.0
6,36,2.0,5,pipelined,25,137,0,36,0,0,0,0,0,0,0,1e-05,1e-06,0.0
6,36,2.0,6,pipelined,29,167,0,36,0,0,0,0,0,0,0,1e-05,1e-06,0.0
6,36,2.0,7,pipelined,24,141,0,36,0,0,0,0,0,0,0,1e-05,1e-06,0.0
6,36,2.0,8,pipelined,27,145,0,36,0,0,0,0,0,0,0,1e-05,1e-06,0.0
6,36,2.0,9,pipelined,22,131,0,36,0,0,0,0,0,0,0,1e-05,1e-06,0.0
6,36,3.0,0,pipelined,39,231,0,36,0,0,0,0,0,0,0,1e-05,1e-06,0.0
6,36,3.0,1,pipelined,36,214,0,36,0,0,0,0,0,0,0,1e-05,1e-06,0.0
6,36,3.0,2,pipelined,33,193,0,36,0,0,0,0,0,0,0,1e-05,1e-06,0.0
6,36,3.0,3,pipelined,38,220,0,36,0,0,0,0,0,0,0,1e-05,1e-06,0.0
6,36,3.0,4,pipelined,33,206,0,36,0,0,0,0,0,0,0,1e-05,1e-06,0.0
6,36,3.0,5,pipelined,34,199,0,36,0,0,0,0,0,0,0,1e-05,1e-06,0.0
6,36,3.0,6,pipelined,40,244,0,36,0,0,0,0,0,0,0,1e-05,1e-06,0.0
6,36,3.0,7,pipelined,36,212,0,36,0,0,0,0,0,0,0,1e-05,1e-06,0.0
6,36,3.0,8,pipelined,35,215,0,36,0,0,0,0,0,0,0,1e-05,1e-06,0.0
6,36,3.0,9,pipelined,36,212,0,36,0,0,0,0,0,0,0,1e-05,1e-06,0.0
8,64,0.5,0,pipelined,10,62,0,64,0,0,0,0,0,0,0,1e-05,1e-06,0.0
8,64,0.5,1,pipelined,8,56,0,64,0,0,0,0,0,0,0,1e-05,1e-06,0.0
8,64,0.5,2,pipelined,10,67,0,64,0,0,0,0,0,0,0,1e-05,1e-06,0.0
8,64,0.5,3,pipelined,8,63,0,64,0,0,0,0,0,0,0,1e-05,1e-06,0.0
8,64,0.5,4,pipelined,11,80,0,64,0,0,0,0,0,0,0,1e-05,1e-06,0.0
8,64,0.5,5,pipelined,9,54,0,64,0,0,0,0,0,0,0,1e-05,1e-06,0.0
8,64,0.5,6,pipelined,8,56,0,64,0,0,0,0,0,0,0,1e-05,1e-06,0.0
8,64,0.5,7,pipelined,11,72,0,64,0,0,0,0,0,0,0,1e-05,1e-06,0.0
8,64,0.5,8,pipelined,9,60,0,64,0,0,0,0,0,0,0,1e-05,1e-06,0.0
8,64,0.5,9,pipelined,8,45,0,64,0,0,0,0,0,0,0,1e-05,1e-06,0.0
8,64,2.0,0,pipelined,28,278,0,64,0,0,0,0,0,0,0,1e-05,1e-06,0.0
8,64,2.0,1,pipelined,26,251,0,64,0,0,0,0,0,0,0,1e-05,1e-06,0.0
8,64,2.0,2,pipelined,27,259,0,64,0,0,0,0,0,0,0,1e-05,1e-06,0.0
8,64,2.0,3,pipelined,27,253,0,64,0,0,0,0,0,0,0,1e-05,1e-06,0.0
8,64,2.0,4,pipelined,23,220,0,64,0,0,0,0,0,0,0,1e-05,1e-06,0.0
8,64,2.0,5,pipelined,27,271,0,64,0,0,0,0,0,0,0,1e-05,1e-06,0.0
8,64,2.0,6,pipelined,28,271,0,64,0,0,0,0,0,0,0,1e-05,1e-06,0.0
8,64,2.0,7,pipelined,33,258,0,64,0,0,0,0,0,0,0,1e-05,1e-06,0.0
8,64,2.0,8,pipelined,25,241,0,64,0,0,0,0,0,0,0,1e-05,1e-06,0.0
8,64,2.0,9,pipelined,29,274,0,64,0,0,0,0,0,0,0,1e-05,1e-06,0.0
8,64,3.0,0,pipelined,40,410,0,64,0,0,0,0,0,0,0,1e-05,1e-06,0.0
8,64,3.0,1,pipelined,36,376,0,64,0,0,0,0,0,0,0,1e-05,1e-06,0.0
8,64,3.0,2,pipelined,39,387,0,64,0,0,0,0,0,0,0,1e-05,1e-06,0.0
8,64,3.0,3,pipelined,37,380,0,64,0,0,0,0,0,0,0,1e-05,1e-06,0.0
8,64,3.0,4,pipelined,34,339,0,64,0,0,0,0,0,0,0,1e-05,1e-06,0.0
8,64,3.0,5,pipelined,41,402,0,64,0,0,0,0,0,0,0,1e-05,1e-06,0.0
8,64,3.0,6,pipelined,38,401,0,64,0,0,0,0,0,0,0,1e-05,1e-06,0.0
8,64,3.0,7,pipelined,42,385,0,64,0,0,0,0,0,0,0,1e-05,1e-06,0.0
8,64,3.0,8,pipelined,37,364,0,64,0,0,0,0,0,0,0,1e-05,1e-06,0.0
8,64,3.0,9,pipelined,40,403,0,64,0,0,0,0,0,0,0,1e-05,1e-06,0.0
10,100,0.5,0,pipelined,12,92,0,100,0,0,0,0,0,0,0,1e-05,1e-06,0.0
10,100,0.5,1,pipelined,9,100,0,100,0,0,0,0,0,0,0,1e-05,1e-06,0.0
10,100,0.5,2,pipelined,10,103,0,100,0,0,0,0,0,0,0,1e-05,1e-06,0.0
10,100,0.5,3,pipelined,9,99,0,100,0,0,0,0,0,0,0,1e-05,1e-06,0.0
10,100,0.5,4,pipelined,11,122,0,100,0,0,0,0,0,0,0,1e-05,1e-06,0.0
10,100,0.5,5,pipelined,11,111,0,100,0,0,0,0,0,0,0,1e-05,1e-06,0.0
10,100,0.5,6,pipelined,11,111,0,100,0,0,0,0,0,0,0,1e-05,1e-06,0.0
10,100,0.5,7,pipelined,10,106,0,100,0,0,0,0,0,0,0,1e-05,1e-06,0.0
10,100,0.5,8,pipelined,10,93,0,100,0,0,0,0,0,0,0,1e-05,1e-06,0.0
10,100,0.5,9,pipelined,12,116,0,100,0,0,0,0,0,0,0,1e-05,1e-06,0.0
10,100,2.0,0,pipelined,29,426,0,100,0,0,0,0,0,0,0,1e-05,1e-06,0.0
10,100,2.0,1,pipelined,27,392,0,100,0,0,0,0,0,0,0,1e-05,1e-06,0.0
10,100,2.0,2,pipelined,29,403,0,100,0,0,0,0,0,0,0,1e-05,1e-06,0.0
10,100,2.0,3,pipelined,28,396,0,100,0,0,0,0,0,0,0,1e-05,1e-06,0.0
10,100,2.0,4,pipelined,25,354,0,100,0,0,0,0,0,0,0,1e-05,1e-06,0.0
10,100,2.0,5,pipelined,29,418,0,100,0,0,0,0,0,0,0,1e-05,1e-06,0.0
10,100,2.0,6,pipelined,29,417,0,100,0,0,0,0,0,0,0,1e-05,1e-06,0.0
10,100,2.0,7,pipelined,28,401,0,100,0,0,0,0,0,0,0,1e-05,1e-06,0.0
10,100,2.0,8,pipelined,26,380,0,100,0,0,0,0,0,0,0,1e-05,1e-06,0.0
10,100,2.0,9,pipelined,29,419,0,100,0,0,0,0,0,0,0,1e-05,1e-06,0.0
10,100,3.0,0,pipelined,40,631,0,100,0,0,0,0,0,0,0,1e-05,1e-06,0.0
10,100,3.0,1,pipelined,38,589,0,100,0,0,0,0,0,0,0,1e-05,1e-06,0.0
10,100,3.0,2,pipelined,39,604,0,100,0,0,0,0,0,0,0,1e-05,1e-06,0.0
10,100,3.0,3,pipelined,39,594,0,100,0,0,0,0,0,0,0,1e-05,1e-06,0.0
10,100,3.0,4,pipelined,35,543,0,100,0,0,0,0,0,0,0,1e-05,1e-06,0.0
10,100,3.0,5,pipelined,39,622,0,100,0,0,0,0,0,0,0,1e-05,1e-06,0.0
10,100,3.0,6,pipelined,41,621,0,100,0,0,0,0,0,0,0,1e-05,1e-06,0.0
10,100,3.0,7,pipelined,40,599,0,100,0,0,0,0,0,0,0,1e-05,1e-06,0.0
10,100,3.0,8,pipelined,37,574,0,100,0,0,0,0,0,0,0,1e-05,1e-06,0.0
10,100,3.0,9,pipelined,39,619,0,100,0,0,0,0,0,0,0,1e-05,1e-06,0.0
12,144,0.5,0,pipelined,9,129,0,144,0,0,0,0,0,0,0,1e-05,1e-06,0.0
12,144,0.5,1,pipelined,10,142,0,144,0,0,0,0,0,0,0,1e-05,1e-06,0.0
12,144,0.5,2,pipelined,10,147,0,144,0,0,0,0,0,0,0,1e-05,1e-06,0.0
12,144,0.5,3,pipelined,10,142,0,144,0,0,0,0,0,0,0,1e-05,1e-06,0.0
12,144,0.5,4,pipelined,10,125,0,144,0,0,0,0,0,0,0,1e-05,1e-06,0.0
12,144,0.5,5,pipelined,10,157,0,144,0,0,0,0,0,0,0,1e-05,1e-06,0.0
12,144,0.5,6,pipelined,12,156,0,144,0,0,0,0,0,0,0,1e-05,1e-06,0.0
12,144,0.5,7,pipelined,10,148,0,144,0,0,0,0,0,0,0,1e-05,1e-06,0.0
12,144,0.5,8,pipelined,10,135,0,144,0,0,0,0,0,0,0,1e-05,1e-06,0.0
12,144,0.5,9,pipelined,14,161,0,144,0,0,0,0,0,0,0,1e-05,1e-06,0.0
12,144,2.0,0,pipelined,29,607,0,144,0,0,0,0,0,0,0,1e-05,1e-06,0.0
12,144,2.0,1,pipelined,27,565,0,144,0,0,0,0,0,0,0,1e-05,1e-06,0.0
12,144,2.0,2,pipelined,28,580,0,144,0,0,0,0,0,0,0,1e-05,1e-06,0.0
12,144,2.0,3,pipelined,30,570,0,144,0,0,0,0,0,0,0,1e-05,1e-06,0.0
12,144,2.0,4,pipelined,25,520,0,144,0,0,0,0,0,0,0,1e-05,1e-06,0.0
12,144,2.0,5,pipelined,30,598,0,144,0,0,0,0,0,0,0,1e-05,1e-06,0.0
12,144,2.0,6,pipelined,28,596,0,144,0,0,0,0,0,0,0,1e-05,1e-06,0.0
12,144,2.0,7,pipelined,28,576,0,144,0,0,0,0,0,0,0,1e-05,1e-06,0.0
12,144,2.0,8,pipelined,27,551,0,144,0,0,0,0,0,0,0,1e-05,1e-06,0.0
12,144,2.0,9,pipelined,30,595,0,144,0,0,0,0,0,0,0,1e-05,1e-06,0.0
12,144,3.0,0,pipelined,41,901,0,144,0,0,0,0,0,0,0,1e-05,1e-06,0.0
12,144,3.0,1,pipelined,38,850,0,144,0,0,0,0,0,0,0,1e-05,1e-06,0.0
12,144,3.0,2,pipelined,39,868,0,144,0,0,0,0,0,0,0,1e-05,1e-06,0.0
12,144,3.0,3,pipelined,41,857,0,144,0,0,0,0,0,0,0,1e-05,1e-06,0.0
12,144,3.0,4,pipelined,43,923,0,144,0,0,0,0,0,0,0,1e-05,1e-06,0.0
12,144,3.0,5,pipelined,38,850,0,144,0,0,0,0,0,0,0,1e-05,1e-06,0.0
12,144,3.0,6,pipelined,41,888,0,144,0,0,0,0,0,0,0,1e-05,1e-06,0.0
12,144,3.0,7,pipelined,39,862,0,144,0,0,0,0,0,0,0,1e-05,1e-06,0.0
12,144,3.0,8,pipelined,39,832,0,144,0,0,0,0,0,0,0,1e-05,1e-06,0.0
12,144,3.0,9,pipelined,40,884,0,144,0,0,0,0,0,0,0,1e-05,1e-06,0.0
14,196,0.5,0,pipelined,9,171,0,196,0,0,0,0,0,0,0,1e-05,1e-06,0.0
14,196,0.5,1,pipelined,10,192,0,196,0,0,0,0,0,0,0,1e-05,1e-06,0.0
14,196,0.5,2,pipelined,12,199,0,196,0,0,0,0,0,0,0,1e-05,1e-06,0.0
14,196,0.5,3,pipelined,10,193,0,196,0,0,0,0,0,0,0,1e-05,1e-06,0.0
14,196,0.5,4,pipelined,9,165,0,196,0,0,0,0,0,0,0,1e-05,1e-06,0.0
14,196,0.5,5,pipelined,11,210,0,196,0,0,0,0,0,0,0,1e-05,1e-06,0.0
14,196,0.5,6,pipelined,11,210,0,196,0,0,0,0,0,0,0,1e-05,1e-06,0.0
14,196,0.5,7,pipelined,11,199,0,196,0,0,0,0,0,0,0,1e-05,1e-06,0.0
14,196,0.5,8,pipelined,10,184,0,196,0,0,0,0,0,0,0,1e-05,1e-06,0.0
14,196,0.5,9,pipelined,11,214,0,196,0,0,0,0,0,0,0,1e-05,1e-06,0.0
14,196,2.0,0,pipelined,30,819,0,196,0,0,0,0,0,0,0,1e-05,1e-06,0.0
14,196,2.0,1,pipelined,28,771,0,196,0,0,0,0,0,0,0,1e-05,1e-06,0.0
14,196,2.0,2,pipelined,28,788,0,196,0,0,0,0,0,0,0,1e-05,1e-06,0.0
14,196,2.0,3,pipelined,28,777,0,196,0,0,0,0,0,0,0,1e-05,1e-06,0.0
14,196,2.0,4,pipelined,34,840,0,196,0,0,0,0,0,0,0,1e-05,1e-06,0.0
14,196,2.0,5,pipelined,28,772,0,196,0,0,0,0,0,0,0,1e-05,1e-06,0.0
14,196,2.0,6,pipelined,29,807,0,196,0,0,0,0,0,0,0,1e-05,1e-06,0.0
14,196,2.0,7,pipelined,28,783,0,196,0,0,0,0,0,0,0,1e-05,1e-06,0.0
14,196,2.0,8,pipelined,26,754,0,196,0,0,0,0,0,0,0,1e-05,1e-06,0.0
14,196,2.0,9,pipelined,29,804,0,196,0,0,0,0,0,0,0,1e-05,1e-06,0.0
14,196,3.0,0,pipelined,41,1219,0,196,0,0,0,0,0,0,0,1e-05,1e-06,0.0
14,196,3.0,1,pipelined,38,1159,0,196,0,0,0,0,0,0,0,1e-05,1e-06,0.0
14,196,3.0,2,pipelined,40,1180,0,196,0,0,0,0,0,0,0,1e-05,1e-06,0.0
14,196,3.0,3,pipelined,41,1168,0,196,0,0,0,0,0,0,0,1e-05,1e-06,0.0
14,196,3.0,4,pipelined,42,1243,0,196,0,0,0,0,0,0,0,1e-05,1e-06,0.0
14,196,3.0,5,pipelined,40,1155,0,196,0,0,0,0,0,0,0,1e-05,1e-06,0.0
14,196,3.0,6,pipelined,40,1204,0,196,0,0,0,0,0,0,0,1e-05,1e-06,0.0
14,196,3.0,7,pipelined,41,1173,0,196,0,0,0,0,0,0,0,1e-05,1e-06,0.0
14,196,3.0,8,pipelined,39,1138,0,196,0,0,0,0,0,0,0,1e-05,1e-06,0.0
14,196,3.0,9,pipelined,41,1197,0,196,0,0,0,0,0,0,0,1e-05,1e-06,0.0
16,256,0.5,0,pipelined,13,278,0,256,0,0,0,0,0,0,0,1e-05,1e-06,0.0
16,256,0.5,1,pipelined,11,251,0,256,0,0,0,0,0,0,0,1e-05,1e-06,0.0
16,256,0.5,2,pipelined,12,259,0,256,0,0,0,0,0,0,0,1e-05,1e-06,0.0
16,256,0.5,3,pipelined,11,253,0,256,0,0,0,0,0,0,0,1e-05,1e-06,0.0
16,256,0.5,4,pipelined,9,220,0,256,0,0,0,0,0,0,0,1e-05,1e-06,0.0
16,256,0.5,5,pipelined,11,271,0,256,0,0,0,0,0,0,0,1e-05,1e-06,0.0
16,256,0.5,6,pipelined,11,271,0,256,0,0,0,0,0,0,0,1e-05,1e-06,0.0
16,256,0.5,7,pipelined,11,258,0,256,0,0,0,0,0,0,0,1e-05,1e-06,0.0
16,256,0.5,8,pipelined,10,241,0,256,0,0,0,0,0,0,0,1e-05,1e-06,0.0
16,256,0.5,9,pipelined,11,274,0,256,0,0,0,0,0,0,0,1e-05,1e-06,0.0
16,256,2.0,0,pipelined,30,1064,0,256,0,0,0,0,0,0,0,1e-05,1e-06,0.0
16,256,2.0,1,pipelined,28,1008,0,256,0,0,0,0,0,0,0,1e-05,1e-06,0.0
16,256,2.0,2,pipelined,28,1028,0,256,0,0,0,0,0,0,0,1e-05,1e-06,0.0
16,256,2.0,3,pipelined,29,1016,0,256,0,0,0,0,0,0,0,1e-05,1e-06,0.0
16,256,2.0,4,pipelined,31,1087,0,256,0,0,0,0,0,0,0,1e-05,1e-06,0.0
16,256,2.0,5,pipelined,27,1006,0,256,0,0,0,0,0,0,0,1e-05,1e-06,0.0
16,256,2.0,6,pipelined,29,1050,0,256,0,0,0,0,0,0,0,1e-05,1e-06,0.0
16,256,2.0,7,pipelined,28,1022,0,256,0,0,0,0,0,0,0,1e-05,1e-06,0.0
16,256,2.0,8,pipelined,27,989,0,256,0,0,0,0,0,0,0,1e-05,1e-06,0.0
16,256,2.0,9,pipelined,31,1044,0,256,0,0,0,0,0,0,0,1e-05,1e-06,0.0
16,256,3.0,0,pipelined,43,1585,0,256,0,0,0,0,0,0,0,1e-05,1e-06,0.0
16,256,3.0,1,pipelined,40,1515,0,256,0,0,0,0,0,0,0,1e-05,1e-06,0.0
16,256,3.0,2,pipelined,40,1541,0,256,0,0,0,0,0,0,0,1e-05,1e-06,0.0
16,256,3.0,3,pipelined,40,1526,0,256,0,0,0,0,0,0,0,1e-05,1e-06,0.0
16,256,3.0,4,pipelined,41,1612,0,256,0,0,0,0,0,0,0,1e-05,1e-06,0.0
16,256,3.0,5,pipelined,39,1508,0,256,0,0,0,0,0,0,0,1e-05,1e-06,0.0
16,256,3.0,6,pipelined,41,1568,0,256,0,0,0,0,0,0,0,1e-05,1e-06,0.0
16,256,3.0,7,pipelined,41,1532,0,256,0,0,0,0,0,0,0,1e-05,1e-06,0.0
16,256,3.0,8,pipelined,39,1492,0,256,0,0,0,0,0,0,0,1e-05,1e-06,0.0
16,256,3.0,9,pipelined,40,1557,0,256,0,0,0,0,0,0,0,1e-05,1e-06,0.0
18,324,0.5,0,pipelined,11,348,0,324,0,0,0,0,0,0,0,1e-05,1e-06,0.0
18,324,0.5,1,pipelined,10,318,0,324,0,0,0,0,0,0,0,1e-05,1e-06,0.0
18,324,0.5,2,pipelined,11,327,0,324,0,0,0,0,0,0,0,1e-05,1e-06,0.0
18,324,0.5,3,pipelined,12,320,0,324,0,0,0,0,0,0,0,1e-05,1e-06,0.0
18,324,0.5,4,pipelined,12,283,0,324,0,0,0,0,0,0,0,1e-05,1e-06,0.0
18,324,0.5,5,pipelined,11,341,0,324,0,0,0,0,0,0,0,1e-05,1e-06,0.0
18,324,0.5,6,pipelined,12,340,0,324,0,0,0,0,0,0,0,1e-05,1e-06,0.0
18,324,0.5,7,pipelined,11,325,0,324,0,0,0,0,0,0,0,1e-05,1e-06,0.0
18,324,0.5,8,pipelined,10,307,0,324,0,0,0,0,0,0,0,1e-05,1e-06,0.0
18,324,0.5,9,pipelined,11,343,0,324,0,0,0,0,0,0,0,1e-05,1e-06,0.0
18,324,2.0,0,pipelined,30,1341,0,324,0,0,0,0,0,0,0,1e-05,1e-06,0.0
18,324,2.0,1,pipelined,28,1277,0,324,0,0,0,0,0,0,0,1e-05,1e-06,0.0
18,324,2.0,2,pipelined,29,1300,0,324,0,0,0,0,0,0,0,1e-05,1e-06,0.0
18,324,2.0,3,pipelined,29,1287,0,324,0,0,0,0,0,0,0,1e-05,1e-06,0.0
18,324,2.0,4,pipelined,31,1367,0,324,0,0,0,0,0,0,0,1e-05,1e-06,0.0
18,324,2.0,5,pipelined,28,1272,0,324,0,0,0,0,0,0,0,1e-05,1e-06,0.0
18,324,2.0,6,pipelined,31,1325,0,324,0,0,0,0,0,0,0,1e-05,1e-06,0.0
18,324,2.0,7,pipelined,29,1293,0,324,0,0,0,0,0,0,0,1e-05,1e-06,0.0
18,324,2.0,8,pipelined,28,1256,0,324,0,0,0,0,0,0,0,1e-05,1e-06,0.0
18,324,2.0,9,pipelined,28,1317,0,324,0,0,0,0,0,0,0,1e-05,1e-06,0.0
18,324,3.0,0,pipelined,42,1999,0,324,0,0,0,0,0,0,0,1e-05,1e-06,0.0
18,324,3.0,1,pipelined,39,1920,0,324,0,0,0,0,0,0,0,1e-05,1e-06,0.0
18,324,3.0,2,pipelined,40,1949,0,324,0,0,0,0,0,0,0,1e-05,1e-06,0.0
18,324,3.0,3,pipelined,40,1933,0,324,0,0,0,0,0,0,0,1e-05,1e-06,0.0
18,324,3.0,4,pipelined,44,2029,0,324,0,0,0,0,0,0,0,1e-05,1e-06,0.0
18,324,3.0,5,pipelined,39,1982,0,324,0,0,0,0,0,0,0,1e-05,1e-06,0.0
18,324,3.0,6,pipelined,41,1980,0,324,0,0,0,0,0,0,0,1e-05,1e-06,0.0
18,324,3.0,7,pipelined,40,1939,0,324,0,0,0,0,0,0,0,1e-05,1e-06,0.0
18,324,3.0,8,pipelined,39,1894,0,324,0,0,0,0,0,0,0,1e-05,1e-06,0.0
18,324,3.0,9,pipelined,41,1966,0,324,0,0,0,0,0,0,0,1e-05,1e-06,0.0
20,400,0.5,0,pipelined,11,426,0,400,0,0,0,0,0,0,0,1e-05,1e-06,0.0
20,400,0.5,1,pipelined,11,392,0,400,0,0,0,0,0,0,0,1e-05,1e-06,0.0
20,400,0.5,2,pipelined,10,403,0,400,0,0,0,0,0,0,0,1e-05,1e-06,0.0
20,400,0.5,3,pipelined,11,396,0,400,0,0,0,0,0,0,0,1e-05,1e-06,0.0
20,400,0.5,4,pipelined,12,354,0,400,0,0,0,0,0,0,0,1e-05,1e-06,0.0
20,400,0.5,5,pipelined,11,418,0,400,0,0,0,0,0,0,0,1e-05,1e-06,0.0
20,400,0.5,6,pipelined,13,417,0,400,0,0,0,0,0,0,0,1e-05,1e-06,0.0
20,400,0.5,7,pipelined,11,401,0,400,0,0,0,0,0,0,0,1e-05,1e-06,0.0
20,400,0.5,8,pipelined,10,380,0,400,0,0,0,0,0,0,0,1e-05,1e-06,0.0
20,400,0.5,9,pipelined,10,419,0,400,0,0,0,0,0,0,0,1e-05,1e-06,0.0
20,400,2.0,0,pipelined,30,1650,0,400,0,0,0,0,0,0,0,1e-05,1e-06,0.0
20,400,2.0,1,pipelined,30,1579,0,400,0,0,0,0,0,0,0,1e-05,1e-06,0.0
20,400,2.0,2,pipelined,30,1605,0,400,0,0,0,0,0,0,0,1e-05,1e-06,0.0
20,400,2.0,3,pipelined,31,1590,0,400,0,0,0,0,0,0,0,1e-05,1e-06,0.0
20,400,2.0,4,pipelined,31,1678,0,400,0,0,0,0,0,0,0,1e-05,1e-06,0.0
20,400,2.0,5,pipelined,29,1571,0,400,0,0,0,0,0,0,0,1e-05,1e-06,0.0
20,400,2.0,6,pipelined,30,1632,0,400,0,0,0,0,0,0,0,1e-05,1e-06,0.0
20,400,2.0,7,pipelined,28,1596,0,400,0,0,0,0,0,0,0,1e-05,1e-06,0.0
20,400,2.0,8,pipelined,27,1555,0,400,0,0,0,0,0,0,0,1e-05,1e-06,0.0
20,400,2.0,9,pipelined,32,1621,0,400,0,0,0,0,0,0,0,1e-05,1e-06,0.0
20,400,3.0,0,pipelined,41,2460,0,400,0,0,0,0,0,0,0,1e-05,1e-06,0.0
20,400,3.0,1,pipelined,40,2373,0,400,0,0,0,0,0,0,0,1e-05,1e-06,0.0
20,400,3.0,2,pipelined,42,2406,0,400,0,0,0,0,0,0,0,1e-05,1e-06,0.0
20,400,3.0,3,pipelined,42,2388,0,400,0,0,0,0,0,0,0,1e-05,1e-06,0.0
20,400,3.0,4,pipelined,43,2494,0,400,0,0,0,0,0,0,0,1e-05,1e-06,0.0
20,400,3.0,5,pipelined,41,2442,0,400,0,0,0,0,0,0,0,1e-05,1e-06,0.0
20,400,3.0,6,pipelined,41,2439,0,400,0,0,0,0,0,0,0,1e-05,1e-06,0.0
20,400,3.0,7,pipelined,39,2395,0,400,0,0,0,0,0,0,0,1e-05,1e-06,0.0
20,400,3.0,8,pipelined,38,2344,0,400,0,0,0,0,0,0,0,1e-05,1e-06,0.0
20,400,3.0,9,pipelined,40,2423,0,400,0,0,0,0,0,0,0,1e-05,1e-06,0.0
